texto_limpo,label
amapá recebe mil ampliar atendimentos saúde mental sus,1.0
dia jejum evangélicos fazem oração bolsonaro alvorada,1.0
festival sundance menos dias menos filmes menos gente,1.0
ministro saúde nelson teich nega convite diz coerente aceitar conselheiro pasta,1.0
anistia aponta marcado retrocessos direitos humanos brasil,1.0
justiça tranca investigação felipe neto chamar bolsonaro genocida,1.0
mwm honda oréal fecham fábricas argentina vão investir brasil boato,0.0
fake filha che guevara comandou médicos,0.0
fake termo black friday surgiu alusão liquidação escravos,0.0
coronavírus sabe sobre efeitos tipos sanguíneos casos graves covid,1.0
vídeo veículos militares tombados retirado contexto desqualificar desfile marinha brasília,0.0
prefeitura rio vacina pessoas anos próxima semana,1.0
fake deputada flordelis votou manutenção prisão daniel silveira,0.0
presidente insper governo preocupado salvar acionistas crise,1.0
ramagem diz sindicância abin conclui confecção relatório falso sobre flávio bolsonaro,1.0
tcu vai apurar governo federal omisso apagão amapá,1.0
governadores consultam china pedem material tratar covid,1.0
edir macedo sofrer acidentar caminhar inauguração templo juquitiba,0.0
orçamento põe bolsonaro sob risco perder base congresso guedes,1.0
sacar fgts perde direito sacar caso demissão boato,0.0
obama diz trump ameaça democracia falhas mataram mil eua,1.0
fake bilionário sido flagrado foto urinando morador rua,0.0
instituto rio branco mudou nome instituto che guevara virou esquerdista boato,0.0
fake vídeo mostra água torneira teste rápido covid revele ineficácia dispositivo,0.0
cidade prefeito coronavírus espera horas upa,1.0
europa ultrapassa marca mil mortos covid aponta universidade,1.0
joice hasselmann feriu acidente após dirigir bêbada balada,0.0
saúde autoriza leitos uti covid paulo,1.0
bolsonaro participa nesta quinta cúpula mercosul reunião vídeo primeira vez,1.0
vídeo viralizado omite tema abordado lula criação frente ampla,0.0
vídeo deturpa dados sobre atuação governo preservação amazônia,0.0
coronavírus brasil mortes confirmadas passa mil casos,1.0
animais morreram excesso desinfetantes contra covid china,1.0
daniel azulay morre anos artista tratava câncer contraiu covid,1.0
descobre sara winter feminista petista disfarçada ativista pró bolsonaro boato,0.0
ministério saúde diz ter proposto confisco requerimento vacinas adquiridas estados,1.0
covid periferia expõe faceta desigualdade dizem médicos,1.0
meio ambiente bolsonaro diz brasil orgulho preservar amazônia,1.0
mec esclarece congresso quais ações tomadas educação durante pandemia,1.0
elogiar empresa chinesa mourão atacado bolsonaristas,1.0
conselho tutelar pede pais parem deixar filhos conhecidos lista dicas segurança boato,0.0
saiba definir página inicial navegador,1.0
meio pandemia academias militares mantêm alunos internados,1.0
exame brasileiro vindo itália atesta positivo coronavírus,1.0
polícia federal diz poderá identificar origem fake news eleições,1.0
presidente cpi covid omar aziz diz comissão dará pizza,1.0
sadio mané diz quer ferraris aviões doa euros mês pessoas senegal boato,0.0
cerimônia posse bolsonaro custar dobrar anterior,0.0
fake padre fábio melo fez texto sobre massacre suzano dizendo armas matam,0.0
menina hindu queimada madhya pradesh ter ido culto cristão boato,0.0
covid texto engana ignorar ineficiência ações apoiadas bolsonaro,0.0
fake milhões fizeram inscrição receber auxílio emergencial governo federal,0.0
foto hitler segurar umar bíblia verdadeiro falso,0.0
toque recolher melhor ação rápida tratamento longo diz rui costa,1.0
revisão estudo publicado site garante eficácia hidroxicloroquina tratamento preventivo contra covid,0.0
cpi covid senado investigará união repasses estados municípios,1.0
vacinados têm três vezes chances morrer variante delta covid boato,0.0
casos coronavírus paraíba julho,1.0
primeira turma stf condena deputado éder mauro pagar salários mínimos jean wyllys difamação,1.0
emendas cargos ministérios promessas candidatos presidência câmara,1.0
médico goiás admite matando pacientes esquerdistas boato,0.0
quintero river plate diz conhecia flamengo grêmio tradição boato,0.0
holanda sacrificará mil galinhas após casos gripe aviária,1.0
brasil vota contra resolução oms pede garantia saúde palestinos,1.0
nanochip passa agulha seringa carrega vírus dizem especialistas,0.0
apoiadores bolsonaro fizeram ato contra alexandre moraes transferidos presídio,1.0
ivermectina mata covid dois dias dose única boato,0.0
espaço volta fred felippe cardoso deve deixar fluminense,1.0
nega ação política prisão crivella veja dizem especialistas,1.0
ministro encontra representantes onu reforça compromisso vacinação indígenas,1.0
bolsonaro acabou revelar esquema josé dirceu stf cia disse ganhou turno tse anulou milhões votos boato,0.0
coloração fios casa rodrigo cintra dicas errar,1.0
polícia reino unido usa drones alertar fura quarentena,1.0
após exoneração pazuello saúde oficializa primeira saída militar,1.0
prefeituras têm dias informar medidas contra fura filas vacina,1.0
saúde reforça assistência indígenas durante pandemia coronavírus,1.0
bolsonaro reforça campanha contra vacina covid,1.0
fake primeira dama espírito santo curou covid protocolo cloroquina,0.0
base senado tenta deixar cpi covid suspensa articula contra barroso,1.0
presidente stf dias toffoli sofre acidente doméstico internado hospital,1.0
ministro educação fala sobre homossexualidade tirada contexto,1.0
coronavírus deu rumo brasil rumo crise,1.0
especialistas brasil vive apagão dados sobre covid,1.0
pedra gelo gigante durante chuva granizo andradas boato,0.0
bolsonaro condecorou professora heley abreu heroína nacional boato,0.0
países violaram direitos humanos pandemia,1.0
menino perdeu pernas após torturado pais inspira projeto lei reino unido,1.0
faber castell caixa lápis cor livro colorir jardim secreto site whatsapp boato,0.0
foto evacuação hospital após incêndio viraliza contexto,0.0
bolsonaro considera bons tempos menores podiam trabalhar,1.0
fake imagens mostrem lula bêbado agradecendo decisão fachin anular condenações,0.0
queiroga frança vão reunir embaixador china após falas bolsonaro contra país,1.0
eduardo bolsonaro invoca brizola pedir auditoria existente urnas,1.0
oms potencial eua tornem novo epicentro coronavírus,1.0
cena manequins sacos mostra mortos fraudemia bastidores clipe russo,0.0
agência europeia medicamentos aprova uso emergencial vacina moderna contra covid,1.0
fake texto anuncia mil demissões fechamento agências correios,0.0
fake mensagem fala cidades país eleições anuladas fraude urnas,0.0
fake fotos revelem projeto secreto aviões espalham produtos químicos nocivos saúde,0.0
joão doria participa festa araçatuba durante quarentena coronavírus boato,0.0
carnaval paulo adiado devido pandemia covid,1.0
fake vídeos mostrem filha julia roberts cantando música trilha filme atriz garota ipanema,0.0
walter braga neto secretário moro manda recado deputados sobre lei abuso autoridade boato,0.0
policial condenado morte george floyd,1.0
justiça manda união dar bebê ter remédio caro mundo,1.0
justiça decide padre robson inocente acusações desvios afipe boato,0.0
mortes coronavírus aumentam rússia putin pede exames,1.0
brasileiros navio tentam voltar casa medo ficar deriva,1.0
coronavírus justiça manda bancos suspenderem cobrança empréstimos aposentados,1.0
pesquisa cidade méxico capaz provar redução internações covid ivermectina,0.0
senado despeja gabinetes partidos após revelação prática irregular,1.0
pandemia platô inaceitavelmente alto casos mortes diz chefe oms,1.0
stj suspende ação penal contra presidente temer lavagem dinheiro,1.0
verdade kid bengala abandonar filme adulto parir virar evangélico,0.0
rhp real hospital português recife escreve texto sobre covid alimentos alcalinos boato,0.0
roupa gotinha comparada klux klan assunto vira meme,1.0
ministério saúde libera leitos suporte ventilatório pulmonar,1.0
ranking usado bolsonaro representa realidade imunização país,0.0
trump vai acionar ordem executiva derrubar comunicação decretar lei marcial manter poder boato,0.0
stj confirma afastamento witzel governo rio,1.0
adversários disputa presidência senado simone pacheco votam maneira semelhante,1.0
felipe titto produz máscaras faz ação fãs doação pandemia,1.0
suspende envio mil doses vacinas falta planejamento,1.0
brigadista icmbio flagrar incendiar formar criminoso pantanal,0.0
ambev férias coletivas fabricação cerveja causa novo coronavírus boato,0.0
criador álcool gel brasil vítima gestão ruim bolsonaro,1.0
denúncia mpf contra glenn greenwald repercussão,1.0
prefeito curitiba diz mandou fechar nada assim cidade zero mortes boato,0.0
coronavírus brasil sequencia genoma vírus menos reino unido desconhece mutações covid circulação,1.0
ataque hackers sistema tse afeta segurança eleição dizem especialistas barroso,0.0
vagas emprego unimed compartilhar link whatsapp boato,0.0
líbano bolsonaro diz brasileiros feridos graves governo oferecerá ajuda,1.0
vou sair brasília menos vez semana diz bolsonaro inauguração,1.0
bolsonaro dias explicar quiser fala sobre uso forças armadas,1.0
coronavírus últimas notícias sabe sexta feira,1.0
kassio marques apoio maioria comissão senado,1.0
pazuello diz comprará vacinas pfizer janssen congresso flexibilizar questão responsabilização,1.0
fake senador fabiano contarato rede defendeu anulação todos julgamentos lava jato,0.0
cristiano ronaldo afasta copo lula diz bolsonaro melhor presidente boato,0.0
manifestação bolsonarista pedir pelar cobrança iptu luzir mendigo,0.0
clarissa garotinho vai assessora wilson witzel governo rio boato,0.0
fake joão deus disse ministros stf pediam dinheiro garotas lugares secretos,0.0
fake uso máscara proteção faça mal saúde tornando sangue ácido,0.0
british airways faliu vai fechar funcionários gravaram vídeo despedida boato,0.0
fake ministra damares pode ter descoberto casos pedofilia envolvendo urubus capa,0.0
registro trump disse imprensa brasileira teme candidatura militar,0.0
fake vídeo mostre saques supermercados lojas vicente meio pandemia coronavírus,0.0
começou votação impeachment bolsonaro divulgando grupos esquerda boato,0.0
metade aderiu outra brincando assunto diz juiz lockdown,1.0
ministra damares alves cancela pagamento anistiados boato,0.0
fake imagem mostra anúncio fechamento supermercados rio,0.0
procurador desculpa academia durante reabertura,1.0
avenida niemeyer rio condenada causa pedras encosta boato,0.0
crise sanitária pode empurrar milhões crianças pobreza,1.0
comissão decide ouvir wajngarten antes cpi,1.0
fake fernando haddad fez festa aniversário vários convidados meio quarentena,0.0
fake imagem caixas cédulas prove fraude eleições eua,0.0
paulo sustenta taxa isolamento reabertura,1.0
venezuela nova cuba após divulgação regras nova constituinte boato,0.0
paulo mortes covid registra novo recorde,1.0
jogadores contrários retorno treinos grupos inglaterra,1.0
dia mil franceses baixam aplicativo rastrear novo coronavírus,1.0
cnmp rejeita suspender recomendação aras sobre fiscalização governo,1.0
hospital lucas zera leitos uti profissionais saúde cantam louvor cristão boato,0.0
deve assustado queda diz frança sobre russomanno datafolha,1.0
rui costa inaugura posto saúde bahia manda retirar equipamentos boato,0.0
usada desde brasil urna eletrônica nunca comprovação fraude,0.0
empresa bill gates dona patente novo coronavírus boato,0.0
cão espera dono internado covid meses porta casa itália,1.0
luxemburgo alerta sobre terrível covid pede facilitem,1.0
candidatos prefeito vice prefeito vereador declaram ter bilhão dinheiro vivo,1.0
morre pai márcio garcia complicações covid,1.0
fake bolsonaro obrigou inscrição cpf apostas mega sena,0.0
fato fake mil checagens ano,0.0
jovem adventista josé rio preto gravou vídeo pregação dias antes morrer covid boato,0.0
senado recebe ataque boçal dias homens bolsonaro,1.0
bolsonaro abraça pessoas posa fotos padaria brasília,1.0
critiquei duramente invasão gabinete líder bolsonaro senado,1.0
ilustração frase lula sobre gripe cabra macho metáfora crise financeira,0.0
aílton revela cobrança flu intervalo gente precisava jogar,1.0
fabricante coronavac recebe meio bilhão dólares dobrar produção vacina,1.0
leonardo dicaprio acusado corrupção pode perder cargo onu boato,0.0
falso joão doria tomou vacina chinesa contra covid,0.0
eua chegam mil mortes coronavírus aponta balanço johns hopkins,1.0
áfrica sul passa mil casos revisa medidas restritivas,1.0
kiwi testa positivo covid prova pandemia farsa boato,0.0
identificava jornalista ninguém ouvia diz fotógrafo agredido,1.0
lula atingido chuva ovos após sair prisão curitiba boato,0.0
doação filhotes bull terrier husky siberiano whatsapp facebook boato,0.0
bolsonaro reclama pecha genocida mil razões discordar,1.0
desgaste sofrido planalto afeta disputa câmara,1.0
amazonas recebe mil doses vacina butantan sinovac neste domingo,1.0
recém nomeados médicos vacinados primeiro dia imunização manaus,0.0
ministro stf decide verba candidatura negros vale,1.0
fake teste manda prender respiração pessoa certificar covid,0.0
damares alves descobre ministros stf envolvidos casos pedofilia boato,0.0
outras perguntas fazer presidente,1.0
nova regra facebook sobre fotos política privacidade começa amanhã boato,0.0
bolsonaro presença confirmada fórum econômico mundial,0.0
risco complicações após cirurgia bariátrica,1.0
vacina indiana contra covid alvo rede privada brasil covaxin gera críticas aprovação apressada,1.0
fhc primeiro receber bolsa ditadura benefício criou boato,0.0
fake vídeo mostre biden assinando papéis branco logo após posse eua,0.0
fake promotor mandou prender menina atirou garimpeiro,0.0
edifício burj khalifa alto mundo iluminado bandeira israel montagem,0.0
embraer faz propaganda pedindo mudanças brasil criticando impostos boato,0.0
mulher cortar pato cachorro facão espancar popular,0.0
capítulos queda braço sobre exames covid bolsonaro,1.0
fernanda torres disse torce coronavírus mate muitos brasileiros boato,0.0
bolsonaro veta indenização mil profissionais saúde incapacitados coronavírus,1.0
mpf pede justiça afaste ricardo salles meio ambiente,1.0
governo fecha diz ambientalista sobre exclusão sociedade fundo ambiental,1.0
schelp correto apuração independente chacina polícia rio,1.0
geddel absolvido caso malas dinheiro falta provas boato,0.0
sikêra júnior diz pediu morrer contraiu coronavírus,1.0
veja frases pazuello bolsonaro durante anúncio plano nacional vacinação contra covid,1.0
rio lote vacina aplicado grupos prioritários,1.0
toffoli glenn greenwald david miranda flagrados conversando restaurante boato,0.0
lojas carrefour ficaram temporariamente fechadas respeito morte cliente espancado,0.0
eleição bolsonaro colocou brasil lista ditaduras onu,0.0
comitiva governar federal reunir fundir investimento george soro,0.0
enge construtora contrata profissionais trabalhar boato,0.0
hackers invadem transmissão pré candidata psol prefeitura rio,1.0
covid justiça determina plano saúde pode limitar internação,1.0
oab entrou processo licenciamento anual taxa grt cair boato,0.0
desembargador advogados acionaram forças armadas contra stf governadores,0.0
ministério saúde cadastra médicos veterinários categorias combater coronavírus,1.0
falso urnas adulteradas encontradas fortaleza,0.0
bolsonaro reforça apoio crivella erra associar paes psol,1.0
fake eua china consideram cloroquina eficiente curar covid,0.0
mulheres precisam preliminares opiniões sexóloga critica pressa busca orgasmo feminino,1.0
foto publicada anos postada ato pró voto impresso,0.0
trump diz vacina novo coronavírus virá rapidamente risco eua ainda baixo,1.0
deputado paulo pimenta chama nordestinos porcos post facebook boato,0.0
marcelo freixo reclama prisão suspeito morte casa vídeo boato,0.0
fake anatel dado internet população causa coronavírus,0.0
senador substituiu juíza selma moro saias covid,1.0
jogos público custarão clubes alemães aponta relatório,1.0
secretário saúde paulo diz chegamos pico recomenda tratamento precoce fala sobre covid boato,0.0
fake imagem mostra crianças famintas observando ativista greta thunberg fazer refeição trem,0.0
pazuello inocente generais envergonhados capitão feliz segue procissão,1.0
outra pandemia outro vírus diz secretário citar utis,1.0
frança aprova liberação aborto nove meses gravidez boato,0.0
doar faz bem próximo fim ano chega hora desapegar,1.0
publicações utilizam dados parciais mortes registradas julho,0.0
post deputado apresenta dados enganosos sobre número mortes outras doenças pandemia,0.0
ricardo barros repercussão ideia assembleia constituinte boa,1.0
ministro saúde francês pede revisão uso cloroquina contra covid,1.0
fake mensagem atribuída secretaria saúde formulário controle boleto vacinação contra covid,0.0
deputado sugere receber bala presos ganharem indulto natal,1.0
itália decidiu prestar atendimento idosos anos coronavírus boato,0.0
argentina proíbe demissões dias devido pandemia coronavírus,1.0
embaixador china diz dilma cedeu costa brasileira pesca chinesa anos boato,0.0
estampa vestido melania trump obra estudantes vítimas abuso sexual,0.0
bolsonaro pede eleitores ignorem partidos vermelhos anti brasileiros boato,0.0
toffoli suspende investigações lava jato sobre senador josé serra,1.0
estudo levou estados municípios deixarem receitar cloroquina,0.0
stf declara inconstitucional impressão voto urna eletrônica,1.0
gene kelly inspirou frevo recife criar cantando chuva boato,0.0
flávio empresário apontou fraude fiscal loja diz ter sido ameaçado,1.0
frase sobrar coronavírus publicar pelar cantor gospel fabiano anastácio,0.0
dirigir máscara vai levar multa três pontos carteira boato,0.0
fake documento apontado sigiloso pauta globo sobre cobertura pandemia,0.0
exaltar governo bolsonaro vídeo ignora resultado transposição obra diversas gestões,0.0
léo magalhães comprou direitos autorais música caneta azul mil boato,0.0
prevê vacina oxford contra covid disponível novembro,1.0
diretor butantan preocupa logística vacina contra covid,1.0
falso família ciro provocado atraso transposição,0.0
carla bruni fala sobre mulheres anos entrevista veja boato,0.0
bolsonaro volta distorcer oms alvo panelaços pedidos renúncia,1.0
fake vídeo mostre criança colocando fogo supermercado atacadista campo grande,0.0
sawabona quer dizer respeito valorizo,1.0
ministros stf vão fugir europa semana setembro boato,0.0
fake glenn greenwald internado pressas após infarto rio,0.0
onu critica aumento censura china outros países ásia pandemia,1.0
montanha dinheiro bilhões governo recuperou corrupção exposta boato,0.0
vídeo mostra lula glenn greenwald combinando reportagem intercept contra moro boato,0.0
bolsonaro anuncia indicação general silva luna presidir petrobras,1.0
homem levar umar surrar bar parar cantar músico caneta azul,0.0
bolsonaro desenvolver umar vacinar segredar pazuello fundação fiocruz,0.0
mares tranquilos porque vídeos divulgados redes sociais incandescem diz mourão,1.0
fake nóis história vacinas fake news envolvendo imunização,0.0
fim casamento homossexual decretado tribunal estrasburgo boato,0.0
analisar notícia falso fraudar eleição eua,0.0
pior momento pandemia mourão diz condições realização cultos,1.0
irmão adélio bispo posa foto junto lula boato,0.0
anvisa aprovou falsas vacinas devemos voltar ruas máscaras boato,0.0
covid conselho enfermagem alerta cuidados luvas vacinar,1.0
fake estudo universidade stanford indicou máscaras ineficazes contra covid,0.0
pcc anuncia toque recolher partir sábado paulo boato,0.0
bolsonaro mente vez agora sobre fundeb,1.0
havan dando milhares vales compra comemoração aniversário boato,0.0
bndes encerra programa segurança presos pcc fogem paraguai,1.0
médico conselheiro casa branca diz novo vírus descoberto china ameaça imediata preciso ficar olho,1.0
cortella escreve texto vai andando xícara café boato,0.0
covid pode causar inflamação canal ligado testículos diz estudo brasileiro,1.0
ludhmila diz passou andar carro blindado segurança após ameaças,1.0
vezes políticos ignoraram orientações contra covid turno,1.0
mpe questiona doria covas sobre motivos adotarem lockdown total,1.0
rodrigo pacheco presidente senado acatou projeto voto impresso colocou votação boato,0.0
nuvem formato caveira visto céu califórnio eua,0.0
verdade russo umar árvore crescer pulmão,0.0
força aérea italiana apresenta praia itália som pavarotti boato,0.0
margaret thatcher esquerdista incompetente fracassar,0.0
câmara aprova texto base medida provisória prorroga contratos incra,1.0
surfista ítalo ferreira disse new york times maior prêmio ver lula cadeia,0.0
candidatas saem derrotadas turno capital prefeita,1.0
filme sobre pandemia poderá iniciar gravações causa pandemia,1.0
salles investigação começou eua ibama deu aula,1.0
grafeno vendido preço banana china deixa carro prova balas boato,0.0
blogueira relata ataques rede social após vídeo sobre bolsonaro,1.0
acionou justiça impedir bolsonaro combater seca nordeste,0.0
filha vladimir putin morre após tomar vacina russa contra covid boato,0.0
fake justiça eleitoral indeferiu candidatura vantoil martins prefeitura iguaba grande rio,0.0
câmara aprova libera repasse bilhões estados municípios,1.0
merck vai ajudar produzir vacina contra covid johnson johnson,1.0
suécia converte comissários bordo auxiliares enfermagem enfrentar coronavírus,1.0
bolsonaro desmoralizando democracia preparada diz ciro,1.0
experimento kiwi prova testes antígenos inválidos,0.0
salles discutiu semana passada legalização garimpos áreas protegidas,1.0
sinais fome sente emocional,1.0
casos caírem israel abro cidade amanhã diz kalil,1.0
bolsonaro gastou milhões leite condensado milhões chicletes cartão corporativo boato,0.0
barroso instituições funcionando retórica bolsonaro impressiona,1.0
covid governo zera imposto importação sobre medicamentos testes,1.0
cloroquina supera cuidados básicos contra covid afirma estudo,1.0
maria rosário perde dentadura durante votação reforma previdência câmara boato,0.0
casos coronavírus brasil abril,1.0
câmara aprova texto principal projeto flexibiliza licenciamento ambiental,1.0
boulos perde prefeitura covas desempenho gosto vitória,1.0
bolsonaro omite dados sobre covaxin usa distorções atacar coronavac,0.0
pandemia aumenta risco morte doenças transmitidas mosquitos diz opas,1.0
fake casos doença causada consumo tucunaré brasil,0.0
lei prevê prisão policiais fecharem comércio agirem favor lockdown boato,0.0
nestlé doar caixa leite condensar parir forçar armar,0.0
defende candidata paulo fique inelegível após rachadinha,1.0
recebeu governo federal combater pandemia,0.0
lira irrita deputado encerra sessão votava apoio setor eventos,1.0
ministério educação anuncia fim concursos públicos professores boato,0.0
covid arthur weintraub insinua fraude sobre mortes dado desatualizado,1.0
meteoro pode atingir terra destruir vida humana outubro boato,0.0
comissão senado confirma médico militar comando anvisa,1.0
diamante duas toneladas meia encontrado ong amazônia boato,0.0
magazine luiza faz doação geladeiras post foto facebook boato,0.0
fake vídeo mãe usa filha furtar bolsa shopping sido gravado rio,0.0
fake áudio incita golpe militar gravado ministra damares,0.0
aras apura pazuello cometeu falsidade ideológica uso documento nomes cientistas negaram autoria,1.0
benjamin netanyahu disse hezbollah escondeu mísseis porto beirute líbano boato,0.0
apreensão drogas aumentou durante pandemia diz polícia,1.0
alvo bolsonaro noruega subiu quota caça baleias explora petróleo,0.0
falso filho caçula bolsonaro cargo secretaria cultura,0.0
epidemiologista diz politização vacina confunde população,1.0
vídeo mostra chuva apagando incêndios pantanal hoje setembro boato,0.0
fake governo negou vacinas bauru prefeita obteve doses após reunião bolsonaro,0.0
pgr pede stf inquérito sobre pazuello primeira instância,1.0
falso governo bolsonaro feito nordeste colher trigo primeira vez,0.0
brasil mantém suspeitos coronavírus novos laboratórios farão exames,1.0
palácio planalto alvo vandalismo tinta vermelha,1.0
fake foto mostre weintraub avião pedindo silêncio após demissão saída brasil,0.0
enfermeira mônica calazans havia sido vacinada contra covid boato,0.0
fake tomar própolis repele mosquito febre amarela,0.0
vacinas chegaram testes imunização população,0.0
bolsonaro mostrar cicatriz sbt acabar mostrar pênis redar nacional,0.0
polícia federal amazonas desenterrou caixões cheios pedras,0.0
kassio votou contra deportação battisti diz bolsonaro,1.0
criança encontrada cascavel procura família compartilhe foto boato,0.0
pessoas vacinaram contra covid podem sim doar sangue cruz vermelha eua,0.0
frança mantém restaurantes estações esqui fechados batalha contra covid,1.0
fake homem fumando armado vídeo neto neguinho beija flor,0.0
ministério justiça exonera missionário causou polêmica funai,1.0
havan dando cestas básicas causa coronavírus compartilhar link whatsapp boato,0.0
demissões ernesto azevedo silva bolsonaro mexeu metade ministérios dois anos mandato saiba saiu,1.0
polícia chegou paradeiro queiroz atibaia partir dica celular apreendido,1.0
índices acionários china fecham alta expectativa sobre vacina recuperação econômica,1.0
ovni vestir lançamento foguete nasa,0.0
fake stf autorizou monitoramento whatsapp todos brasileiros,0.0
reportagem uol sobre dossiê antifascista recebe prêmio patrícia acioli,1.0
carlos slim determinou globo pare perseguir bolsonaro boato,0.0
fotos protestos antigos voltam circular após atos pró bolsonaro março,0.0
cachorrinho guia viagens virtuais fofo vai ter,1.0
fake homem fez papel diabo desfile gaviões fiel morreu carbonizado,0.0
paes fala escalonamento evitar aglomeração transportes rio,1.0
foto mostra bandidos mortos jacarezinho hora prisão boato,0.0
datas vacinação pessoas anos divulgadas boato,0.0
fake ozonioterapia mata novo coronavírus,0.0
eua pagam quase bilhões dólares garantem compra todas doses potencial vacina pfizer biontech afirmam empresas,1.0
ministra damares cancelou pagamento anistiados políticos,0.0
doses altas ivermectina podem provocar convulsão,0.0
donald trump presidente eua volta futuro boato,0.0
fake imagem mostre ministra holanda trabalhe gari duas horas dia antes escritório,0.0
atenderia telefone diz nicolelis convidado ministro,1.0
carro lapada traficante vir espancar sair quarentenar comunidade acari,0.0
transmissão covid cai metade apenas dose vacinas pfizer oxford diz estudo inglês,1.0
fake senado italiano aprovou tratamento precoce contra covid,0.0
facebook acesso todos dados conta bancária boato,0.0
ricardo barros deveria rebatizado dilmo,1.0
guarda municipal acaba festa cerca pessoas interior,1.0
coronavírus meio pandemia fome ameaça maior favela paulo,1.0
verdade eleitor levar suar caneta votar,0.0
fake corte universidades ocorreu porque instituições comprovaram destino recursos,0.0
covas sobre vice ricardo nunes boto mão fogo,1.0
vídeo novembro jornalista mariana gross circula atual,0.0
fake cálculo diz índice eficácia coronavac inferior,0.0
coronavírus levou quase mil pedir auxílio doença,1.0
unanimidade stf determina mudanças política segurança pública rio,1.0
hackers invadir site xvideos filmar usuário suar webcams,0.0
primeira dose vacina rio aplicada hoje diante cristo redentor,1.0
fake governador ceará usa palavras chulas referir decreto isolamento social vídeo,0.0
bolsonaro ordenar exército terminar pavimentação transamazônica,0.0
bell marques fala sobre coronavírus rui costa políticos china durante carnaval boato,0.0
médica nise yamaguchi comunidade científica conspira contra vida,1.0
tubaína gíria referente tortura afogamento cunhada brasil colônia usada ditadura boato,0.0
fake fotos vídeos mostrem produtos mofados shopping paulo durante quarentena,0.0
coronavírus mil pessoas curadas brasil,1.0
vídeo mostra queima controlada feita ibama incêndio provocado culpar presidente,0.0
revista virologia afirma novo coronavírus ácido devemos comer alimentos alcalinos boato,0.0
maia criou lei impedir bolsonaro indicar ministros stf,0.0
brf copacol fazem aniversário dão prêmios whatsapp boato,0.0
vídeo bolsonaro curso exalta violência anterior presidência,0.0
sus continuaria gratuito privatização ubs diz secretária,1.0
após ataques bolsonaro maia divulga ações congresso combate covid,1.0
japão formaliza novo sistema educacional cinco disciplinas patriotismo boato,0.0
enganoso vídeo denuncia suposta fraude urnas joão pessoa,0.0
foto obra postada governo bolsonaro anos lula,0.0
pesquisadores ufrj recomendam lockdown evitar colapso saúde,1.0
hospitais têm estoque kit intubação cinco dias diz estudo,1.0
governo nigéria anuncia suspensão twitter tempo indeterminado,1.0
frança mortes covid eleva total,1.0
petra acerta comparar polícias eua patina sobre amazônia,0.0
secretário saúde escreve mensagem chegamos pico covid boato,0.0
nebulização hidroxicloroquina eficácia comprovada tratamento covid,0.0
comissão pode recomendar tornado público dossiê sobre opositores governo diz trad,1.0
covid brasil registra novas mortes total ultrapassa mil,1.0
lula virou pastor evangélico vai inaugurar igreja brasil boato,0.0
universidade yale publicou estudo ontem hidroxicloroquina nível evidência tratamento covid boato,0.0
covid ministério saúde sabe quantos testes feitos país,1.0
carrefour porto alegre fechou portas demitiu todos funcionários boato,0.0
fim distração novo painel carro adivinha motorista quer,1.0
ter dados raciais covid melhora enfrentamento doença,1.0
lula expulsou jornalista americano pedido chegou feito,0.0
cidade usada exemplo bolsonaro vive auge covid mortos,1.0
papa diz necessário líder mundial humanidade boato,0.0
empresa lança limão vem cachaça dentro boato,0.0
fake nóis surgir disco voador,0.0
acordo prevê fábrica mosquito combate dengue brumadinho,1.0
caracas sugere calmante ernesto brasil venezuela trocam provocações,1.0
tcu aponta omissões graves pazuello gestão pandemia sugere punição,1.0
versão gay santa ceia camarim fábio porchat globo boato,0.0
paulo guedes vira réu processo tcu fraudes bilionárias boato,0.0
coronavírus decreto bolsonaro amplia lista serviços essenciais podem funcionar,1.0
paulo volta fase vermelha dia veja funciona domingo,1.0
teste covid utiliza cotonete causa danos cérebro porque atinge barreira sangue cerebral boato,0.0
aparelhamento conselho drogas falso atas mostram opiniões diversas,0.0
foto médicos ajudam combate coronavírus viraliza redes,1.0
covid assintomáticos têm carga viral coronavírus tão alta quanto pacientes sintomas diz estudo,1.0
candidata vereadora maranhão presa após oferecer troca votos boato,0.0
início carnaval ainda havia casos registrados covid brasil,0.0
foto ciclovia construída circula contexto promover tarcísio gomes freitas,0.0
facebook restaurou post sobre hidroxicloroquina mantém política contra desinformação contra covid,0.0
alemanha lançará estudo sobre magnitude imunidade coronavírus,1.0
doria diz greve metroviários inoportuna inadequada,1.0
camelô vender vacinar covid rir janeiro,0.0
após governo editar nova portaria sobre aborto caso estupro stf retira ações julgamento,1.0
bolo feito turquia conter comprimir causar paralisia,0.0
forças armadas milícias facção partidária diz gilmar mendes,1.0
hospital servidor inicia vacinação contra gripe drive thru,1.0
verdade vacina contra covid cause câncer danos genéticos homossexualismo,0.0
jornalista carolina brígido nova colunista uol,1.0
ministério marinho campeão emendas chamado tratoraço,1.0
respiridina casca laranja cura coronavírus bactéria boato,0.0
governo iminência fechar novo acordo milhões doses pfizer diz queiroga,1.0
joe biden casou babá filha vive reabilitação filho hunter abusou sobrinha boato,0.0
grupo leva planalto banner pergunta irritou bolsonaro,1.0
michelle bolsonaro lista propina governador pezão boato,0.0
fake foto mostra cartaz playstation frase tudo bem branco,0.0
vacinas rna causam doenças autoimunes matam recebe,0.0
covid uruguai adota medidas restrição conter expansão variantes brasileiras,1.0
fake médico congolês prêmio nobel paz disse deixou cargo obrigado falsear dados covid,0.0
eua mil casos coronavírus mortos diz cnn,1.0
cilindros oxigênio enviados venezuela manaus importados white martins,0.0
post mistura dados verdadeiros números incorretos sobre financiamentos bndes governos,0.0
capital queda número mortes última semana,1.0
mourão diz motivo impeachment elogia bolsonaro,1.0
governo cria lei proíbe saída pessoas rua prevê multa prisão dias boato,0.0
bolsonaro bateu recorde despesas cartão corporativo,0.0
marcelo odebrecht diz governo deu dinheiro traficantes rio farc boato,0.0
fake foto mostre manifestante carro polícia virado durante ato pró democracia,0.0
fake oab entrou ação contra estado rio cobrança indevida grt detran,0.0
vacinação contra covid começará segunda feira canadá,1.0
pandemia pode dificultar acesso velhos mercado trabalho,1.0
comissão senado retoma voto presencial aprova indicados representações exterior,1.0
fake governo fez revisão mortes confirmadas covid metade resultado negativo,0.0
efeitos colaterais mostram tomar vacina chinesa pior pegar covid boato,0.0
argumento sobre pico curva osmar terra contestado inglaterra,1.0
cristo redentor passa desinfecção antes reabertura sábado,1.0
verdade sobrar registro criatura flagrar web,0.0
lidar resistência idosos querem isolar contra coronavírus veja dicas,1.0
israel pede parem vacinação contra covid todo mundo boato,0.0
general hamilton mourão sofre infarto internado hospital boato,0.0
chamado ditador bolsonaro dino diz ter tempo molecagens,1.0
roteirista porta fundos cria projeto ajudar grupo risco,1.0
spacex elon musk espera levar primeiros turistas espaço fim,1.0
presidente china jinping faz discurso falando nova exército guerra inevitável boato,0.0
atos antidemocráticos intima carlos eduardo bolsonaro depoimento,1.0
novas investigações sobre foto menina fantasma corredor,0.0
mortes covid europa maiores anos cai nível baixo,1.0
fake vídeo previsão tempestade rio imagem satélite informação meteorológica velha,0.0
benedita silva embaixadora nova york eua saber falar inglês boato,0.0
fake vídeo mostra torre parque diversões duplicando altura girando frequentadores pendurados,0.0
fake post atribuído maia crítica ideia uso fundo eleitoral combate coronavírus,0.0
stf inclui pauta questionamentos sobre responsabilização pandemia,1.0
eua negam vídeo embaixador resposta bolsonaro,1.0
poder exercício luta contra câncer,1.0
gasolina vendida paraguai mostra vídeo boato,0.0
foto hitler cabelo cortar barbeiro verdadeiro falso,0.0
vídeo acampamento brasília mostra mobilização indígena preparação setembro,0.0
linha sucessória witzel inclui desembargador censurou obra bienal,1.0
alexandre garcia escreve carta bolsonaro autoriza fechamento stf congresso boato,0.0
verdadeiro bolsonaro liberado auxílio milhões asilos proposto congresso,0.0
itália torcedores estádios setembro diz ministro esporte,1.0
hospitais beirute praticamente saturados coronavírus,1.0
hunter biden filho joe biden abusou torturou crianças chinesas boato,0.0
vejo bajuladores sabujos bolsonaro posso calar diz kátia,1.0
notícias pessimistas podem ajudar salvar vidas pandemia sugere estudo,1.0
bolsonaro deve indicar ministro jorge oliveira tcu,1.0
poupança captação mensal recorde bilhões abril,1.0
michel araújo diz adaptado celebra bom momento fluminense,1.0
anivaldo padilha recebe prêmio memória verdade,1.0
vacina precisa mínimo anos pesquisa segura,0.0
bolsa alta mensal ainda perde ano ouro lidera ganhos,1.0
fake governador joão doria vendeu empresas paulistas chineses,0.0
soares morreu hoje complicações covid boato,0.0
nicolás madurar ganhar onu prêmio pelar redução fome venezuela,0.0
ação reduziu número mortes covid ceará,0.0
pacheco guedes encontram ainda hoje discutir reforma tributária,1.0
líderes buscam acordo derrubar veto desoneração folha,1.0
cada anos exatamente pandemia assola humanidade boato,0.0
gleisi hoffmann fez tuíte apoio greve caminhoneiros boato,0.0
flor mahameru arya himalaia floresce cada anos encontrada boato,0.0
doria cogita cortar fornecimento luz paulo aponta veja boato,0.0
lula envia boas energias alberto fernández covid,1.0
homem filmado máscara bar presidente lula,0.0
confederação nacional municípios pede demissão ministro pazuello,1.0
cantor atriz taylor momsen fugir maneiro espetacular paparazzi,0.0
filas comprar oxigênio crescem peru segunda onda pandemia,1.0
covid brasil ultrapassa milhão curados,1.0
johnson cancela participação torcedores eventos duas semanas,1.0
invadiu casa ministro stf alexandre moraes boato,0.0
chile costa rica recebem primeiras vacinas contra coronavírus,1.0
pedido busca usado ministério dossiês comum ditadura,1.0
governo aponta aumento utilização cptm novo rodízio,1.0
fake rodrigo maia ocupa ilegalmente presidência câmara,0.0
especialistas pedem atenção saúde mental confinamento,1.0
saúde distribui quantidade necessária vacinas segunda dose coronavac,1.0
eleições urna eletrônica pode hackeada,1.0
fake vídeo mostre hospital campanha unicamp nenhum atendimento,0.0
steve membro partido democrata fez tatuagem bebê apoiar ideologia comunista pedofilia boato,0.0
loja luciano huck lança camiseta satirizando bolsonaro bozonaro boato,0.0
governo pretende vacinar toda população contra covid diz pazuello,1.0
eduardo paes vota turno comenta paralisação transporte,1.0
força tarefa greenfield denuncia pessoas fraudes caixapar,1.0
indiano vendeu cabra passagem enfim volta casa,1.0
vacina chinesa testada aplicada voluntária tudo farsa doria boato,0.0
hospital lucas puc poa amanheceu pacientes covid fez vídeo boato,0.0
paulista aberta situação simples previsão retomada,1.0
fake ceará registrou nenhuma morte covid dia maio,0.0
magazine luiza quer bandeira brasil vermelha boato,0.0
comida pode ajudar aliviar dor causada morte ente querido,1.0
validade cnh cadeirinhas recall veja muda novas regras trânsito,1.0
prefeito parauapebas flagrado agredindo mãe boato,0.0
parceria vacina contra covid firmada doria ano passado,0.0
onu bolsonaro perde oportunidade dialogar defender produtos brasileiros exterior,1.0
coronavac eficácia global diz governo,1.0
dinamarca diz mutação coronavírus visons provavelmente extinta,1.0
evidências científicas sobre necessidade trocar escova dental após caso covid,0.0
máscara usada joão doria municipais preta bandeira chinesa,0.0
vídeo mostrar divergência entrar boletim urna impresso site tse,0.0
amazon vai contratar mil funcionários aumento demanda online,1.0
hidroxicloroquina mostra benefício contra coronavírus estudo eua,1.0
discursar joe biden sobrar criança pular colar verdadeiro falsar,0.0
chefe comunicação volta posto após ocupar cargos secretarias presidência república,1.0
coronavírus pacientes resistentes podem ajudar busca tratamento covid,1.0
homem preso crime militar criticar compra ventiladores,0.0
tido favorito discreto pacheco aposta planalto oposição,1.0
centro kennedy cursos gratuitos maquiagem inglês espanhol etc boato,0.0
ventilador paciente morreu roxo falta frente equipe caos descrito médicos pernambuco,1.0
vídeo mostra feira comida animais vivos wuhan china boato,0.0
vídeo corpo chão hospital provar planar extermínio vender órgão,0.0
mpf identifica depósito mil jean wyllys advogado adélio boato,0.0
dividido ampliado bolsonarismo espalha partidos eleições,1.0
preso solto dia deputado psl nega prisão ataca jornalistas,1.0
médicos soam alarmes devido ressurgimento coronavírus espanha,1.0
vacina chinesa cujos ensaios suspensos peru coronavac testada paulo,0.0
lula vaiado paris frança após chamar moro mentiroso mostra vídeo boato,0.0
infectados coronavírus brasil grupo risco,1.0
amazonas pacientes pedem justiça transferência outros estados,1.0
relator edson fachin vota stf validade inquérito fake news julgamento suspenso,1.0
bolsonaro luta culpado negligência criminosa diz especialista ditaduras latinas,1.0
bota pra chorar música joelma ganha clipe assista,1.0
vacinas contra covid capazes provocar danos genéticos vão monitorar população,0.0
fake nóis verdade sobrar principal fake news sobrar câncer,0.0
gilberto atacante bahia assume homossexual boato,0.0
caixa paga auxílio milhão inscritos site app,1.0
bruno covas aprovado reprovado cidade diz ibope,1.0
promoção sonho pai mercado livre prêmios whatsapp boato,0.0
errou faz novo pedido dificuldade mudar dados,1.0
tadjiquistão confirma primeiros casos coronavírus,1.0
faltará dinheiro quiser vacinar diz sachsida,1.0
vídeo mostrar colete indestrutível grafeno verdade,0.0
especialistas dinamarqueses opinam epidemia coronavírus deve morrer sozinha,1.0
pgr pede stf recursos fundo petrobras usados combate coronavírus,1.0
nova fase lava jato mira suspeitas operações comerciais petrobras,1.0
presidente república assina autoriza crédito extra bilhões vacinação contra coronavírus,1.0
bolsonaro aprovação reprovação gestão crise coronavírus diz datafolha,1.0
doria diz queimadas amazônia gerando prejuízos economia,1.0
justiça bahia proíbe festança prefeito bolsonarista porto seguro,1.0
após decisão facebook cpi fake news teste nova base aliada bolsonaro,1.0
chefe fmi alerta economia global ainda perigo,1.0
biólogo diz mundo vive pandemia menosprezar medidas china,1.0
áudio inventa produção montadora esgotada afirmar brasil pode tornar maior economia mundo,0.0
fotos aviões tanques sustentam teoria conspiração chemtrails,0.0
motel pego fogo casar sair correr quase roupar verdade,0.0
surto meningite interior paulo,0.0
urnas eletrônicas saindo brasília votos computados boato,0.0
restrições cisjordânia falha conter contágio coronavírus,1.0
coronavírus pandemia sedentarismo causada covid pode levar surto obesidade,1.0
emmanuel macron gay amante casamento brigitte fachada boato,0.0
justiça condena hacker pagar mil indenização banco brasil após golpe,1.0
inquérito pode tirar patente pazuello,1.0
maia chama bia kicis desequilibrada após post sobre morte,1.0
lexa lança clipe largadão gravado casa avó rouba cena veja,1.0
smartmatic fornecedora venezuela nunca vendeu urnas brasil,0.0
bolsonaro diz vai retirar cálculo maior grão feijão alojado anos bexiga,1.0
flávio dino rebate bolsonaro confunde polícia federal milícia,1.0
mesário suspende pagamento auxílio emergencial bolsa família,0.0
fake comissão direitos humanos pediu prisão homem reagiu agrediu assaltante,0.0
vídeo mostrar soldado robô ação verdadeiro falsar,0.0
prende secretário esportes vender respirador defeituoso,1.0
marco aurélio mello stf pede afastamento presidente jair bolsonaro boato,0.0
campinas anuncia fase maior restrição suspende aulas presenciais,1.0
bahia recebe mil doses vacinas covid,1.0
senai vagas emprego contratando pessoas experiência whatsapp boato,0.0
câmara pede explicações executivo após ocde tomar medida contra brasil sinais recuo combate corrupção,1.0
bruno henrique flamengo pego exame antidoping substância proibida boato,0.0
fake nóis mentiras contavam infância,0.0
assunto epidemia eterna terra yanomami,1.0
fux diz judiciário deve evitar orgia legislativa,1.0
logo deste caminhão testes covid porco formigueiro,0.0
adélio bispo homem foto presidentes lula dilma,0.0
descoberta sobre sistema imunológico pode ajudar combater todos tipos câncer,1.0
primeiro caso covid brasil permanece sendo fevereiro,1.0
fake vídeo mostre militantes petistas sendo marcados ferro quente,0.0
generais observam atenção projetos aumentam autonomia polícias,1.0
petição pede cassação concessão globo parte bolsonaro boato,0.0
bolsonaro afirma talvez sido contaminado coronavírus,1.0
quadrilha preso criança chinês congelar verdade,0.0
ministério saúde estuda recomendar todas grávidas vacinem contra covid,1.0
polícia investiga tenista brasil saiu quarentena covid,1.0
tom moore recebe título cavaleiro rainha elizabeth,1.0
variante covid mutação normal atual deve prejudicar vacinas avaliam especialistas,1.0
vereadores negam pressão haddad candidato prefeito,1.0
ministrar paulo guedes virar réu processar bilionário tcu,0.0
sair isolamento agora querer voltar mundo existe diz virologista atila iamarino,1.0
faber castell dando amostras grátis lápis cor site whatsapp boato,0.0
live arrecadar fundos caetano veloso cala sobre política,1.0
jean wyllys desistir mandatar parir fugir investigação sobrar desviar verba,0.0
stf autoriza criação campos concentração vacinados contra covid boato,0.0
itália totaliza mil mortes covid últimas horas,1.0
companhias aéreas globais eliminam empregos pior vir,1.0
comissão europeia pede desculpas itália resposta coronavírus,1.0
vinte corpos migrantes recuperados costa tunísia,1.0
equipes poderão fazer substituições retorno campeonatos,1.0
papa francisco propõe fim brasil criação pátria grande socialista boato,0.0
índia alivia medidas isolamento reativar economia,1.0
registro massacre indígena brasil,0.0
fake deputada flordelis ganha mil auxílio mês ter adotado filhos,0.0
chuvas fortes suíça mostram ruas limpas lixo boato,0.0
foto mostra cantora cher anos junto mãe anos boato,0.0
bolsonaro pede cpi acabar porque chegando perto diz orlando silva,1.0
girafas austrália saltam trampolim fazem acrobacias mergulham água mostra vídeo boato,0.0
fake vídeo mostre pelotas usando sirene impor toque recolher meio lockdown,0.0
denílson flagrado briga travesti após programa pago boato,0.0
montagem capa veja presidente lula faz revelações sobre quatro ministros stf,0.0
doria diz haverá distribuição indiscriminada cloroquina,1.0
verdade urna eletrônicas brasileiro auditáveis,0.0
fake calendário lives bandas rock lista charles bradley,0.0
vídeo mostra lobisomem morto tiros verdade,0.0
covid gripe respostas sobre vacinação simultânea prestes começar brasil,1.0
estudo mostra transmissão intrauterina novo coronavírus,1.0
provas vacina pfizer causado paralisia teste,0.0
alexandre garcia escreve texto sobre demissão moro diz psdb boato,0.0
encalhe testes expõe apagão logística,1.0
pária irrelevante onu bolsonaro tenta excitar cutucar jornalista,1.0
venezuela pede fmi nega conter coronavírus,1.0
pedidos falência brasil sobem maio ante abril afirma boa vista,1.0
governo bolsonaro cria projeto construção ferrovia sol luís salvador boato,0.0
alta taxa extra significa conta luz subirá,0.0
covid vice orçamento erros acertos covas boulos sabatina,0.0
risco trombose avião maior passageiros vacinados contra covid,0.0
maduro presidente venezuela conta bilhões euros banco vaticano boato,0.0
novo psl avante registram maior aumento número candidaturas prefeito vereador neste ano,1.0
coala funcionalmente extinto dever incêndio austrália,0.0
verdade sobrar notícia falso envolver vacinar,0.0
ong repórteres fronteiras denuncia facebook frança mensagens ódio fake news,1.0
bandeiro brasil queimar manifestante durante atos ocorrido domingo,0.0
dirigentes presos rio iabas administra serviços saúde paulo,1.0
porcentagem pessoas patologias prévias amostra mortos covid,0.0
enganoso bolsonaro liberado bilhões educação,0.0
público alvo vacina acwy meningite jovens anos,0.0
feito óleo peixe bom queimaduras serve tudo boato,0.0
gleisi pede justiça fim sigilo cartão vacinação bolsonaro,1.0
delegado pazolini vitória único policial eleito capitais,1.0
biden nomeia autoridade pandemia nova equipe segurança nacional,1.0
votação urna eletrônica pode manipulada via internet,0.0
chegada coronavírus planalto caiu ficha brasília urgência caso exige,1.0
ozonioterapia eficácia comprovada contra covid,0.0
fake foto mostre integrante grupo antifascista batendo policial ato pró democracia,0.0
ceos gigantes tecnologia defendem audiência congresso eua,1.0
lula planeja golpe estado livrar acusação tráfico drogas boato,0.0
magazine luiza sorteia polegadas site whatsapp facebook boato,0.0
bolsonaro veta dispensa atestado empregado doente dias,1.0
doria assinou acordo produção vacina contra covid agosto boato,0.0
média móvel óbitos covid bate recorde desde início pandemia,1.0
enganosa postagem afirma brasil vacinou população antes alemanha,0.0
notícias falsas torno incêndio catedral notre dame paris,0.0
médicos cientistas pedem eua incluam negros latinos testes vacinas contra covid,1.0
devo voz todos voz diz lira discurso câmara,1.0
vídeo mostra pessoas fazendo aglomeração empinar pipas bairro rio mortes pessoas infectadas covid,1.0
fake nóis ursal existir foro paulo,0.0
atualização macos corrige falha usada vírus capturar tela usuário permissão,1.0
estudo alemão prova altas taxas vitamina diminuem taxa mortalidade covid boato,0.0
caso guardiões crivella frentes investigação contra prefeito,1.0
autoridade parir distorcer fato sobrar covid,0.0
regulamento exército prevê advertência expulsão pazuello,1.0
brasileira mortos atentado basílica nice,1.0
alesp aprova projeto multa mil furar fila vacina,1.0
lewandowski autoriza acesso eduardo cunha mensagens lava jato,1.0
brasil segue contramão mundo maior alta óbitos covid,1.0
fake vídeo mostre policiais agredindo cidadãos descumprirem isolamento social turquia,0.0
bastidores gravação desmentem suposto ataque velório ceará,0.0
fake foto homem espancado mostra funcionário carrefour suspeito matar cachorro,0.0
faustão internado uti causa covid boato,0.0
coronavírus tragédia inimaginável lares idosos diz oms,1.0
estudo revela três tipos diferentes resposta imunológica pacientes infectados covid,1.0
paris encontra traços coronavírus sistema água frança faz plano volta epidemia,1.0
prefeitura municipal cestas básicas vale alimentação site whatsapp boato,0.0
constança rezende jornalista estadão diz intenção arruinar bolsonaro boato,0.0
foto adulterada vira imagem falsa lula sendo perseguido ditadura,0.0
médico canadense afirma falsamente pandemia covid farsa,0.0
coisa volta cipó aroeira lombo mandou dar,1.0
fake post atribuído deltan dallagnol críticas maia,0.0
vídeo mostra ondas gigantes estreito gibraltar divisa espanha áfrica boato,0.0
bauducco lançando novo panetone dando grátis site whatsapp boato,0.0
após bolsonaro furar isolamento mandetta fala apontar dedo,1.0
formato cpi pandemia divide senadores deve foco discussão,1.0
novo dpu cita combate cultura machista pede revisão teto gastos,1.0
mudanças código trânsito vigor projeto espera aprovação,0.0
fake foto mostre lojas fechadas belo horizonte cartazes criticando prefeito,0.0
avião lufthansa quica aeroporto durante pouso mostra vídeo boato,0.0
privatização perde espaço campanha,1.0
sesi abriu centenas vagas emprego site whatsapp boato,0.0
casal bandido kombi vir passar funcionário sabesp parir assaltar casar,0.0
mulher anos fez cirurgias ficar barbie boato,0.0
torcida flamengo faz arrastão doha qatar registra primeiros assaltos história boato,0.0
idoso anos dirige sozinho posto vacinação medo,1.0
alguns estados eua miram reabertura econômica nova york exige uso máscaras,1.0
planalto esperava ação contra witzel cobrava foco moro desvios,1.0
datas vacinação idosos março março anos março anos etc boato,0.0
argentina conseguiu manter número mortes covid sob controle,1.0
rihappy dando presentes dia crianças causa covid site whatsapp boato,0.0
sete candidatos planejam mudança plano diretor,1.0
repasse bilhões governo federal amazonas exclusivo combate pandemia,0.0
mírian macedo dividiu cela dilma rousseff diz nunca torturadas boato,0.0
fake fotos instagram provam mexicana eleita miss universo casada deve desclassificada,0.0
prática atividade física aumentou brasil mostra pesquisa,1.0
notícias importantes sobre coronavírus julho,1.0
países união europeia começaram vacinação contra covid,1.0
navio italianos atracou búzios passageiros cidade boato,0.0
alexandre moraes ameaçou tocar fogo stf atirar ministros advogado boato,0.0
decreto dilma sobre barragens tira responsabilidade empresas,0.0
michelle bolsonaro faz convocação manifestações setembro boato,0.0
fato fake dicas checar mensagem falsa,0.0
coronavírus governo federal enviou estados kits uti prometidos,1.0
médico denuncia festa som alto lado upa pacientes covid,1.0
cursar expulsão demônios prometer expulsar gay,0.0
ministro austrália encontrou ivanka trump coronavírus,1.0
jornal the new york times publicar capar manifestação bolsonaro,0.0
aliança covax distribuirá milhões vacinas contra covid nações fim maio diz oms,1.0
registro pesquisas indiquem pessoas querem lula cadeia,0.0
boulos comenta fake news sobre produtora fantasma rebate acusação russomanno pegadinha,1.0
falso senadores republicanos descoberto origem covid,0.0
canil golden desativado cachorros sendo doados boato,0.0
vídeo mostra temporal ocorreu hoje manhã manhuaçu boato,0.0
fake wisconsin eua votos nesta eleição total registrado eleitores,0.0
paulo guedes diz todos presidentes monitorados bolsonaro brasil países ricos mundo boato,0.0
fake integrante mtst preso após pago incendiar mata amazonas,0.0
covid brasil méxico venezuela piores pesquisa sobre gestão pandemia,1.0
lula convidado discursar onu após pronunciamento bolsonaro assembleia geral boato,0.0
bolsonaro assina medida provisória abre crédito vacinas contra covid,1.0
coronavírus mpf cobra calendário entrega auxílio emergencial,1.0
conseguir prender respiração ponto vídeo livre covid boato,0.0
bebê dois meses morre coronavírus bahia família questiona diagnóstico,1.0
michelle obama confusa assustada diz onde encontra esperança,1.0
cidades brasileiras têm máximo respiradores mecânicos entenda aparelho essencial combate coronavírus,1.0
whirlpool reduzirá jornada salário empregados maio junho,1.0
cid gomes atirou primeiro após receber arma tenente coronel sobral boato,0.0
imprensa boicota vacinação exército contra covid vila militar boato,0.0
errado comparar letalidade covid reações vacina,0.0
generais reserva discordam decisão exército punir pazuello,1.0
falso irmãos miranda forjaram recibos compra covaxin prejudicar bolsonaro,0.0
ataque hacker stj sinal ameaça segurança urnas,0.0
regina duarte quer conversa olho olho bolsonaro,1.0
nba lança máscaras equipes ajudar afetados coronavírus,1.0
rio registra mortes covid total óbitos chega,1.0
ministro tcu cobra ministério saúde falta oxigênio hospitais amazonas,1.0
fake mensagem fala cadastro receber auxílio gás,0.0
vietnã isola cidade registrou surto covid após ficar dias casos,1.0
comércio reabre estoura horário antecipa pico trens cptm,1.0
lula votar parir presidente história humanidade,0.0
paes rio coronavac aplicação dose fim semana,1.0
fake lula aparece lista ricos mundo revista forbes,0.0
passageiros deixam navio atracado japão após dias quarentena,1.0
pilota frente avião presidencial novidade governo bolsonaro,0.0
montagem faz confusão indígena bolsonaro onu,0.0
reeleito volto candidato diz covas,1.0
médica vida morte tomar vacina chinesa boato,0.0
lira diz caso daniel silveira absolutamente curva,1.0
supremo permitirá desconstrução lava jato afirma fux,1.0
celular marco aurélio mello toca hino flamengo durante voto ministro sessão stf,1.0
fachin vota injúria racial imprescritível chaga infame,1.0
stf mantém rio regime recuperação fiscal,1.0
post enganoso associa provas ongs amazônia exploração mineral,0.0
fake governador pará mantido toneladas medicamentos presos galpão,0.0
marcelo álvaro demitido processo seguirá parado stf,1.0
verdade defensor movimentar antivacinas internar catapora,0.0
cdc lista locais risco alto baixo infecção coronavírus boato,0.0
brasil passa mil mortes covid mil registradas últimas horas,1.0
pior pandemia queiroga equilibra receituário bolsonaro cobrança vacinas,1.0
fake foto mostre cristina kirchner tomando vacina covid máscara,0.0
ricardo salles envenenado governadores internado boato,0.0
paes vai colocar freixo secretaria educação implantar banheiro unissex escolas boato,0.0
israel vai acabar restrições covid após sucesso vacinação,1.0
chinês comprar fazenda cear mulher parir filho legalizar permanência brasil,0.0
falso autópsias vítimas covid apontaram outras causas morte,0.0
maia diz lira deu senha redes sociais gabinete ódio,1.0
cacau show dando ovos páscoa ficar casa compartilhar link whatsapp boato,0.0
patacoada pró deltan omissão fake image expressões fake news,1.0
fake filha executivo santander morto covid disse pai milionário morreu sufocado buscando algo grátis,0.0
pandemia ainda grave brasil apesar sinais estabilização alerta oms,1.0
carlos alberto defende brasileirão turno único retorno mata mata,1.0
fake stf decidiu dinheiro público roubado precisa devolvido passados cinco anos investigação,0.0
fake paraguai vetou urnas brasileiras eleições,0.0
padre cléber kléber oliveira aparecida faz vídeo apoio manifestações março boato,0.0
cumpre mandado busca apreensão casa blogueiro bolsonarista preso inquérito sobre atos antidemocráticos,1.0
datafolha apoiam impeachment bolsonaro dizem contrários,1.0
fake vídeo mostre fbi apreendendo caixas máscaras importadas china infectadas novo coronavírus,0.0
equipe deste hospital comemorava fim pandemia israel festa religiosa,0.0
fake pesquisador preso eua fabricar vender novo coronavírus china,0.0
saúde alerta estados municípios imprescindível seguir plano nacional vacinação contra covid,1.0
oab autoriza estudos logísticos compra vacinas contra covid,1.0
fake processo seleção supermercados guanabara exige compra apostila,0.0
homem leva tiro fuzil cabeça sobrevive vai andando delegacia boato,0.0
xingar presidente crime dificilmente leva prisão,0.0
winston churchill disse fascistas futuro chamarão mesmos antifascistas boato,0.0
malafaia divulga nomes deputados evangélicos votaram contra silveira,1.0
grupo terrorista antifa george soros chega brasil impedir manifestações pró bolsonaro boato,0.0
argentina reduz voos brasil méxico estados unidos europa,1.0
saúde autoriza leitos uti covid rio grande sul,1.0
facebook diz bug fez algumas pessoas vissem imagens pornográficas postagens anúncios,1.0
benedita silva vota escola rio ressalta campanha baixarias,1.0
américa latina ultrapassa marca mil mortes covid,1.0
explica lockdown comércio fechado frearem caos covid,1.0
grupar antifas incediou umar casar umar criança impedir bombeiro salva,0.0
eduardo bolsonaro critica general santos cruz diz parece petista,1.0
donald trump vai hospital após diagnóstico covid,1.0
montagem falsifica encontro evo traficantes pablo escobar chapo,0.0
maia direito disputar reeleição câmara,1.0
foto mostra lagarta venenosa leva morte questão horas boato,0.0
saúde retém testes covid secretários pedem entrega imediata,1.0
ceo cinemark diz cinemas fechados devem reabrir apenas julho,1.0
edson celulari morre anos vítima câncer boato,0.0
covid municípios ficaram vacina nesta semana diz pesquisa,1.0
bolsonaro sancionou lei criou dia proclamação evangelho dilma rousseff,0.0
fake ministro interino saúde ordenou conste suspeita covid atestados óbito,0.0
alemanha proibiu tapetes entradas casas serem maiores criadouros coronavírus boato,0.0
argentina venezuela pagam auxílio emergencial cuba cobre salários durante pandemia,0.0
guardiões crivella atuam educação feiras artesanais,1.0
veja fato fake entrevistas flávio bolsonaro sobre caso queiroz,0.0
bolsonaro diz avião arremeteu chegada causa visibilidade,1.0
frança vai enviar militares invadir amazônia brasileira boato,0.0
fake vídeo mostre corpos vítimas covid praias peru equador,0.0
objetos atribuir serial killer gein realmente feito pelar humano,0.0
ibope aprovação governo bolsonaro atinge maior nível chega,1.0
bebê nasce austrália torna maior bebê mundo boato,0.0
damares descobriu petistas ganhavam mil operar máquina xerox boato,0.0
contrário diz bolsonaro estudos mostram lockdown salva vidas,0.0
políticos criticam revogação prisão cunha país impunidade,1.0
fake termômetro infravermelho cause dano glândula pineal,0.0
ministério saúde habilitou leitos uti agora,1.0
vídeo aglomeração genebra real prova pandemia farsa,0.0
pesquisa descobriu gps cérebro abriu caminho entender melhor mal alzheimer,1.0
mulher armada vídeo mãe mortos operação policial jacarezinho,0.0
melancia rachada veneno chinês causa câncer boato,0.0
bolsonaro chama cpi xaropada renan rebate diz ocioso,1.0
fake enfermeira demitida bahia filmar uti vazia,0.0
américas responsáveis novas mortes covid todo mundo última semana diz opas,1.0
posts enganam afirmar voto impresso lei,0.0
marco aurélio nega reeleição maia alcolumbre proibição peremptória,1.0
fake vídeo mostre pessoas abandonando máscaras itália cenas revelem fim pandemia,0.0
novo relator quer julgar caso chapa bolsonaro mourão quanto antes,1.0
sítio paleontológico presidente prudente apresenta novas descobertas relacionadas aves répteis período cretáceo,1.0
incluir repasses governadores cpi pandemia manobra diz líder governo,1.0
metade candidatos prefeito mora centro,1.0
bolsonaro anuncia comitê combate covid após ano pandemia vida primeiro lugar,1.0
parlamentares pedem ministro educação investigado homofobia,1.0
fake lei sancionada bolsonaro permite processar governadores prefeitos medidas restrição contra covid,0.0
coca cola fundo bem compartilhar link whatsapp boato,0.0
dermatologistas indicam homens devem fazer deixar pele saudável,1.0
cloroquina faz governo lei esperem enxurrada ações,1.0
oms falhas gestão crise coronavírus diz ministro francês,1.0
processar membro corte deltan vai stf catarina,1.0
anita roddick dono redar the body shop roubar pelar cacicar raoni,0.0
assessor ganhou mega sena comprou carro luxo antes resultado sorteio boato,0.0
coronavírus pode acabar oportunidade mãe mulheres sofrem suspensão tratamento fertilidade,1.0
fake deputadas escreveram carta onu pedindo estupradores denunciados,0.0
itália obrigará população vacinar contra covid pede consciência,1.0
araújo pazuello vão falar menos culpa renan diz marcos val,1.0
hospital vital brazil fechado instituto butantan paulo boato,0.0
fake corrente diz moro vendeu inquéritos doria,0.0
perfis instagram apontam vacilões quarentena sob risco processo,1.0
errei nada jair razão sabotagem combate covid funciona,1.0
fake nóis fake news sobrar silvio santo,0.0
geddel absolvido caso milhões cumpre condenação anos prisão,0.0
deputar aprovar bahia lei expulso orixás,0.0
brasil menor salário mínimo américa sul argentina maior boato,0.0
cpi covid vai votar amanhã convocação governadores prefeitos diz aziz,1.0
homem menosprezava covid morre doença família suspende funeral,1.0
fábrica montadora iphones vai produzir respiradores eua,1.0
umar fotografia mostrar dejetos humano lançar mar navio cruzeiro,0.0
heineken diz pandemia derrubou receita semestre,1.0
kid bengala vira evangélico abandona carreira filmes adultos boato,0.0
cúpula militar governo atua minimizar ida bolsonaro ato descarta risco democracia,1.0
ibope abílio emanuel empate técnico liderança cuiabá,1.0
oms risco desabastecimento remédios,1.0
boticário perfume malbec sport dia pais compartilhar link whatsapp boato,0.0
medir provisório suspender pagamento aposentadoria idoso flagrar ruir,0.0
descobriu aryane campos entregou faca adélio atacar bolsonaro boato,0.0
bolsonaro recria comitê gestor desenvolvimento sustentável xingu,1.0
infecção vírus sarampo destrói memória imunológica organismo aponta estudo harvard,1.0
consórcio covax avisa saúde vai atrasar entrega vacinas,1.0
reforma previdência acabou seguro desemprego pis licença aposentadorias boato,0.0
avião fab passa torres congresso nacional boato,0.0
chefe fuzileiros navais repreendeu pelosi devido posse presidencial eua,0.0
casas bahia sorteia prêmios diários site whatsapp causa black friday boato,0.0
fake mistura vinagre maçã alho cure covid,0.0
mourão traidor imaginário infiltrado inpe,1.0
parentes homem atacou bolsonaro trabalharam petista,0.0
fake witzel mandou recolher remédio teste contra covid farmácias,0.0
foto mostrar homem beijar umar criança formar suspeito joe biden,0.0
todos surtos virais começaram china outros registrados período,0.0
stf virou réu vídeo mostra abertura processo censurado youtube boato,0.0
preso operação pai gêmeas furaram fila vacinação,1.0
fake vídeo mostre ação praia após descumprimento isolamento social,0.0
bolsonaro ironiza imprensa sobre coronavírus fazendo aqui,1.0
coronavírus eua gráficos mostram pandemia covid controlada,1.0
falso jogador dinamarquês vacinado antes mal súbito,0.0
médico tira contexto dados estudo sugerir máscaras ineficientes,0.0
uso máscaras obrigatório após aprovação lei boato,0.0
vídeo carreata pró bolsonaro viraliza mostrasse ato contra presidente,0.0
homem coronavírus mundo diz escritor cubano leonardo padura,1.0
fake william shakespeare primeiro vacinado contra covid reino unido morreu causa vacina,0.0
resposta coluna sobre eleições prudente deixar urna fale,1.0
oms vai recomendar oficialmente ivermectina tratar covid boato,0.0
fake foto mostre corpos idosos covid vítimas eutanásia,0.0
máscaras auxiliam combate covid contrário diz influenciador,0.0
falso tse atualizou apuração baseado informações site notícias,0.0
pedir governadores cpi batedor carteira grita pega ladrão diz flávio dino,1.0
frança aproxima mortes coronavírus,1.0
existe nenhum processo contra oms pulverizar químico causa pneumonia,0.0
economia confirma saída amaro gomes secretaria entrada ricardo faria,1.0
gatar aparecer foto esconder dobermans verdade,0.0
prejuízos pandemia psg pode renovar thiago silva,1.0
cadastro auxílio emergencial liberado governo site whatsapp boato,0.0
primeiros médicos cubanos embora policiais cubanos boato,0.0
regina duarte escreve carta artistas assinaram nota repúdio boato,0.0
bolsonaro vai hospital brasília diz motivo,1.0
governo iniciou cadastro programa auxílio gás site whatsapp boato,0.0
mulher morre após teste clandestino cloroquina nebulizada manaus,1.0
secretário isolamento menor pico covid maio cidade,1.0
fake país registrou nenhum caso dengue,0.0
texto exagera impacto covid resultado eleitoral ceará,0.0
defensoria pede stj saída urgente sérgio camargo comando fundação palmares,1.0
fake hebraica excesso vacinas contra covid doses prestes vencer,0.0
fechamentos zara demissões nike falência victoria secret todos dados verdadeiros,0.0
saúde agiliza processo aquisição vacinas covaxin sputnik,1.0
celso mello aposentou invalidez stf pagar imposto renda boato,0.0
governo prevê maior orçamento defesa educação,1.0
marcelo freixo paga mil aluguel apartamento rio janeiro boato,0.0
mortes manaus caíram bolsonaro mandou teich visitar hospitais amazonas descobrir caixões pedras boato,0.0
extraterrestres deixam marcas rio quaraí divisa brasil uruguai boato,0.0
marielle tirou foto assassinos mangueira boato,0.0
premier league risco lesões atletas volta maior diz estudo,1.0
empréstimo microempresa quais taxas prazos veja sabe,1.0
infecção variação rara vírus gripe identificada norte paraná diz oms,1.0
portas fechadas lojas mantêm vendas zap mediadores,1.0
covid entidade orienta sobre vacinação pacientes reumáticos,1.0
boulos diz adversário defende projeto esquerda renovado,1.0
juiz investiga caso suspeito variante indiana minas gerais,1.0
falso repasses verbas estados relacionados número mortos infectados,0.0
relatora stf vota barrar produção dossiês sobre antifascistas,1.0
fato fake ano pandemia mil checagens realizadas,0.0
haddad diz lula presidência solução crise coronavírus boato,0.0
merkel adverte alemães momentos difíceis vão continuar,1.0
george soros disse vai derrubar eua financiando grupos ódio negros boato,0.0
reunião salles critica postura brasil meio ambiente,1.0
luana araújo contra uso máscaras combate covid boato,0.0
reinaldo azevedo bolsonaristas batem petistas,1.0
whatsapp oms lançam figurinhas apoio vacinação contra covid,1.0
fake vacinas contenham ímãs causem magnetismo,0.0
assunto vai responsabilizado erros pandemia,1.0
melissa dando mil pares sandálias grátis site whatsapp boato,0.0
investimento vacina barato prorrogar auxílio diz presidente,1.0
ministros impediram uso hidroxicloroquina processados frança boato,0.0
candidato diz ter princípio fazer roubar pouco,1.0
doria protocolo lockdown existe iminente adotado,1.0
hacker prova urnas eletrônicas podem facilmente manipuladas boato,0.0
nego borel lamenta morte tio coronavírus triste,1.0
diário oficial união publica exoneração secretário comércio exterior,1.0
califórnia manifestantes surfistas aglomeram pedindo fim isolamento,1.0
boulos falou obrigar paulistano receber morador rua pandemia,0.0
porta voz presidência otávio rêgo barros covid,1.0
eficácia ivermectina contra covid demonstrada cientificamente,0.0
países américas vão começar receber vacinas covax fim fevereiro diz opas,1.0
site seguradora líder pagamento dpvat hackeado boato,0.0
fake novo coronavírus morre exposto quente secadores cabelo saunas,0.0
vírus continuar circulando livremente risco adaptar melhor aumenta diz brasileiro descobriu nova mutação coronavírus,1.0
radarbox mostra brasil diminuiu número voos enquanto eua china seguem fluxo aéreo normal boato,0.0
pneumonia letal covid surge cazaquistão boato,0.0
lançada trump propagandeada bolsonaro hidroxicloroquina vetada hospitais eua,1.0
exército vai deixar politizar diz general santos cruz,1.0
porta inteligente travesseiro antirronco painel tira água gadgets ces,1.0
retirada estudos prova eficácia cloroquina contra covid,0.0
covid agentes prisões afastados pavilhão isolado,1.0
pai vacina brasileira dimas covas enquadra tropa cloroquina cpi,1.0
sim detidos após incêndio ministérios visto fotos virais,0.0
séries desenhos filhos assistirem dias quarentena,1.0
falso prefeitura comprado mil caixões licitação,0.0
sindicato delegados tenta autorização comprar vacinas,1.0
cada pacientes covid desenvolve doença mental três meses após infecção aponta estudo,1.0
trás ideia onda grande única covid defendida oms,1.0
sentença aponta empresário cometeu estupro culposo caso mariana ferrer boato,0.0
turismo cai carnaval praias ficam cheias,1.0
arnaldo jabor diz bolsonaro cara etiqueta passa gostar boato,0.0
onu planeja todos identidade legal inclui chips,0.0
batalha vista amazon descendentes primeiros sul africanos,1.0
carrefour faz anos brindes grátis whatsapp boato,0.0
covid sabe sobre nova cepa coronavírus áfrica sul,1.0
rio derruba restrição prioridades vacinação,1.0
fake vacinas contra novo coronavírus possam gerar seres geneticamente modificados,0.0
eua encontraram cura novo coronavírus após teste hospital stanford boato,0.0
vacinação massa criará novas variantes covid acabar sistema imunológico destruir humanidade boato,0.0
csn decide paralisar alto forno usina,1.0
catedral notre dame reformada telhado estilo moderno boato,0.0
prefeito instalar umar câmera parir gravar fantasma flagrar traição esposo,0.0
dilúvio china matou mil pessoas túnel jingguang boato,0.0
governo prorroga prazo pagamento auxílio setor cultural,1.0
procurador lava jato centro deve unir turno nome,1.0
fake foto mostre doria máscara almoço equipe após anúncio medidas rígidas pandemia,0.0
nicotina poderia arma contra covid,1.0
mourão publicou post dizendo começou incomodar governo bolsonaro,0.0
tite diz entrevista eleitores bolsonaro alienados boato,0.0
moro imparcial coordenou própria acusação diz advogado lula,1.0
povo europeu joga máscaras lixo nega usá las contra covid boato,0.0
alvo governista compra frustrada respiradores alagoas pode investigada cpi covid,1.0
pandemia pode levar milhões meninas casar alerta unicef,1.0
papa dirige benção especial funcionários empresas comunicação,1.0
cidade onde bolsonaro criou quilombola enfrentando centrão,1.0
homem enterrado vivo ficou dias túmulo sobreviveu boato,0.0
teste rápido barato rastreia mutações coronavírus país,1.0
morre argentina primeira vítima novo coronavírus américa latina,1.0
ibope manuela ávila sai melhor jovens negros faculdade,1.0
corintiano oferecer umar noite suar esposo trocar ingresso,0.0
médica brasileira oms prevê menos ano pandemia critica ingerência brasil,1.0
bolsonaro considera criar ministérios aliados comandos câmara senado,1.0
residência médica saúde pede comissões fiquem atentas envio monitoramento mensal profissionais,1.0
fox news diz bolsonaro sofrer golpe eua vão intervir militar economicamente boato,0.0
brasil registra novas mortes covid soma óbitos,1.0
foto tratores protesto holanda atribuída ato pró bolsonaro,0.0
documento possível supernotificação óbitos causados covid brasil tcu boato,0.0
fake lula doou milhões grupo hamas,0.0
auxílio alimentação três meses dado governo atacadistas brasil site whatsapp boato,0.0
maxaranguape zerou óbitos internações covid tratamento precoce ivermectina boato,0.0
instável brasil corre risco convulsão social aponta índice paz,1.0
fake curitiba adotado medidas distanciamento social registra mortes covid,0.0
presidente mexicano diz rússia fornecerá milhões doses sputnik méxico,1.0
ricardo salles envenenado vítima ecoterrorismo sofreu infarto boato,0.0
cidades paulo têm grupo poder décadas,1.0
psol recorre stf leitos uti privados geridos sus,1.0
alinhado bolsonaro augusto aras mantém rodrigo maia nervoso ano thaís oyama,1.0
homens jovens propensos desrespeitar quarentena mostra estudo,1.0
após aglomeração prefeito quer restringir acesso lagoa pampulha,1.0
votar casar falsar governar federal permitir votação celular,0.0
nova ministra flávia arruda aposta bolsonaro governo,1.0
homem ganha entrega respiradores prometeu tuíte,1.0
brasil leitos uti exclusivos covid habilitados,1.0
cúpula brasil europeus falam fechar mercados desmata,1.0
fake vídeo mostre sistema antimíssil israel faixa gaza,0.0
procurador pede sair grupo trabalho lava jato pgr,1.0
morre bombeiro resgatou quatro sobreviventes brumadinho boato,0.0
fake trump levou susto após ouvir homem gritar allahu akbar,0.0
escola campinas suspende aulas após surto covid pede explicação,1.0
viação itapemirim decreta falência causa quarentena coronavírus boato,0.0
amazon nomeia novo comandante aws empresa computação nuvem,1.0
engordar frio nutricionistas dão dicas manter peso inverno,1.0
hacker tse vivia casa josé dirceu pagava aluguel boato,0.0
wolverine mostra garra supera internação dias covid amapá,1.0
fake foto mostre reprimindo ambulante descumprimento restrições contra covid,0.0
foto apontada balbúrdia estudantil performance sobre holocausto,0.0
fake ator paulo betti fez publicação ataques regina duarte,0.0
ministério saúde diz mil testes analisados laboratórios,1.0
ministros stf deixam rombo itaipu similar rombo petrobras boato,0.0
impressionante veja etapas crianças chinesas entrarem escola,1.0
fake camila pitanga contraiu covid fingiu ter malária tomar cloroquina,0.0
bahrein segundo país aprovar vacina pfizer biontech contra covid,1.0
prefeitura fortalezar elaborar umar cartilha ensinar professorar manipular íntimo bebês,0.0
foto mostra fundadores lupa agência criada censurar direita facebook boato,0.0
macron mandou polícia fechar igreja santa rita paris bater padre boato,0.0
fake foto bolsonaro fazendo gesto obsceno lado exibe documentário democracia vertigem,0.0
governo acabou exame oab conselhos profissionais,0.0
china dona band mandou emissora falar mal eduardo bolsonaro boato,0.0
quatro regiões país têm liminares frear carreatas contra isolamento,1.0
falsar existir boneco chamar cidadão,0.0
bolsonaro usa guerra contra cpi cortina fumaça mil mortos,1.0
brasil mortes casos confirmados coronavírus diz ministério,1.0
brasil casos mortes crianças adolescentes síndrome associada covid desde início pandemia diz ministério,1.0
gerente banco brasil dois doleiros viram réus lava jato organização criminosa corrupção lavagem dinheiro,1.0
redução adicional periculosidade valerá jovens aceitarem seguro opcional,0.0
mpf cobra aéreas esclarecimentos sobre remarcação reembolso voos,1.0
cartórios registram aumento mortes doenças cardiovasculares,1.0
janssen fará reunião dia pedir uso emergencial vacina diz anvisa,1.0
ataque porta fundos forjado fábio porchat boato,0.0
câmara municipal paulo aprova adesão consórcio vacinas,1.0
autoridades reagem disparo fogos artifício direção prédio stf veja repercussão,1.0
copiar colar texto obrigada dica mudar facebook faz ter perfil totalmente novo boato,0.0
mpf vai monitorar compra vacina contra covid governo brasileiro,1.0
boato tira contexto estudo adolescentes eua atacar vacina pfizer,0.0
coisa bolsonaro empresários quer conversar ameaça,1.0
três laboratórios anunciam devem vender vacinas preço custo,1.0
mandetta diz áudio final abril topo epidemia coronavírus boato,0.0
vídeo mostrar morango larva verdade,0.0
morre bebê infectada coronavírus uti maternidade salvador,1.0
damares grava áudio pedindo povo portas quartéis cobrar intervenção militar boato,0.0
venezuelanos presos durante protestos chile mostra foto boato,0.0
fake gastará vacinar população estado vezes governo federal estima gastar todo país,0.0
verdade caso morte covid diminuir sergio morar investigação,0.0
sindicato caixa pagar fila outros bancos ajudar,1.0
médico tratou primeiro caso covid eua teme segunda onda,1.0
vídeo mostrar tricerátops retirar caminhão verdade,0.0
ratinho expulsa xuxa meneghel plateia programa sbt boato,0.0
santos cruz alerta violência eua resultado sociedade dividida,1.0
tesouro lança site relação gastos união combate coronavírus,1.0
apostas esportivas ilegais brasil boato,0.0
empresa informou dificuldades aneel nega falha fiscalização,1.0
vídeo presos comemorando relação anulação condenações lula,0.0
guedes diz ganhou merecidamente eleições após criar bolsa família,1.0
rússia bate recorde casos coronavírus introduz sanções severas,1.0
placa carro utilizada isca bandidos realizarem assaltos boato,0.0
toque recolher holanda gera confrontos polícia saques,1.0
menos mil brasileiros deixaram diagnosticados câncer,1.0
canadá líder global vacinas compradas consegue atingir metas vacinação,1.0
argentina anuncia confisco carros cidadãos país povo protesta boato,0.0
fake foto mostre sargento preso espanha mesa bolsonaro,0.0
impossível vacina cause alterações genéticas dizem especialistas,0.0
fake imagem mostre chefe campanha joe biden sendo preso fraude eleitoral,0.0
brasil registra abortos dia meninas anos estupradas,1.0
nunca use escada rolante parada funcionamento boato,0.0
butantan admite licenciamento após hospital afirmar desenvolveu tecnologia butanvac,1.0
futebol bagunçado caro alegria brasileiro,1.0
funciona assim eleitos vereadores mudanças lei eleitoral,1.0
steve hotze certo dizer vacinas realidade terapias genéticas experimentais boato,0.0
prefeitura rio suspende todos pagamentos segunda ordem,1.0
globo news publica foto falsa manifestação pró bolsonaro copacabana boato,0.0
apuração eleição brasileira aberta qualquer pessoa contrário afirma post,0.0
verdade umar cobrar perseguir picar vezar jovem índio,0.0
exoneração diretor recebida sinal bolsonaro forçar pedido demissão moro,1.0
marcelo álvaro antônio exonerado ministério turismo,1.0
fake foto mostre doria cadeira rodas lado pessoas máscara após pegar covid,0.0
coronavírus mundo ultrapassa milhões casos mortes chegam mil diz oms,1.0
registro dilma recomendado vacinação comece segunda dose,0.0
padre fábio melo faz texto sobre massacre suzano armas famílias boato,0.0
fake gravação hospital mostre teatro covid ceará,0.0
comparação papa bolsonaro máscara ignora estágio pandemia dois países,0.0
máscaras ineficazes contra coronavírus permitidas aeroportos decide anvisa,1.0
bolsonaro compartilha conteúdo falso instagram oculta postagem presidente,1.0
patinador cego faz performance gelo som cumparsita mostra vídeo boato,0.0
usar verba precatórios novo programa social proposta esdrúxula diz assessor guedes,1.0
datafolha brasileiros acham vacinação contra covid lenta deveria,1.0
carol solberg patrocinada banco brasil ganha bolsa atleta perdeu patrocínio betmotion boato,0.0
fake vídeo mostre marilena chauí alcoolizada após acidente trânsito,0.0
ong cantinho amigo bicho vai ganhar tonelada ração compartilhamentos boato,0.0
datafolha isentam bolsonaro culpa mortes pandemia principal culpado,1.0
novo ministro turismo celebra aeroportos hotéis lotados país,1.0
major olímpio morreu covid morreu avc diz assessor boato,0.0
oms volta atrás razão bolsonaro pede fim isolamento social quer pessoas voltem trabalho boato,0.0
carrefour iphone pro responder pesquisa compartilhar link boato,0.0
polícia indonésia prende suspeitos invadir hospitais roubar corpos vítimas covid,1.0
jejum horas controlar síndrome metabólica,1.0
marcelo freixo lamenta morte elias maluco publicação twitter boato,0.0
ibope rio branco minoru kinpara socorro bocalom,1.0
demarcação terra indígena roraima relação alta preço arroz,0.0
bolsonaro diz faz campanha eleitoral live expediente,1.0
situação brasil alerta coronavírus exige atenção contínua autoridades diz diretora opas,1.0
pesquisadores identificam possível nova variante coronavírus,1.0
fake vídeo mostre cédulas votos trump sendo queimadas eua,0.0
rui costa governador bahia pede prefeita porto seguro invente casos coronavírus boato,0.0
pazuello mentiu cpi bolsonaro governa finge internet,1.0
repórter pergunta médico negro tomou vacina bahia motorista socorrista boato,0.0
retomar aulas prioridade preservar vida prioridade zero,1.0
ano ter contraído covid paciente relata dor falta olfato,1.0
postagens sobre transposição francisco inflam responsabilidade governo bolsonaro andamento obras,0.0
estudo publicado damares atribui suicídios crianças isolamento,0.0
brasil milhões vacinados aplica dose,1.0
mourão toma dose coronavac diz nada ver cpi,1.0
veja fotos eclipse solar total américa sul,1.0
vasco anuncia demissões clube fala acordo débitos atraso,1.0
fux diz meio ambiente eixos atuação presidência stf,1.0
coisa burrice estado arte depoimento diretor pfizer,1.0
vídeo mostra exato momento queda kevin prédio,0.0
bolsonaro demitiu funcionários ganhavam mil empresa trem bala nunca existiu boato,0.0
araújo executor fiel bolsonaro caiu conjunto diz ricupero,1.0
globo usou imagens tragédia lampedusa bergamo boato,0.0
fake vídeo multidão argentina mostre protesto contra medidas isolamento pandemia,0.0
texto usa erroneamente dados preliminares ligar queda homicídios aumento armas fogo,0.0
união europeia eleva moderado alto risco novo coronavírus,1.0
braide lidera ibope luís dois empate técnico,1.0
boticário presente dia mães site whatsapp boato,0.0
governo federal reúne representantes indústrias medicamentos soluções emergenciais,1.0
golpe ong doar filhote spitz shih tzu facebook,0.0
vídeo mostra estrela belém junção júpiter saturno vista chile boato,0.0
fake tendas triagem unicamp covid desmontadas falta pacientes,0.0
fake áudio fala afastar ministros stf feito general braga netto,0.0
vivendo doença desespero diz autor questionou isolamento,1.0
fake foto mostre joice hasselmann máscara hospital após contrair covid,0.0
totalmente equivocado diz taurus sobre governo comprar armas exterior,1.0
máscaras chinesas revelam vermes colocadas vapor mostra vídeo boato,0.0
senado proíbe fechamento hospitais campanha,1.0
alfred hitchcock ensinar curar parir fascismo,0.0
apoiadores bolsonaro gritam renan vagabundo ato pró governo,1.0
fato fake ano quase boatos checados declarações verificadas,0.0
índia registra milhões casos covid,1.0
post engana afirmar empresas exigem vacinação ceo pfizer imunizou,0.0
francesas desafiam igreja católica candidatam cargos proibidos mulheres,1.0
milhões pessoas ainda vacinaram contra gripe,1.0
bancos estendem prazo negativação clientes inadimplentes,1.0
enfermeira sandra guerra demitida postar vídeo uti vazia bahia boato,0.0
bolsonaro expulso jogo flamengo athletico sob gritos bolsonaro mostra vídeo boato,0.0
dilma disse vacina chinesa funcionará porque vírus veio china,0.0
conselho pune procuradora insinuou maia recebeu propina aprovar previdência,1.0
fiocruz entrega milhões doses vacinas contra covid nesta semana,1.0
brasil mortes coronavírus horas revela consórcio veículos imprensa total,1.0
governo altera regimento interno comissão mortos desaparecidos presidente órgão fim atividades,1.0
fake ministro afastou witzel soltou queiroz interrompeu investigação flávio bolsonaro,0.0
campo refugiados palestinos líbano registra primeiro caso coronavírus diz onu,1.0
fake foto mostre flor rara himalaia floresce cada anos,0.0
vladimir putin faz discurso contra ideologia gênero nova ordem mundial homossexualismo boato,0.0
dilma rousseff confirmar atacar hacker ministrar sérgio morar,0.0
américa sul tornou novo epicentro covid brasil país afetado diz oms,1.0
cvm orienta empresas informarem impactos coronavírus,1.0
casos covid caem nova york polêmica sobre isolamento cresce eua,1.0
reação governadores apenas reforça marketing populista bolsonaro,1.0
entra justiça impedir bolsonaro acabe seca nordeste boato,0.0
juventus anuncia zagueiro rugani covid caso assintomático,1.0
verdade coração único órgão desenvolver câncer,0.0
falso mst destruído estação energia amapá,0.0
genival lacerda morreu hoje anos recife após sofrer avc boato,0.0
instituto butantan cria drive thru testes covid shopping zona sul,1.0
saúde pfizer tentará antecipar lote doses trimestre,1.0
texto engana dizer pandemia declina após zerar excesso mortes,0.0
juíza nega recurso mantém prisão sócios avianca lava jato,1.0
covid itália queda número mortes diárias pacientes uti,1.0
geração engenheira ampliou oferta leitos covid transforma colaboração,1.0
verificações afp português sobre novo coronavírus,0.0
tse vendeu eleição paulo boulos esquerda boato,0.0
mec revoga portaria fazia volta aulas presenciais universidades,1.0
governo negociará valor auxílio,1.0
homem fez papel diabo vencendo jesus carnaval morreu boato,0.0
pari campo belo têm maiores taxas mortes covid cidade raposo tavares alta óbitos,1.0
êxito louis vuitton compensa queda vendas grupo luxo lvmh,1.0
brasil mortes casos confirmados novo coronavírus diz ministério,1.0
marcelo crivella cumpriu metas prefeito rio,0.0
mst invade brumadinho roubar vítimas tragédia boato,0.0
slime caseiro pode causar alergias pele queimaduras segundo grau diz especialista,1.0
juiz manda reabrir restaurantes diz mídia impõe medo desespero,1.0
celso pede manifestação agu pgr ação rede contra foro flávio,1.0
sair casa vez semana transporte situação brasileiros bolívia,1.0
celso mello sobre bolsonaro mentes autocráticas buscam via tortuosa,1.0
facebook anuncia compra telegram bilhões boato,0.0
homem enterrado vivo retirado túmulo horas boato,0.0
defesa orienta militares participar desfiles setembro evitar aglomerações,1.0
macron frança querem anexar amapá guiana francesa boato,0.0
stf decide dinheiro público roubado pode devolvido após cinco anos boato,0.0
quarentena itália cristiano ronaldo treina filho veja,1.0
coronavírus decreto proíbe acesso piscinas naturais maragogi,1.0
filho joão doria festa aniversário pessoas durante quarentena coronavírus boato,0.0
novo coronavírus cura,1.0
sanofi gsk adiam pesquisa vacina contra covid revés luta contra pandemia,1.0
centro contingência descarta reabrir hospitais campanha,1.0
lula vendeu exploração solo brasil canadá boato,0.0
pandemia coronavírus ameaça milhões desalojados mundo,1.0
itália reabrirá escolas apenas setembro diz premiê,1.0
departamento justiça eua divulga corrupção lula dilma boato,0.0
governo investiga professores manifestação desapreço presidente,1.0
motivos explicam casos covid voltaram crescer brasil,1.0
fake nóis ano casar varginha,0.0
joe biden apoiar transição gênero criança ano,0.0
espere chegar fundo poço saiba onde conseguir terapia gratuita barata rio,1.0
secretário comunicação fábio wajngarten coronavírus diz governo,1.0
carro fugir polícia saltar rampa caminhão guinchar verdade,0.0
oms reclassifica conceito jovem meia idade idoso boato,0.0
ministrar ricardo salles envenenar ecoterroristas infarto,0.0
vídeo mostra mil bois carretas fazenda lula félix xingu boato,0.0
fake mensagem lista cidades morte internação covid após adoção tratamento precoce,0.0
fake vídeo mostre presos comemorando decisão stf contra prisão instância soltura lula,0.0
campanha lira bolsonaro reserva agenda receber deputados,1.0
grupo idosos funcionários abrigo ganha festa após curar covid deixar isolamento vídeo,1.0
moto play moto plus chegam brasil partindo,1.0
inglaterra médico cuida cirurgião covid salvou anos,1.0
coronavírus hong kong registra morte china fecha duas cidades,1.0
itamaraty irá manter lealdade trump final processo,1.0
patricia abravanel faz selfie máscara viseira look dia,1.0
ditadura bolsonaro liga duas fotos lula fhc,1.0
ministério confunde dizer coronavírus transmitido,0.0
bancos reforçam medidas garantir atendimento manaus,1.0
ter trauma todo apenas preocupado covid minimiza bolsonaro,1.0
brasil mortes casos confirmados novo coronavírus diz ministério saúde,1.0
fake perfis carlos bolsonaro redes sociais retirados ordem gilmar mendes,0.0
pedido recuperação latam eua expõe vulnerabilidade setor aéreo,1.0
bolsonaro critica foco vacinas diz pandemia usada politicamente,1.0
saques aves porcos gravados argentina durante protestos colômbia,0.0
ministro pazuello visita novo prédio pesquisas ufrj,1.0
dono havan umar moto parir entregador uber eats zombar miss,0.0
simpsons prever assassinato george floyd protesto eua,0.0
inflar economia brasil áudio inventa mercedes esgotou produção,0.0
sabe sobre remédio regeneron trump prometeu distribuir gratuitamente americanos,1.0
cientistas peruanos criam teste detectar covid minutos,1.0
weintraub indicado trump banco mundial monitora receita federal coaf,0.0
enganoso dizer vídeo vagões contêineres empilhados primeiro trem trajeto porto santos,0.0
secretária saúde polarização esdrúxula afasta bons profissionais,1.0
verdade curitibano registrar filhar nome ameno dorime,0.0
protocolo italiano contra covid relação tratamento precoce,1.0
fake vídeo mostre extração pérolas amazônia,0.0
vídeo mostrar canibalismo verdadeiro falsar,0.0
ifood fazendo propaganda contra bolsonaro notas fiscais boato,0.0
crédito microempresas chega bancos agosto,1.0
jornalistas globo usaram vermelho dia lula solto,0.0
médico secretário denunciados cobrar consultas posto,1.0
proposta obriga planos saúde pagarem vacina contra covid,1.0
tris idem witzel afastado cargo pastor everardo preso,1.0
prefeito manaus diz profissionais saúde covid,1.0
tuíte engana afirmar ferrovia sol vias implementada,0.0
onu brasil vai contramão elogia trump luta contra racismo,1.0
verdade kid bengala abandonou filmes adultos virar evangélico,0.0
fake fundadora the body shop revelou livro cacique raoni deu golpe milionário,0.0
vacina fiocruz minas ufmg avança testes laboratório,1.0
coronavírus fifa alerta contra reinício futebol cedo pandemia,1.0
estudar cdc mostrar ineficácia máscara pandemia covid,0.0
rodrigo pacheco afirma preciso reconhecer vulnerabilidade social apesar teto gastos,1.0
vídeo gravado bahia usado falsamente ligar mst apagão amapá,0.0
voluntários testes começam descobrir tomaram placebo coronavac,1.0
covid corrupção erros acertos crivella paes debate globo,0.0
canadá compartilhará eventuais excedentes vacinas promete trudeau,1.0
senado aprova maior proteção profissionais expostos coronavírus,1.0
terapia reverteu câncer ainda ofertada larga escala,1.0
positivos covid itália podem vezes diz estudo,1.0
prf apreende caminhão milhões dólares outros partidos boato,0.0
porto destruído líbano vive temor desabastecimento fome,1.0
bolsonaro grande derrotado nessa campanha diz jilmar tatto,1.0
stalin disse vota vota conta nada conta votos realmente importa boato,0.0
fake estátua che guevara retirada cidade após eleição bolsonaro,0.0
brasil casos confirmados novo coronavírus alta casos suspeitos diz ministério,1.0
fake presidente oab aparece foto lado battisti,0.0
comitê colapso propõe ampliar fase emergencial dias,1.0
fake ministério saúde repassa mil hospitais cada morte covid,0.0
respostas perguntas frequentes sobre coronavírus,1.0
fake imagem mostra balão rosto lula penitenciária,0.0
data fabricação vacina chinesa abril revela plano maléfico china boato,0.0
parciais eleições alternaram vezes vitória aécio dilma,0.0
entidades médicas divulgam documento recomendações triagem pacientes utis,1.0
militares saúde entendem guerra diz presidente anvisa,1.0
reino unido registra mortes decorrência covid,1.0
fazer dinheiro chegar microempresários prioridade diz rodrigo maia,1.0
site usa texto sobre boa aprovação lula tratar apoio bolsonaro,0.0
fake número mortes doenças respiratórias ceará menor,0.0
conserto dique eua significa retomada construção muro fronteira méxico,0.0
moderna diz preço vacina contra covid garantirá acesso amplo,1.0
governadores criticam bolsonaro desautorizar compra coronavac,1.0
fake vídeo mostre crianças deitadas chão dor causa coronavírus china,0.0
antes comprar coronavac bolsonaro precisa conhecer preço centrão,1.0
corintiano oferece esposa troca ingressos final paulistão boato,0.0
uol transmite debate candidatos prefeito mauá,1.0
parlamentar velho senado josé maranhão morre covid,1.0
agricultores familiares américa latina relatam dificuldades venda alimentos durante pandemia diz pesquisa,1.0
cristiano ronaldo vai transformar hotel hospital tratar pacientes coronavírus boato,0.0
artistas cubanos eua gravam música levanta capitão bolsonaro boato,0.0
após stf anular sentença moro juiz condena gerentes petrobras,1.0
xiaomi trabalha máscara desinfecta sozinha permite ver rosto,1.0
berlusconi internado mônaco arritmia cardíaca,1.0
vídeo mostra prefeito tianguá quadra poliesportiva lula,0.0
imunidade rebanho bolsonaro mandou país morte diz membro cpi,1.0
linguiça marca autêntica bragança feita carne cachorro boato,0.0
vinícolas reabrem experiências livre degustações online,1.0
lindbergh farias flagrado comprando drogas morro vidigal rio janeiro boato,0.0
analisar principal provar apresentar pelar pavão misterioso,0.0
estrangeiros vivem angústia ficar confinados wuhan,1.0
ambev fabricará doará milhões máscaras proteção facial feitas pet,1.0
vídeo engana mostrar parcial enquete sobre voto presidente,0.0
após polêmica bolsonaro faz recomendação sobre covid redes sociais,1.0
informação associa saída ministros franceses cloroquina falsa,0.0
urna picape equipamento reposição máquina adulterada partidários sarto,0.0
brasil chega mil mortos covid média móvel óbitos,1.0
juíza exposição documento sigiloso imprensa pode prejudicar imagem flávio,1.0
troca cédulas reais aprovada implementada bolsonaro boato,0.0
itália começa planejar distribuição vacinas contra covid,1.0
comunismo instalado supermercado garibaldi rio grande sul boato,0.0
coronavírus rio mortes casos confirmados,1.0
montagem foto manuela ávila tatuagens che guevara lenin,0.0
senador ciro nogueira lança pré candidatura governo piauí,1.0
live sandy junior veja data horário assistir,1.0
mulheres política menos corrupção menos morte crianças saúde,1.0
texto engana dizer cloroquina cura pacientes covid,0.0
oms planeja aprovar vacinas diversas empresas agilizar imunização globalmente,1.0
eua querem brasil integre ocde diz embaixada,1.0
foto mostra contrato aposta candidatos eleições boato,0.0
paulo guedes gastar viagra,0.0
aranha rabo cobra encontrado dona casa mostra foto boato,0.0
cotado relator câmara quer punição específica financia difusão fake news,1.0
telemedicina favelas facilita atendimento moradores durante pandemia,1.0
novo estudo descarta elo tipo sanguíneo incidência covid,1.0
lewandowski determina recursos negros valem eleições,1.0
fake ziraldo fez defesa cloroquina criticou faz campanha contra remédio,0.0
nova york detecta primeiro caso variante contagiosa coronavírus,1.0
ministério saúde apoia ampliação farmácias vivas todo país,1.0
terrorista muçulmano flagrar catedral notre dame,0.0
pais correm risco morrer atitude médicos fazem alerta participa festas ano novo,1.0
anvisa começa análise dados vacina contra covid brasil processo pode acelerar registro,1.0
dezenas corpos encontrados caminhões mudança nova york,1.0
montagem capa the new york times sobre atos pró bolsonaro maio,0.0
fake gleisi hoffmann afirmou twitter caminhoneiros devem fazer greve mostrar bolsonaro força têm,0.0
cotonete pcr chega nasofaringe coletar amostras exatas pouca carga viral,0.0
jornal secom anunciou divulgado canais suspeitos fake news,1.0
fake enchente cubatão provocada abertura barragem,0.0
provas renan calheiros soubesse irregularidades compra covaxin,0.0
homem papel diabo vencer jesus desfilar morrer carbonizar,0.0
mapa online mostra livrarias abertas brasil durante quarentena,1.0
whatsapp vai bloqueado horas partir hoje boato,0.0
bolsonaro vai chegar fraco pode estimular movimentos golpistas avalia kennedy alencar,1.0
ronaldo caiado divulga áudio atacando alexandre moraes doria psdb boato,0.0
mcdonald suspende serviços salões restaurantes eua,1.0
agência reguladora europa inicia revisão contínua vacina curevac contra covid,1.0
semana bolsonaro esculhambou vez presidência república,1.0
assessor flávio bolsonaro determinante esquema diz mprj,1.0
levado governo jorge oliveira mendonça ponte toffoli cotado stf,1.0
presidente acusa bolsonaro fazer propaganda eleitoral,1.0
país vive clima fim feira capitão vai praia dando risada,1.0
foto mostrar umar vacinação obrigatório covid peru,0.0
três filhos bilionários filantropos bill melinda gates vacinados,0.0
governador paulo câmara anunciou lockdown pernambuco boato,0.0
trem bala japão alcançar umar velocidade,0.0
robert kennedy escreve texto aponta vacina mrna contra covid altera dna boato,0.0
foto mostrar lula vestir camiseta estampar morar cadeia verdade,0.0
fake prefeituras médicos diagnosticam casos covid atestam óbitos doença recebem dinheiro cada paciente,0.0
fake capa charlie hebdo sátira jair bolsonaro,0.0
espero brasil fique fim fila diz cientista sobre vacina,1.0
nikita khrushchev disse filhos filhos viverão sob comunismo anos boato,0.0
fotos mostram brigadistas ong alter chão gastando dinheiro ganharam wwf dicaprio boato,0.0
fake secretaria saúde pernambuco distribuiu caixas álcool gel areia hospitais,0.0
lula gabinete dentro curitiba despachar boato,0.0
fake mensagem diz após reforma previdência aprovada liberado saque fundo previdenciário,0.0
bolsonaro acabou dia bruxas transformou dia evangelho boato,0.0
fake suzane von richthofen recebida ativistas direitos humanos sair prisão,0.0
fake vídeos mostrem dono localiza criticando ações combate coronavírus,0.0
gugu liberato assassinado morte apresentador acidente boato,0.0
projeto abigail aterrorizante projeto área realmente existiu,0.0
ong denuncia morte profissionais saúde três dias venezuela,1.0
facebook remove anúncio campanha trump conter símbolo semelhante usado nazistas,1.0
presidiário flagrar comemorar decisão stf soltar lula,0.0
sinovac defende coronavac após dados eficácia brasil,1.0
testes tuberculose diminuíram março abril diz saúde,1.0
umar ong flagrar roubar diamante tonelada,0.0
covas discute repórter ricardo nunes fico horrorizado,1.0
fake governo russo soltou leões ruas amedrontar população fazê ficar casa conta coronavírus,0.0
justiça torna réus manifestantes fizeram ato contra alexandre moraes,1.0
live bolsonaro mente sobre coronavac apuração votos,0.0
sérgio morar acabar eleito líder mundial pelar revisto fortune,0.0
exames sangue provaram bolsonaro envenenado chumbo,0.0
foto mostrar umar polêmica campanha pré lançamento playstation,0.0
coca cola beapp aplicativo streaming oferecerão shows dias,1.0
uol entrevista deputada manuela ávila derrotada porto alegre,1.0
sheik árabe vai investir bilhões flamengo construir estádio brasil boato,0.0
enxergar corar diferente foto tênis significar predominante cérebro,0.0
fábio faria bolsonaro acredita pesquisas,1.0
blitz partir amanhã apreender moto carro documento atrasado boato,0.0
justiça determina roger abdelmassih retorne prisão,1.0
vídeo diretor oms tirado contexto validar discurso bolsonaro,0.0
fiocruz libera distribuição milhões doses vacina oxford,1.0
psol entram ação stf contra autonomia banco central,1.0
contaminação causou casos covid dentro cruzeiro japão aponta estudo harvard,1.0
tuíte engana questionar compra vacinas governo,0.0
homem flagrar bater criança espancar prisão,0.0
carrefour cartão negativados aprovação imediata site whatsapp boato,0.0
egito aprova vacina chinesa sinopharm contra covid,1.0
trump deixa casa branca helicóptero despede dizendo breve,1.0
fake vacina pfizer chip microsoft prevenir efeitos colaterais,0.0
colômbia estende fechamento fronteiras terrestres fluviais junho,1.0
decotelli atualiza currículo diz ministro educação dias junho,1.0
general mourão faz texto agradecimento insetos brasil boato,0.0
ministério saúde destaca ações realizadas população indígena,1.0
muçulmano protestar ruir corpo terrorista esquecer tirar bomba corpo morto,0.0
trump chamou bolsonaro javier bolsonaro deixou seguir twitter boato,0.0
estudo cloroquina contra covid retirado junho outros atestam ineficácia,0.0
após críticas bolsonaro troca pronome usa exército visita,1.0
brasileira navio atracado roma descobre páscoa covid,1.0
formulário pede dados receber benefício emergencial falso,0.0
bancos avaliam flexibilizar crédito consignado afetados crise,1.0
brasil chanceler procuraria biden,1.0
amazon celebra aniversário anos presentes grátis whatsapp boato,0.0
profissional saúde reação alérgica grave vacina pfizer eua,1.0
pazuello diz bolsonaro pessoalmente fará campanha vacinação,1.0
pesquisador francês falta peça quebra cabeça origem covid,1.0
cacho gigante uva israel umar provar bíblia verdadeiro,0.0
mensagens virais sobre sintomas variante delta covid enganosas,0.0
simpsons prever vitória joe biden eleição,0.0
pib brasil ultrapassa reino unido mundo boato,0.0
vídeo mostrar umar lula gigante capturar homem,0.0
bolsonaro diz pandemia pode fabricada desdenha pedidos impeachment,1.0
fake lei determina uso máscara obrigatório todo brasil,0.0
toras apreendidas ação contra desmatamento ilegal doadas festa igreja,0.0
bolsonaro aplaude pazuello exército inquieta,1.0
barra torres declarações bolsonaro sobre vacinas parte guerra política,1.0
missionária cristã boca costurada afegãos islâmicos boato,0.0
gretar thunberg parir chinês parar hashi árvore desmatamento,0.0
jair bolsonaro eleito personalidade ano revista time,0.0
engemax engmax construtora vagas emprego nova fábrica boato,0.0
ministro economia finanças venezuela flagrado fazendo compras eua boato,0.0
associação brasileira infectologia abi obriga médicos assinar termo receitarem tratamento precoce boato,0.0
bolsonaro gastou zero reais cartão presidencial enquanto lula gastou milhões dilma gastou milhões boato,0.0
tempo sergio camargo frente fundação palmares precisa acabar,1.0
vítima coronavírus medicada três vezes xarope ubs diz filho,1.0
ganhadora loteria eua vai doar milhão boato,0.0
programa renda cidadã emergencial inscrições abertas site whatsapp boato,0.0
fake foto olhos sangrando calçada mostre intervenção artística recife,0.0
resultado extraordinário diante derrota diz manuela,1.0
três irmãos norte americanos diagnosticados tipo câncer,1.0
relator pec emergencial contra fatiamento menor cabimento,1.0
coronavírus paciente piauí testa positivo semanas após recuperação,1.0
guarda esquina violento temido empoderado bolsonaro,1.0
comissária onu cobra governo brasil exemplo luta contra pandemia,1.0
paciente dias uti marido alta isolamento,1.0
chineses vendem sapos vivos caminhonete após pandemia covid boato,0.0
inaugura hospital campanha capital atraso menos leitos,1.0
filha queiroz interrompeu repasses pai saber investigação,1.0
fontes russas disparam enxurrada desinformação sobre coronavírus diz comissão europeia,1.0
irmão lázaro vivo homem revela vídeo morreu boato,0.0
coronavírus propõe redução jornada trabalho evitar demissões,1.0
foto mostrar bancada psl posar frente ícone comunismo verdade,0.0
fake medida provisória determina suspensão aposentadoria idosos saírem ruas meio pandemia coronavírus,0.0
fake ingestão alimentos alcalinos combate novo coronavírus,0.0
bolsonaro determina colocação cpf apostas mega sena boato,0.0
afastamento basta diz isa penna após decisão cidadania sobre cury,1.0
texto militar crítico salles circula oficiais,1.0
vídeo usa informações falsas dizer lockdown inútil pico covid ficou trás,0.0
tasso diz bolsonaro popularidade reeleger pede união,1.0
considero garantista diz kassio marques,1.0
leandro lehart contar uti difícil perigoso,1.0
imagem feita lituânia circula manifestantes pró bolsonaro,0.0
stf dispensa aval sindicatos acordos trabalhistas durante pandemia,1.0
lufthansa retomará voos destinos partir meados junho,1.0
redução multa fgts valerá jovens deverá acordada contrato,0.0
fake defesa civil fez alerta chuva ácida causa queimadas amazônia,0.0
deputados chamam teich explicar estratégia combate coronavírus,1.0
casamento jair bolsonaro michelle chegou fim boato,0.0
vídeo engana atribuir protesto bélgica profissionais saúde paulo,0.0
itália maior número novos casos covid quase meses,1.0
chineses cuspindo elevadores locais públicos espalhar coronavírus boato,0.0
índia aprova uso emergencial vacina oxford,1.0
jair bolsonaro confunde bagunça atividade,1.0
fake lula comprou mansão milhões bahia,0.0
cármen lúcia manda governo enviar cada ministro stf suposto dossiê contra opositores,1.0
método mostra usar whatsapp precisar internet boato,0.0
fake foto mostre sergio moro rodrigo maia encontro após pedido demissão ministro,0.0
anvisa divulga orientações vacinação farmácias,1.0
deputado bolsonarista reverte aposentadoria volta ministério saúde,1.0
filas inss governo decide convocar peritos aposentados,1.0
joice hasselmann contratou atores atuarem mendigos cracolândia boato,0.0
bolsonaro diz namora patriota quer autoridade partido,1.0
tse finaliza totalização votos três horas atraso,1.0
vídeo mulher pisando criança deve compartilhado presa boato,0.0
recolhimento biscoito liga sinal alerta pais crianças alergia leite,1.0
reino unido deve ter pico mortes duas três semanas diz governo,1.0
vitória negacionismo diz diretor butantan sobre covid brasil,1.0
covid estudo usp analisa eficácia colchicina cloroquina,0.0
vacinaja vacinaja gov site fake aplica golpes boato,0.0
lira cobra pazuello soluções nega pressão saída ministro,1.0
maia adia votação pec municípios dar tempo governo,1.0
peruca donald trump sugada turbina avião durante entrevista boato,0.0
fake nóis urnas eletrônicas podem hackeadas,0.0
receitas interrompem meses queda déficit governo central segue explosivo agosto,1.0
tuítes atribuir jeanine añez verdadeiro falso,0.0
foto mostra caçador segurando maior gafanhoto mundo,0.0
fake lula grampeado falando queria assassinato palocci prisão,0.0
senador arolde oliveira internado covid diz assessoria,1.0
fake governo federal distribuído kits anti covid medicamentos estados municípios,0.0
fake israel adotou apenas isolamento idosos enfrentar coronavírus,0.0
fake hospital campanha santo andré pacientes covid,0.0
espanhol veste papai noel tenta burlar quarentena coronavírus,1.0
fake cartaz anuncia vacinação prioritária homossexuais contra covid,0.0
pgr vai recorrer decisão fachin anulou condenações lula,1.0
ivermectina supera vacinas ter eficácia contra covid boato,0.0
pandemia seleção equador quer demitir técnico jordi cruyff,1.0
fake telejornal fez recomendação pessoas usarem máscara após sete meses pandemia,0.0
após dias internado covid menino anos recebe alta hospital florianópolis,1.0
butantan aponta covid deve controlada vacinados diz,1.0
paciente grave deixa uti sob aplausos após dias intubado rio,1.0
rogério carvalho cpi covid mostra crime contra saúde pública,1.0
gilmar chama demagogia movimento fux contra decisões individuais,1.0
briatore receberá alta amanhã após infecção covid diz hospital,1.0
pastor itália reabre igreja fotos fiéis morreram covid boato,0.0
belarus mantém futebol enfrenta ira sindicato greve torcedores,1.0
foto mostrar jogador neymar bêbado perder faixar capitão verdade,0.0
bolivianos acampados santiago poderão voltar país após quarentena,1.0
coronavírus uso máscara obrigatório bairros agitados marselha,1.0
stf decidiu dar prazo justiça cobrar devolução verba desviada,0.0
lobisomem capturado polícia salvador rio janeiro mostra vídeo boato,0.0
william bonner pede demissão globo após derrota histórica futebol sbt boato,0.0
clonagem celular pode manter aparelho chip acesso rede móvel,1.0
fake mensagem diz vacinas mantidas agentes infectar células transferir material genético,0.0
campinas pede reciprocidade paulo garantir atendimento,1.0
fake foto mostra macaco morto queimada brasil,0.0
jornal alemão publicar charge morte aplaudir atitude bolsonaro,0.0
naiara azevedo amado batista vale pena aplaudir bolsonaro,1.0
pgr defende stj recuse recurso flávio anular decisões,1.0
vídeo mostra brigadistas causando incêndio pantanal técnica combate chamas,0.0
post compara pedreiros policiais minimiza risco rotina agentes,0.0
fake foto mostre ministro stf marco aurélio mello fidel castro,0.0
homem bater esposo confundir suar meia calça umar cobrar verdade,0.0
ministério saúde avalia distribuir kit covid graça farmácia popular,1.0
governadores questionam cpi após consultoria senado,1.0
mourinho luz fim túnel possível volta campeonato inglês,1.0
pessoas completaram vacinação contra covid podem reunir máscaras diz cdc,1.0
china lançará nova companhia aérea apesar crise coronavírus,1.0
fake foto mostre centenas mortos praça china,0.0
tuíte elogia maia trabalho pouca mitagem escrito conta falsa moro,0.0
foto umar criança sujo chorar lama desastre brumadinho,0.0
prisão domiciliar covid chefe pcc quebra tornozeleira foge,1.0
fake foto mostre enfermeiras paraty reações graves após vacina contra covid,0.0
bebê vence covid após perder irmão gêmeo aprende mamar,1.0
fake vacina chinesa testes brasil use células fetos abortados,0.0
fake ministros stf recebem auxílio alimentação mil mês,0.0
taxa contágio coronavírus diminuindo inglaterra aponta imperial college,1.0
construído dias hospital recebe primeiros pacientes coronavírus china veja vídeo construção,1.0
montagem foto salve geral pcc faixa pedindo ministro alexandre moraes stf,0.0
violação teto gastos levaria abandono política subir juros,1.0
imagem modificada faz cartaz pró bolsonaro virar mensagem falsa sobre moro,0.0
mensagem compara forma errada gastos bolsonaro dilma viagens,0.0
vídeo fazenda filho lula mostra ovelhas bois,0.0
lobisomem morto tiros cidade brasil mostra vídeo boato,0.0
entenda polêmica bolsonaro vice militares,1.0
julgamento arquivamento inquérito contra carlos moisés suspenso cnmp,1.0
criador movimento condenado anos estupro pedofilia boato,0.0
estudar descobrir pimenta reino eficaz coronavírus,0.0
áfrica pode ter mil mortes milhões contaminados diz onu,1.0
fake máscaras têm baixa filtragem vírus fazem mal bem,0.0
bolsonaro compara incorretamente tamanho amazônia europa minimiza queimadas desmatamento live,0.0
fake vídeo mostre diretor geral oms dançando bar durante isolamento social,0.0
fernanda torre importar cadáver vírus abreviar governar,0.0
limão bicarbonato cura covid pode fazer mal saúde,0.0
ministro saúde israel covid registros dito pandemia punição gays,0.0
foto moro trem portugal propaganda conferência,0.0
anvisa aprova medidas acelerar registro vacina contra covid brasil,1.0
conferir principal boato sobrar eleição municipal macaé,0.0
comparação fotos avenidas lotadas mostra manifestações paulista,0.0
onu criou documento chamado nova ordem mundial boato,0.0
china cancelou transações dólar bolsa valores abalou mundo boato,0.0
itália declara estado emergência coronavírus,1.0
história bolsonaro hidroxicloroquina pontos tuítes trump cpi covid,1.0
onda frio forte desde prevista próximos dias boato,0.0
fake denúncia fraude eleição comprovou vitória bolsonaro turno,0.0
brasil aproxima mil mortes covid registradas últimas horas,1.0
sol fica vermelho vezes,1.0
gleisi indo chile fazer violência internacional protestos boato,0.0
bolsonaro gastou milhões leite condensado valor todo executivo,0.0
fake infectologistas todo país obrigados assinar documento contra tratamento precoce covid,0.0
postagem acusa provas mst ter relação queimadas amazônia pantanal,0.0
folha livro general villas bôas histórico lixo golpista,1.0
verdade luan santana chorar dinheiro lei rouanet,0.0
saúde pfizer assinam contrato compra doses vacina,1.0
bombeiro alerta coronavírus espalhou minas gerais hospital construído boato,0.0
foto multidão vermelho torcida flamengo ato contra bolsonaro,0.0
band saiu porque datena anunciaria cura coronavírus recebeu ligação misteriosa china boato,0.0
nova york acabou aprovar aborto dia antes nascimento boato,0.0
google maps lança votação escolher israel palestina boato,0.0
jornalista globo apresentar telejornal vestir vermelhar homenagem soltura lula,0.0
fake vídeo mostre chinesa coronavírus sendo presa mercado austrália após cuspir bananas,0.0
enfermeira desmaiou gravemente causa efeito vacina contra covid boato,0.0
demissões mulheres durante pandemia podem eliminar trilhão pib global,1.0
olavo carvalho recorre pagar indenização caetano,1.0
auxílio emergencial vai continuar bolsa família vai aumentar,1.0
esperar reabertura aumento casos especialistas comentam,1.0
smartmatic forneceu urnas venezuela nunca vendeu aparelhos brasil,0.0
fake mosaico fotos mostram bin laden obama hillary clinton condoleezza rice,0.0
fake nóis mms remédio milagroso matar,0.0
fake stf autorizou abertura campos concentração pessoas recusam vacinação contra covid,0.0
fake foto grupo queimando bandeira brasil protesto pró democracia último domingo,0.0
livro expõe negligência homicida trump copiada risca bolsonaro,1.0
falso jornalista disse iria visitar filha bolsonaro cadeia antes presidente insultá,0.0
dois mil leitos visita hospitais pacaembu anhembi,1.0
brasil registra milhões pessoas recuperadas,1.0
telefónica anuncia fusão virgin media inglaterra,1.0
holanda vai fechar escolas restaurantes combater coronavírus,1.0
procon multa enel milhões prática abusiva,1.0
vice doria confirma pré candidatura governo paulo,1.0
sangue verme marinho pode ajudar tratamento pacientes coronavírus,1.0
china casos assintomáticos coronavírus,1.0
trump promete início vacinação contra covid eua menos horas,1.0
câmara paulo aprova votação fim salário esposa,1.0
adriana esteves atacada cão raça chow chow boato,0.0
ministério damares carros zero encalhados inicia entrega,0.0
redes carlos apagadas ordem stf twitter facebook,0.0
ceagesp ceasa paulo joga alimentos causa quarentena mostra vídeo boato,0.0
filhar vice presidente mourão substituir assessor ganhar,0.0
doria anuncia suspensão aulas eventos pessoas,1.0
polêmico experimento células humanas cultivadas embriões macaco,1.0
freixo diz colocou advogados defender lázaro condenar perseguição policial boato,0.0
falso loja pega produtos xiaomi contrabandeados,0.0
venezuela diz irá oferecer oxigênio amazonas,1.0
fake caças russos invadiram espaço aéreo brasileiro eua enviaram navios resposta,0.0
vacinas covid capazes provocar danos genéticos,0.0
fake foto mostre andar inteiro hospital manaus pacientes covid,0.0
proposta cima hora guedes dificulta acordo votar fundeb,1.0
imagem maju coutinho máscara praia maio antes pandemia coronavírus,0.0
prefeitura quer enfrentar volta aulas porque eleição diz matarazzo,1.0
presidente mexicano lópez obrador anuncia covid,1.0
anvisa recebe pedido uso emergencial medicamento contra covid,1.0
fortunati desiste candidatura porto alegre ptb apoia sebastião melo,1.0
itália amanhece zona vermelha conter avanço covid natal,1.0
novo estudo comprova boiada salles área ambiental,1.0
cidades chinesas ficaram isolamento dois meses meio covid,0.0
foto umar menino uniformar foto lula guiné bissau real,0.0
astrazeneca testa medicamento pode dar imunidade instantânea coronavírus,1.0
desembargador diz conhecer saúde bolsonaro fundamental,1.0
joão pedro stédile líder mst três fazendas paraguai confiscadas boato,0.0
doria anuncia bom prato gratuito junho julho moradores rua,1.0
preciso falar ato destrambelhado fux rei absolutista,1.0
fake urna eletrônica lacre violado última eleição,0.0
fake cebola alho batidos água curem fibrose pulmonar causada covid,0.0
montagem foto faixa cut frase sobre obrigação trabalhar,0.0
resultado positivo bebida cola covid significa testes ineficazes,0.0
mulher moro sobre mandetta ciência achismos fico ciência,1.0
transparência internacional parceira dallagnol tenta intimidar stj,1.0
fake todos atestados óbitos pacientes sus afirmem causa mortis covid,0.0
anuncia relaxamento isolamento maio omite detalhes,1.0
imagem torcedores assistindo jogo durante gripe espanhola tirada eua rio janeiro,0.0
idoso curou coronavírus canta receber alta agradecer equipe hospital itumbiara vídeo,1.0
foto circular rede social mulher acusar jogador neymar estuprar,0.0
tratamento precoce hidroxicloroquina evitou mortes porto feliz,0.0
montagem vídeo joe biden parece dormir durante entrevista,0.0
brasileiros jogam países continuam tendo futebol,1.0
bolsonaro admite voltar psl vez investir criação aliança brasil,1.0
fogo mourão diz opositor governo inpe divulga dados negativos,1.0
vacinação contra covid vai acabar coronavírus,1.0
fake enxofre destrua coronavírus,0.0
crivella negocia aviões fab podem buscar novos respiradores china,1.0
indonésia inicia vacinação contra covid presidente recebe primeira dose,1.0
procurador admite denúncia contra joesley pimentel inepta,1.0
doria prorroga lockdown dia abril paulo boato,0.0
fiocruz atrasou entrega vacinas porque faz boicote bolsonaro boato,0.0
fake governo irlandês colocou placa luminosa contra máscaras vacinas pedágio,0.0
fed adota meta inflação média aumenta foco emprego,1.0
vídeo mostra esposa omar aziz sendo presa avião boato,0.0
governo abre inscrições programa tarifa social conta luz site whatsapp boato,0.0
máscaras causam danos neurológicos irreversíveis boato,0.0
queiroga convidado explicar alta mortes covid,1.0
após posse novo ministro secretários saúde repetem alerta cobram coordenação nacional controle pandemia,1.0
entra justiça evitar bolsonaro acabe seca nordeste boato,0.0
três membros colônia testam positivo covid exames pré retorno,1.0
brasil pode ganhar trilhões economia verde,1.0
manaus viu morte sogra dentro hospital madrugada oxigênio,1.0
schelp teich mostrou primeira semana cargo firmeza,1.0
vídeo bolsonaro aeroporto gravado brasil equador,0.0
rei elizabeth coronavírus,0.0
brasil maioria pacientes hipertensão diabetes faz acompanhamento saúde sus,1.0
hidroxicloroquina funciona preventivamente conclui estudo clínico,1.0
coágulos misteriosos nova complicação letal covid,1.0
fake estudo espanhol mil pessoas atestou ineficácia isolamento social conter coronavírus,0.0
vídeo médicos estrangeiros coletânea informações falsas sobre pandemia,0.0
tse faz parceria redes sociais combater fake news eleições,1.0
estudo lancet levou estados municípios deixarem receitar cloroquina,0.0
doenças raras brasil avança assistência tratamento pacientes,1.0
lojas distribuindo camisetas dia internacional mulher boato,0.0
projeto combate fake news deve votado ano diz rodrigo maia,1.0
fake nóis fakes envolver físico quântico,0.0
justiça afasta secretário saúde vacinou própria esposa,1.0
toque recolher frança partir incluirá ano novo,1.0
escola seguir protocolo pode fechada diz secretário,1.0
austrália aprova implantação microchip humanos meio vacinas boato,0.0
bares restaurantes poderão abrir durante dia paulo durante flexibilização quarentena,1.0
mulher fotografada enquanto vacina contra covid perdeu bebê dias,0.0
bolsonaro decretar emergência antar carnaval governador ignorar,0.0
eleições eua biden vencer relação brasil normalizada menos compadres diz chefe conselho segurança nacional casa branca,1.0
fake jovem metralhadora vídeo ativista greta thunberg,0.0
ecoterroristas usam drone causar incêndios califórnia eua,0.0
prefeito rio branco demite jornalista irritou bolsonaro coletiva,1.0
bolsonaro inaugurou trecho transposição foto banhistas,0.0
bolsonaro aparece foto acusado assassinar marielle franco boato,0.0
defesa diz analisa caso caso militares receberam auxílio,1.0
bolsonaro vai mudar cor cédulas dinheiro pegar corruptos boato,0.0
deputado filho candidato vereador cabo frio presos,1.0
fake pandemia gripe suína início china sars covid,0.0
foto mostra caminho céu irlanda onde estrelas alinham cada anos boato,0.0
prisão roberto jefferson desmonetização canais direita cortina fumaça câmara boato,0.0
vídeo papar francisco impedir fiel beijar anel real,0.0
marinha ongs voluntários feito combate óleo praias,0.0
diagnóstico positivo doria indica ineficácia coronavac,0.0
bolsonaro torna humilhação guedes hábito,1.0
cidades mortes covid dias causa tratamento precoce boato,0.0
belém shoppings salões beleza reabrem sábado anuncia prefeitura,1.0
lutador ufc polyana viana reagir assaltar preso,0.0
desinformação sobrar surtir poliomielite sudão enganir vacinar filhar,0.0
igrejas queimadas ontem noite olisabang índia boato,0.0
caminhoneiros farão greve geral maio contra stf governadores defender bolsonaro boato,0.0
setor máquinas diz enfrenta risco parada,1.0
foto mostrar terra vênus júpiter visto marte verdade,0.0
ocidente eleva pressão sobre generais mianmar meio acusações contra suu kyi,1.0
donos restaurantes vila olímpia organizam ato pedindo socorro,1.0
fake sacar fgts trabalhador perde acesso saque rescisão,0.0
queimadas deixam marcas profundas amazônia,1.0
retire camiseta lula livre compartilhar link site whatsapp boato,0.0
falso alcolumbre ameaçado parar previdência protesto,0.0
fake página promove suposto processo seletivo supermercados guanabara,0.0
fake imagens mostrem pessoas caindo ruas após tomarem vacina índia,0.0
bolsonaro sanciona vetos orçamento,1.0
rodrigo pacheco responde processos stf protegeu alexandre moraes boato,0.0
biden reverte ato trump volta impor restrições viagens brasil,1.0
enterro última quimera general meio doença mil corpos,1.0
novas regras podem deixar crédito trabalho endereço idade,1.0
fake foto mostra carlos bolsonaro frente mesa cheia celulares,0.0
dono havan doa moto entregador zombado miss redes sociais boato,0.0
biden amplia lista empresas chinesas proibidas investimentos eua,1.0
covid tomar vacina problema diz bolsonaro,1.0
velórios vítimas covid duram hora têm limite pessoas,1.0
senado elege nesta terça dois vice presidentes oito cúpula,1.0
puc inscrições abertas sequelas respiratórias covid boato,0.0
cidade vai cancelar carnaval doar dinheiro brumadinho,0.0
bolsonaro envenenado chumbo mostram exames sangue boato,0.0
hoje infelizmente melhor amigo partiu diz filho maguito vilela,1.0
plano capital regride fase laranja seis regiões vermelha,1.0
câmara aprova uso obrigatório máscara locais públicos todo país,1.0
pgr pede stf manter condenações lula rever decisão ministro fachin,1.0
rosa weber nega pedido governo suspender regras sobre precatórios,1.0
ministro saúde bolívia preso compra superfaturada ventiladores covid,1.0
detalhes estudo brasileiro padrão ouro aponta ineficácia cloroquina contra covid,1.0
delegado citado inquérito recebeu maior homenagem alerj pedido flávio bolsonaro,1.0
alexandre garcia escreve texto bolsonaro caia logo deixe mourão assumir boato,0.0
milícias digitais usadas grande lavagem dinheiro diz alexandre moraes,1.0
mulher supera covid após dias internada duas paradas cardíacas milagre,1.0
bonner anuncia mil mortes diz história registrará omissões,1.0
jair bolsonaro cancelar dia bruxo criar dia evangelho,0.0
mineradora norueguesa instalou amazônia acordo lula boato,0.0
florianópolis começa fazer drive thru testes rápidos coronavírus,1.0
fábrica eua milhões máscaras consegue comprador,1.0
cpi ouvirá médica capitã cloroquina secretária ministério saúde,1.0
fake combinação limão laranja mel proteja coronavírus cure covid,0.0
coluna folha brasil afunda verdades sobre lava jato vêm tona,1.0
frota cita compra votos câmara vaiado deputados,1.0
foto papa chorando outubro meses antes identificação novo coronavírus,0.0
bolsonaro discute presidente uruguai flexibilizar negociação integrantes mercosul outros países,1.0
argentina vai proibir demissões país próximos dias,1.0
rodízio covas gera efeitos colaterais aumenta isolamento,1.0
alexandre moraes deixa supremo tribunal federal stf vai helsinque boato,0.0
governar maranhão vir fornecer kit cloroquina parir tratamento covid,0.0
vídeo porco equilibrista estação metrô verdadeiro falsar,0.0
crise torna carne bovina luxo milhões brasil,1.0
bolsonaro edita decreto proíbe uso drogas universidades boato,0.0
leitos hospitais tóquio pacientes covid ocupados,1.0
fake homem pego fuzis cocaína prisão domiciliar sido liberado causa coronavírus,0.0
foto metrô paulo lotado tirada,0.0
prefeito nova york bill blasio acusado estupro tráfico corrupção boato,0.0
primeira dama canadá chacota sobrar indicação eduardo bolsonaro comer embaixador eua,0.0
fake foto dezenas caixões enfileirados vítimas coronavírus itália,0.0
inseguro bolsonaro receia vice vire versa,1.0
vídeo flagra ovni espanha poços caldas porto rico boato,0.0
fake nóis verdade farsa história envolver filhar lula,0.0
homem ressuscitar dia enterrar túmulo verdade,0.0
putin põe fim licença trabalho rússia covid,1.0
cunha declara voto bolsonaro contra lula voto,1.0
covid fiocruz vai entregar milhões vacinas maio,1.0
trf mantém investigação contra lulinha pedido defesa,1.0
médica cita estudos conclusivos sugerir conspiração contra cloroquina,0.0
doria diz acm garantiu dem apoiará governo bolsonaro,1.0
lira toma espaço comitê imprensa cruzar jornalistas,1.0
veto venda vacina união europeia continua,1.0
moro justificou criminalidade dizendo humano veio macaco,0.0
regride regiões voltam fase vermelha restrição nesta feira,1.0
abin itamaraty negam ter dados sobre pandemia guerra bacteriológica,1.0
oxford confirmou eficácia ivermectina contra covid apenas começou estudo,0.0
fake vídeo mostre polícia atirando surfista praia futuro fortaleza após descumprir isolamento social,0.0
dia collor senador promove sorteio redes sociais passeio brasília café casa dinda,1.0
fake vídeo mostre médicos comemorando fim pandemia israel,0.0
prédio fachada pichada universidade paulo,0.0
grupos diferentes podem ter atacado sistema tse diz barroso,1.0
vídeo astro escurece mostra eclipse conjunção júpiter saturno,0.0
estados questionam critérios cobram ministério saúde doses vacinas contra covid,1.0
auxílio garantia prato comida mesa artista diz mário frias,1.0
brasil chega mortes covid passa milhões casos,1.0
sentença caso floyd vitória inédita eua contra violência policial,1.0
chá folhas abacate hortelã cura previne coronavírus boato,0.0
funcionário congresso registra presença deputados trabalhar boato,0.0
queiroga cita distanciamento social inteligente medida contra covid,1.0
horário votação eleições exclusivo idosos sim preferencial,0.0
arezzo vai doar mil máscaras ajudar combate coronavírus,1.0
dia iemanjá salvador itaparica cortejos receio idosos,1.0
glenn greenwald infarto internado pressas após overdose cocaína boato,0.0
aeroporto cidade londres retomará voos domésticos final deste mês,1.0
presidente lula escoltar agente norte americano swat,0.0
idosa anos vence covid choca neta surpresa,1.0
falso trilha sonora rebeca andrade homenagem bolsonaro,0.0
post confunde destacar posição brasil ranking crescimento econômico,0.0
ibaneis rocha governador viaja bêbado vexame avião boato,0.0
imprensa internacional destaca ameaça bolsonaro jornalista,1.0
cascas laranja limão contêm ivermectina cloroquina curam covid boato,0.0
velório paulo gustavo theatro municipal prova pandemia farsa boato,0.0
oms recomenda corticoides tratar pacientes graves covid,1.0
thelma responde crítica eduardo bolsonaro tente desviar foco,1.0
província hubei registra mil casos coronavírus novas mortes,1.0
publicação reúne classificação reagentes analíticos utilizados brasil,1.0
brasil registra mortes revela consórcio veículos imprensa,1.0
vídeo motociata traz boa estimativa diz professor entenda contagem,0.0
entenda causou embolia gasosa deixou paulo gustavo estado crítico,1.0
haverá contingenciamento diz mansueto,1.0
curso professores freixo criticando bolsonaro boato,0.0
anvisa aprova registro definitivo vacina oxford astrazeneca,1.0
hemorio receberá doação sangue condomínio conta coronavírus,1.0
umar aurora boreal aparecer céu indonésio tsunami dezembro,0.0
fake vídeo mostre diamante levado amazônia ongs,0.0
pegaram felipe santa cruz presidente oab causa contrato milionário boato,0.0
passageiros emirates submetidos exame sangue antes embarque,1.0
crivella classifica lamentáveis denúncias difamação propaganda falsa,1.0
fake bonner autuado dirigir cnh vencida,0.0
doria nega ter sofrido pressão política econômica anunciar reabertura,1.0
tiffany dover enfermeira desmaiou após tomar vacina morreu boato,0.0
rio grande sul recebe mil doses vacina contra covid,1.0
mar santos acende terceiro dia seguido boato,0.0
nuvem formato cruz aparece brilha feira almas bahia boato,0.0
farmacêutica anuncia pedido anvisa uso emergencial vacina russa,1.0
fake foto repórter macacão cinegrafista proteção revele farsa covid propagada mídia,0.0
fake vídeo mostra lamborghini destruída placa concreto,0.0
brasil mortes covid supera milhões casos,1.0
vídeo papa dançando samba vírus criado hackers rouba dados celular boato,0.0
fake imagens mostrem queda kevin prédio,0.0
presos penitenciária altamira administrada forças federais cantam hino nacional boato,0.0
após caso silveira câmara vota projetos contra prisão deputados,1.0
tire daqui último relato jornalista equatoriano antes morrer covid,1.0
boulos nega ter cancelado agendas públicas após dizer faria atos rua,1.0
supremo mantém autonomia estados municípios requisitar serviços saúde pandemia,1.0
vinho cura previne coronavírus beneficia medida provisória governo boato,0.0
mortes diárias rio caem quase mês dizem especialistas,1.0
incêndio boate kiss completa oito anos julgamento réus,1.0
bolsonaro cancelou verbas carnaval parada gay brasil boato,0.0
amazônia vistoriar governo vai dar escritura milhares ocupações,1.0
paulo deve adotar decisão unilateral redução salários time,1.0
governo quer pedir urgência projeto reforma tributária,1.0
pacote moro milícia organização criminosa pena menor,0.0
petróleo anos consumo achado mato grosso governo bolsonaro boato,0.0
fake winston churchill disse fascistas futuro chamarão mesmos antifascistas,0.0
família bolsonaro lidera ataques imprensa diz repórteres fronteiras,1.0
joão doria usou máscara cores bandeira china votar boato,0.0
gilberto gil preso usar lei rouanet casamento boato,0.0
fhc diz psdb deve fazer autocrítica fechar olhos,1.0
drogaraia vendendo vacinas contra covid boato,0.0
brasileiros vacinariam contra covid mostra pesquisa,1.0
missionários cristãos mortos afeganistão amanhã alerta judith carmona boato,0.0
caos vem diz bolsonaro meio atmosfera caótica criou,1.0
página usa texto início janeiro louvar feitos governo bolsonaro,0.0
ministros falam recorde empregos formais comparação errada,1.0
meses confinamento restaurantes buenos aires baixam portas,1.0
fake governador sergipe disse descumprir toque recolher levará porrada polícia,0.0
conhecer verdade sobrar manifestante cartaz energia negativo mito errar,0.0
verificamos falso xangai pequim casos covid,0.0
vacina chinesa contra covid feita fetos bebês abortados boato,0.0
gretar thunberg aparecer vídeo atirar fuzil verdade,0.0
tornar auxílio emergencial programa permanente,1.0
saúde autoriza leitos uti covid paraná,1.0
justiça condena globo pagar salários funcionários confederação,1.0
fachin homologa delação premiada sérgio cabral governador rio,1.0
greta thunberg flagrada atirando fuzil vídeo boato,0.0
fake mistura laranja limão gengibre maçã cará babosa cura covid,0.0
nove estados entregam anvisa pedido importação vacina sputnik,1.0
renan calheiros sobre lula relação normal,1.0
oms convoca europa intensificar medidas contra pandemia avança ásia,1.0
chineses usam máscaras reunião instituto butantan brasil boato,0.0
tuíte engana sugerir vacina contra covid desnecessária,0.0
jair bolsonaro cancelar carnaval parar gay,0.0
tse divulga bancadas partidárias congresso critério debates campanha eleitoral,1.0
publicação mistura informações verdadeiras dados imprecisos sobre meio ambiente brasil,0.0
papa francisco faz texto sobre impressões digitais identidade felicidade boato,0.0
orçamento governo hospitais desviado projetos culturais,0.0
diretor geral oms comenta posicionamento bolsonaro sobre quarentena,1.0
prefeitos baixada santista recusam adesão megaferiado,1.0
menos isolamento covid áreas capital preocupam,1.0
manifestante fingiu machucar cabeça protesto morte george floyd,0.0
justiça quebra sigilo bancário escritório advocacia mãe ministro ricardo salles,1.0
youtuber distorce enquete defender bolsonaro voto impresso,0.0
foto funcionários fbi levando caixas ver eleições eua,0.0
vacina acwy contra meningite sendo aplicada jovens anos todo brasil boato,0.0
justiça quer explicações bolsonaro pazuello sobre suposta censura,1.0
rolex comemora aniversário relógios whatsapp boato,0.0
documento nasa revela nibiru vai chocar terra acabar raça humana boato,0.0
hospital federal cardoso fontes triplica atendimentos reduz tempo permanência pacientes,1.0
pai presidente oab vítima ditadura companheiros,0.0
governo federal criou cadastro online voto celular,0.0
heineken dando barris cerveja litros compartilhar link whatsapp boato,0.0
disputa volta aulas eua ameaça expulsão mil brasileiros,1.0
fake universidade federal liberou computadores ponta alunos jogarem lol,0.0
governo bônus bolsa escola bolsa família boato,0.0
lenin inventou expressão idiota útil recomendou usar linha frente boato,0.0
mandetta flagrado gilmar mendes portugal meio pandemia covid boato,0.0
coronavírus eua têm alta mil casos mortes chegam,1.0
bolsonaro diz gravação reunião ministerial deveria ter sido destruída,1.0
casais enfrentam juntos doenças crônicas,1.0
falso máscaras reduzam imunidade potencializem proliferação bactérias,0.0
significa fim maia câmara deputados,1.0
instagram censura publicações palavras lula genocida boato,0.0
fotos comparam manifestações voto impresso diretas reais,0.0
azul reverte lucro prejuízo líquido milhões tri,1.0
oms diminuição casos mortes covid ainda resultado vacinação,1.0
ribeiro usa debate sobre fundeb reconstruir diálogo congresso,1.0
vacina contra covid bancada bill gates começa testes voluntários,1.0
antigo vídeo gasolina petrobras vendida paraguai,0.0
governo brasil entrega ventiladores pulmonares mato grosso sul,1.0
falsas afirmações sobre pandemia advogado reiner fuellmich replicadas redes,0.0
esculturar antigo provar batman inspirar deus maio camazotz,0.0
frança registra primeira morte coronavírus europa ásia,1.0
brasil chega casos sarampo ministério saúde recomenda vacinação seis meses,1.0
ceo novartis acaba falar hidroxicloroquina mata covid vai doar milhões doses boato,0.0
coronavírus campeão nfl retorna medicina após vencer super bowl,1.0
manicure recebe parcelas auxílio app falha libera terceira,1.0
irã resolve expulsar embaixador brasil causa conflitos boato,0.0
nova zelândia pode suspender lockdown após dias novos casos covid,1.0
governador piauí wellington dias participa festa durante quarentena coronavírus boato,0.0
números impressionantes diz infectologista sobre estudo serrana,1.0
mundo registra mil casos coronavírus horas bate novo recorde infecções,1.0
bolsonaro vai almoço empresárias leilão serviços saneamento,1.0
falsos remédios medidas prevenção curas circulam redes sociais meio pandemia novo coronavírus,0.0
ainda cura oficial covid tratamento corticoides estudo publicado,0.0
após quase dias estado volta ter ocupação utis abaixo,1.0
montagem foto homem preso vestindo camisa inscrição lula livre,0.0
jair bolsonaro paulo guedes cegos perdidos meio tiroteio,1.0
oms fica animada vacinas pede todos países beneficiados,1.0
post engana culpar governadores preço gás cozinha,0.0
usar álcool gel líquido chave carro causa incêndios ignição boato,0.0
cmn prorroga medida proíbe bancos distribuir resultados acima mínimo acionistas,1.0
fake governo chinês busca aprovação matar mil pacientes coronavírus,0.0
japão vai proibir entrada estrangeiros final janeiro,1.0
sobe número mortos surto novo coronavírus china,1.0
wassef advogados lula witzel alvos operação lava jato,1.0
whatsapp passará avisar print tela conversa boato,0.0
vídeo bolha viagens nova zelândia austrália começa abraços lágrimas,1.0
fotos circulam dia apoiadores trump invadiram capitólio,0.0
ibope rio branco minoru kinpara socorro neri,1.0
verdade trem carga flagrar covid tanque,0.0
coordenador campanha joe biden realmente presar,0.0
professor doutrinador psol causa briga alunos colégio marista boato,0.0
facebook faz homenagem presidente jair bolsonaro vídeo boato,0.0
eleitoral solicita recursos irregulares usados contra covid,1.0
saúde autoriza leitos suporte ventilatório pulmonar distrito federal,1.0
neste vídeo polícia recupera pacotes perdidos votos descartados eleições eua,0.0
fake diretora jornalismo globo filiada fez elogios che fidel rede social,0.0
vacinação universal anulada suprema corte eua boato,0.0
fraudar candidata apoiar bolsonaro curitiba,0.0
coronavírus ministério saúde anuncia nove casos suspeitos,1.0
confiança vacina contra covid diz kalil,1.0
fake foto mostre mãe italiana estado terminal covid despedindo bebê,0.0
barroso pede candidatos sigam alertas evitar covid,1.0
pesquisas erraram sim feito democrata maior dizem,1.0
bolsonaro deseja impedir prefeitos governadores comprem vacinas,1.0
fake mil votos trump sido desviados biden eleição eua,0.0
após meses brasil deixa idosos anos dose,1.0
estudo usp comprova eficácia hidroxicloroquina azitromicina contra covid boato,0.0
ministro stf suspende dívidas amazonas união conta coronavírus,1.0
vídeo grupo bolsonarista engana falar mobilização nacional reabertura comércio,0.0
copie cole mensagem driblar algoritmo facebook mostra amigos boato,0.0
ano menos estudos dia sobre covid ciência mostra luta contra pandemia,1.0
presidente flamengo rodolfo landim resposta jornal nacional globo boato,0.0
fake governo americano libera consumo colesterol afirma excesso faz mal saúde,0.0
suprema corte examinará caso impostos trump teleconferência,1.0
texto engana dizer trump indicou weintraub banco mundial,0.0
verdade navio encalhar canal suez traficar criança armar,0.0
previsão vacinação paulo acelerou calendário anos divulgado boato,0.0
madeiramadeira recebe novo aporte milhões vira novo unicórnio brasileiro,1.0
manda devolver valor pago primeira dama marisa letícia apartamento guarujá,1.0
nick cordero morre anos após contrair covid diz esposa,1.0
pedrar bial humilhar criança cadeira rodar futebol,0.0
tuíte engana dizer stf decidiu voto impresso inconstitucional,0.0
agência europeia alerta novas variantes alto risco coronavírus causarão mortes,1.0
cid gomes licenciou suplentes aposentarem senador boato,0.0
teich brasil países melhor performa relação covid,1.0
máscaras cirúrgicas fazem usuário respire próprio segundo especialistas,0.0
acm morreu acidente helicóptero semanas após atacar lula pedir intervenção boato,0.0
coronavírus auxílio emergencial deve chegar primeiro recebe bolsa família,1.0
procuradoria pede apure crivella cometeu crime eleitoral,1.0
coronavírus leva msc costa cancelarem cruzeiros china,1.0
vídeo mostra ataque drone matou general iraniano qasem soleimani boato,0.0
ministro omite informações defender governo após denúncias sobre vacinas,0.0
candidato vereador oferece esposa troca votos boato,0.0
site vender produto perfurar pato gato ruir,0.0
dono volpato engates faz relato sobre miséria argentina exalta bolsonaro boato,0.0
ministro critica imagens caixão corpo pede imprensa mostre coisa positiva,1.0
dono rede atacadão carrefour pede fim quarentena diz vai demitir funcionários boato,0.0
aliados bolsonaro defendem solução weintraub tirar salles ministério meio ambiente,1.0
cristiano ronaldo ivete enviam aviões apagar incêndios amazônia boato,0.0
morte agnaldo timóteo alberto fernández covid surto chile provam coronavac funciona boato,0.0
suprema corte convoca guarda nacional prende mesários estados eua boato,0.0
drone entrega compras reconhecimento facial sensor aglomeração tecnologias ganham destaque durante pandemia,1.0
capa filme coreano gripe fala sobre coronavírus,0.0
bolsonaro autorizou execução dívida globo milhões impostos sonegados,0.0
stf salles explicar decisão tirou proteção manguezais,1.0
vídeo agradecimento governo federal verbas hospital maio,0.0
adiamento enem pode votado senado nesta terça,1.0
ministério cita medidas suporte estados municípios,1.0
enfermeiro distorce dados dizer ivermectina evita mortes covid,0.0
relação comprovada casos paralisia facial vacina pfizer contra covid,0.0
jornal americano acusou doria receber propina sinovac,0.0
salles vai clube tiro enquanto agenda registra atividades remotas,1.0
oms reforça uso máscaras deve feito profissionais saúde,1.0
ufc vegas corner lutador covid duelo retirado,1.0
césar cielo diz ameaçado presidente lula boato,0.0
gravação mostra fraude eleições eua feita rússia,0.0
secretários saúde pedem toque recolher todo país lockdown cidades utis lotadas,1.0
ivete sangalo deixa marido assume relação outra mulher boato,0.0
ataque cibernético grande reset mundial vão acontecer boato,0.0
charge revista time mostra bolsonaro defendendo brasil comunismo boato,0.0
verdade surgir umar epidemiar ano século,0.0
casal aposentar cometer suicídio dever modelar previdência chile,0.0
portugal estimulado buscar ajuda internacional conforme mortes covid batem recorde,1.0
após falar gripe perigosa coronavírus trump volta atrás,1.0
coronavírus taiwan suspende temporariamente vistos chineses,1.0
fake novo ministro justiça disse confronto constituição bíblia vale bíblia,0.0
foto mostra lula bêbado caído durante encontro davos boato,0.0
fake médica entubada sul país após tomar coronavac,0.0
wikipédia lança código conduta combater abusos,1.0
sabatina renata souza erra comparações outras candidaturas,0.0
fake ator miguel falabella morreu decorrência covid,0.0
faz operação contra desvios compra máscaras tocantins,1.0
brasil chega milhões vacinados contra covid população,1.0
funcionários produtora will smith recebem diagnóstico covid,1.0
situação ridícula diz datena witzel sobre possível impeachment,1.0
coronavírus erros deve cometer idosos isolamento,1.0
auxílio emergencial renda brasil bolsonaro deve murchar programas sociais leonardo sakamoto,1.0
após afastamentos causados pandemia futuros profissionais saúde retornam gradualmente estágios presidente prudente,1.0
barroso manda plenário decisão sobre senador chico rodrigues,1.0
pai filho morrem vítimas covid eua dias diferença,1.0
fake moro fez post dizendo admirar sapiência prudência rodrigo maia,0.0
imóvel luxar morar assassinar marielle nome bolsonaro,0.0
stf proibir bolsonaro acesso mensagem celular adélio bispar,0.0
população preparada falta vacina diz gabbardo,1.0
genival lacerda morreu nesta madrugada vítima covid boato,0.0
pesquisadores brasil reduzem espera diagnóstico coronavírus,1.0
fake japão iniciou produção massa bebês úteros artificiais,0.0
sérgio reis escreveu carta sobre ditadura diário paulo hoje boato,0.0
árvores tailândia multiplicaram porque pessoas jogaram sementes janela carros boato,0.0
covid responde casos srag reportados país,1.0
covid manaus oxigênio pacientes dependem ventilação manual sobreviver manaus,1.0
natura contratou suzane von richthofen dia mães casal nardoni dia criança bruno dia namorados boato,0.0
fake foto mostra anúncio curso direito críticas ministros stf,0.0
especialista diz falha enem erros graves inep,1.0
descubra direito auxílio emergencial compartilhando link whatsapp boato,0.0
flávio bolsonaro visto almoço assassino marielle queiroz boato,0.0
primeira dama michelle bolsonaro faz desabafo sobre tragédia brumadinho boato,0.0
mercado reage mal medidas bolsonaro líder tenta acalmar investidores,1.0
ana paula bbb prima pedro bial boato,0.0
policial paisano achar umar armar trenzinho umar criança banco,0.0
ceará anuncia retomada comércio essencial próxima semana,1.0
foragir justiçar assessor ministrar stf dia toffoli,0.0
fake vídeo mostre presidente lula máscara bar durante pandemia,0.0
disputa guarulhos elói pietá perde duas ações justiça eleitoral,1.0
argentina existe porque virou china comunista boato,0.0
chanceler índia prevê decisão sobre exportações vacinas algumas semanas,1.0
verdade queda ações coca cola culpa cristiano ronaldo,0.0
mulher presidente jair bolsonaro expulso psl,0.0
ceará recebe mil doses vacina butantan,1.0
lockdown fruto fracasso medidas proteção diz queiroga,1.0
foto mostrar comportamento população durante pandemia anterior,0.0
momento médicos morreram covid itália,1.0
cidades emitiram carbono brasil amazônia lideram taxas desmatamento,1.0
covid emílio ribas lota uti paulo prevê caos maio,1.0
senador engana usar falas antigas drauzio varella sobre pandemia,0.0
garrafa álcool gel causa incêndio carro causa calor boato,0.0
pgr denuncia desembargadora acusada negociar propina esquema venda sentença,1.0
votação estável longo apuração indica fraude paulo,0.0
hospitais ponta dizem oxigênio anestésico acabam semana,1.0
coronavírus grupo air france cortará mil empregos,1.0
eua local trabalho pode campo extermínio reabertura,1.0
maceió vai desaparecer causa rachaduras bairro pinheiro boato,0.0
fake aposentadoria celso mello invalidez,0.0
aposentado anos preso condenado anos após roubar remédio boato,0.0
post otimista sobre vacinas omite dose confunde previsão realidade,1.0
fake imagens mostrem caminhões descartando cédulas votos donald trump local descampado,0.0
mike yeadon pfizer diz tarde demais salvar alguém tomou vacina contra covid boato,0.0
pfizer acordo brasil hoje milhões vacinados,1.0
fragmento arroz resto venda anterior governo bolsonaro,0.0
homem reencontra pai após anos litoral envelhecer foto aplicativo,1.0
coronavírus impacto pandemia causará mortes aids tuberculose malária indica estudo,1.0
vídeo mostra dança robôs disneylândia china boato,0.0
vladimir zelenko vai ganhar prêmio nobel paz defender hidroxicloroquina boato,0.0
pará recebe ventiladores pulmonares,1.0
governo eua diz planos obrigar bytedance vender tiktok prazo vencido,1.0
fake pintura previu pandemia covid exposta desde aeroporto eua,0.0
papa pede fim todas guerras conta coronavírus,1.0
fake cabos eleitorais candidato manaus presos comprando votos,0.0
brasil ignorar ofertar vacinar pfizer prol umar ofertar melhor,0.0
ação federal ajudaria conter variante galopante vírus diz gabbardo,1.0
mídia internacional destaca mudança brusca bolsonaro pronunciamento,1.0
hackers atacaram supercomputadores minerar criptomoedas apontam relatos,1.0
suposta capa jornal folha paulo elogiando bolsonaro autêntica,0.0
programa fome zero cestas básicas compartilhar link whatsapp boato,0.0
covid milhões pessoas recuperadas brasil,1.0
michelle bolsonaro lamenta morte avó covid momento tristeza dor toda família,1.0
bombeiro maxwell simões corrêa suspeito caso marielle posa foto bolsonaro boato,0.0
falso itália registrado mortes crianças covid,0.0
vídeo prova fraude eleição,0.0
médicos uti santa casa hospital militar escrevem mensagem sobre covid boato,0.0
fake sigilo bancário fabrício queiroz quebrado autorização judicial,0.0
guedes defende empresários comprem vacina pede alteração lei,1.0
fake ativista greta thunberg neta george soros,0.0
médico denuncia pacientes amarrados serem intubados,1.0
laudo afirmou bala matou ághata saiu fuzil traficante,0.0
foto mostra nanochip virá vacina china aplicado pessoas boato,0.0
fake estudo coreia sul prove quarentena inútil população proteger covid,0.0
terço população guayaquil equador contraiu covid,1.0
haddad coloca ciro candidato direita fala sobre união turno,1.0
saiba reverter seletividade alimentar crianças provocada isolamento social pandemia,1.0
congresso declara caducidade cinco medidas provisórias bolsonaro,1.0
prefeito cuiabá emanuel pinheiro critica governador piauí defende bolsonaro vídeo boato,0.0
campanha vacina sim ganha reforço atores jornalistas colunistas apresentadores,1.0
pesquisa indica imunidade natural novo coronavírus dura poucos meses questiona eficácia estudos sorológicos,1.0
existe mecanismo vacinar aprovação anvisa diz dimas covas,1.0
mourão defende investimento chinês russo indiano desenvolver amazônia,1.0
verdade globo expulsa japão mau exemplo futuras gerações,0.0
fogo ameaça parque nacional terras indígenas ilha bananal,1.0
mortes covid eua superam baixas guerra mundial,1.0
fake vacina contra coronavírus testada brasil ministrada macacos,0.0
falso eleitores anos votarão horário exclusivo,0.0
cidades único candidato prefeito disputa neste ano,1.0
lewis hamilton assume namoro adrian sutil declara gay boato,0.0
mandetta aposta orgulho bolsonaro demitido,1.0
bolsonaro decreta feriado dias causa novo coronavírus boato,0.0
flávio dino governador maranhão cartão crédito auxílio reclusão presos boato,0.0
secretário nacional defesa civil nega inércia pantanal,1.0
ministério saúde prorroga leitos uti paulo,1.0
foto mostrar jair bolsonaro segurar cartaz apoiar lula,0.0
teich lamenta mil mortes compromete mães perderam filhos,1.0
freixo diz vai apresentar ação impedir ramagem assumir,1.0
vídeo deputado critica lei ficha limpa tirado contexto sugerir manipulação eleitoral,0.0
acordo mercosul prioridade diz ministra espanhola,1.0
jorge jesus técnico flamengo doa milhão pediatria inca boato,0.0
fake vídeo mostre ator fabio assunção criticando doria medidas isolamento social,0.0
pandemia opera milagre renda mínima vira promessa direita esquerda,1.0
dia após acionar stf contra medidas restrição bolsonaro vai comunidade distrito federal,1.0
fake oms fez cartaz recomendando evitar sexo desprotegido animais,0.0
fake globo escreveu heloísa esposa flávio bolsonaro,0.0
anvisa libera importação milhões doses coronavac vindas china,1.0
falso testes manipulados pandemia farsa,0.0
sabe sobre novo vírus matou pessoas bolívia,1.0
fake foto mostre shopping abandonado venezuela,0.0
whatsapp lança figurinhas animadas modo escuro versão web,1.0
umar assassino adolescente raíssa esquartejar prisão,0.0
professora oxford diz brasil acertou estratégia dose única,1.0
namorado fátima bernardes envia projeto libera casamento pais filhos boato,0.0
vídeos mostram milhares manifestantes aguardando presidente frente hospital verdade,0.0
verdade deolane bezerro viúvo kevin advogar pcc,0.0
covid pandemia saiu controle paraná,1.0
câmara aprova projeto amplia doenças detectadas teste pezinho sus,1.0
fernanda paes leme comemora reta final sintomas coronavírus,1.0
sintomas covid veja estudos recentes descobriram sobre efeitos novo coronavírus corpo,1.0
justiça derruba decisão obrigava bolsonaro usar máscara locais públicos,1.0
pompeo pede cooperação china apesar tensões coronavírus,1.0
dinho ouro preto pega coronavírus web perdoa todas,1.0
número mortes covid mundo supera mil,1.0
lula visitar papa porque milhões banco vaticano boato,0.0
coronavírus avião russo ajuda humanitária chega eua,1.0
melhoria dia governar bolsonaro verdade mentir,0.0
quarentena coronavírus dispara venda brinquedos eróticos colômbia,1.0
líder governo congresso espera rodrigues deixe vice liderança,1.0
mpf recorre ação contra serra lavagem retomada,1.0
índia anuncia vai aumentar produção vacinas outros países,1.0
médico fotografado rioja argentina vacinado duas vezes sputnik,0.0
mercado livre vagas trabalho casa compartilhar whatsapp boato,0.0
estados recebem mil hospitais recebem mil cada morte covid boato,0.0
florianópolis multa pessoas suspeita covid saírem casa,1.0
após espancar república bolsonaro quer convencer vítima,1.0
mulher queima após abrir microondas enquanto atendia telefone celular boato,0.0
argentina deve pagar hoje juros dívida segue rumo calote total,1.0
vídeo comboio contêineres mostra primeiro trem trajeto mato grosso santos,0.0
após sessão radioterapia covas afasta prefeitura dias,1.0
mensagens falsas tentam explicar whatsapp caiu bônus,0.0
servidores abin falam cortar carne caso desvio função,1.0
identificadas ligações manuela ávila adélio dia facada contra bolsonaro,0.0
mãe joana assume rédeas pasta saúde,1.0
animais ficam bêbados após comer fruta chamada marula amarula boato,0.0
três mortos seis feridos acidente trem escócia,1.0
marisa letícia milhões cdb banco bradesco boato,0.0
chilena sky airlines retomará voos junho medidas rígidas proteção,1.0
feiras alimentos frescos wuhan lutam sobreviver após covid,1.0
fake perfil atribuído autor ataque creche foto che guevara críticas bolsonaro,0.0
evidências chá boldo cure sintomas novo coronavírus,0.0
vídeo bailarina alzheimer mostra resiliência mente humana diz neurocientista miguel nicolelis,1.0
cresce incidência covid pessoas voltam brasil paraguai,1.0
regina duarte casar vezar receber pensão comer filho solteiro militar,0.0
vídeo doria manda recado improdutivo fracassado político,0.0
fake imagem avalia problemas visão partir números surgem quadro,0.0
leão comer caçador viver matar família babuíno,0.0
brasil passa mil mortes covid,1.0
servidoras gabinete russomanno atuam causas particulares,1.0
déficit primário quase pib neste ano prevê secretário,1.0
portugal estabiliza número casos novo coronavírus,1.0
setor empresarial critica desonerações populistas bolsonaro,1.0
veja situação covid estados nesta quinta feira,1.0
carlos bolsonaro pagou imóvel mil dinheiro vivo diz jornal,1.0
coisa mitos mitologias consagram incompetentes país,1.0
eduardo pazuello detalha novas ações enfrentamento pandemia covid conjunto conass conasems,1.0
vice critica lindbergh sugerir retirada tatto apoio boulos,1.0
mulheres câncer mama cura recorrem justiça planos saúde arcarem medicamento aumenta sobrevida,1.0
após derrota stf fundador escola partido diz deixa movimento,1.0
verdade umar mulher morte cerebral ingerir litro molhar soja,0.0
empresa fachada vendia entregava respiradores,1.0
máscaras cotonetes china vindo vermes parasitas morgellons boato,0.0
congresso abre trabalhos economia pandemia pauta costumes,1.0
motivos tornam home office cansativo trabalho presencial,1.0
saúde autoriza leitos uti covid goiás,1.0
argentina fazendo vídeo desliga telefone segundos diz cnn boato,0.0
disseminação coronavírus amazônia faz morte indígenas disparar,1.0
general santos cruz pede intervenção denuncia bolsa ditadura mostra vídeo boato,0.0
trump chama coronavírus kung flu durante comício campanha tulsa,1.0
donald trump perder peruca umar turbina avião,0.0
estudo exército contraria bolsonaro apoia isolamento horizontal,1.0
acaba criar igreja evangélica gleisi pastora boato,0.0
fake motorista dirigir máscara proteção contra coronavírus pode perder pontos carteira,0.0
enfermeira agredida ônibus frança após pedir passageiros usassem máscara,1.0
ministro eduardo pazuello anuncia ampliação comitê crise manaus participação outros ministérios,1.0
pai urna eletrônica assessor barroso ocupa cargo porque investigado boato,0.0
fake crianças morreram causa covid itália apenas dia,0.0
deputada talíria petrone disse câmara policiais pagos morrer,0.0
fake vídeos mostrem donos atacadão carrefour pedindo fim isolamento social,0.0
china irã rejeitam denúncia microsoft sobre tentativas ataques hackers campanhas presidenciais eua,1.0
sindicato italiano futebolistas critica decisão discriminatória,1.0
falso stf desobrigado governo fornecer remédio indispensável,0.0
verificamos suposto médico expõe dados falsos sobre fim quarentena,0.0
itália aprova decreto bilhões euros contra epidemia coronavírus,1.0
contato adquirir coronavac diz eduardo leite,1.0
coronel ibis flagrado foto namorado bandido complexo maré boato,0.0
facebook whatsapp instagram bloquear dever tragédia escola raul brasil,0.0
jornalista alemão filma pessoas caídas ruas china diz áudio milhares morreram causa coronavírus boato,0.0
nômades digitais startup portugal recebe inscrições quer local trabalhar distância,1.0
whatsapp agora permite silenciar conversas grupos sempre veja fazer,1.0
sbt contrata luís ernesto lacombe coloca lugar rachel sheherazade boato,0.0
pedestre flagrar pontar ônibus cheio matar bernardo campar verdade,0.0
japão deve prorrogar estado emergência covid diz agência,1.0
fake vídeo mostre alexandre moraes fazendo ameaças stf antes ministro,0.0
fake foto multidão copacabana mostre ato pró bolsonaro dia maio,0.0
pressionado após alta covid paes promete ampliar restrições rio,1.0
fake print twitter carlos bolsonaro fala roubar,0.0
greve caminhoneiros deflagrada dezembro boato,0.0
voto impresso vale brasil desde previsto lei boato,0.0
adidas presente dia mães dia trabalho site whatsapp boato,0.0
respirador caseiro feito garrafa pet eficaz contra covid boato,0.0
campanha reeleição bolsonaro ganha outdoors brasil,1.0
boletim ações estratégicas contra covid março,1.0
decisão realocar rêgo barros porta voz vai casa,1.0
denúncia policiais sobre suposto problema urnas considerada infundada,0.0
falso candidata vereadora sido presa trocar voto sexo,1.0
vice presidente eua ainda segue trump twitter foto capa mostra pence esposa,0.0
pagamento novo auxílio emergencial deve começar apenas abril,1.0
coronavírus concentra governo federal poder restringir circulação pessoas,1.0
fake governador determinou volta aulas abertura total comércio segunda,0.0
fake vídeo mostre torre eiffel reaberta visitação inscrição todas vítimas homenagem mortos covid,0.0
luana araújo ficou penúltimo lugar concurso público infectologista boato,0.0
paraná negocia acordo rússia produzir vacina contra covid,1.0
mandetta pede bolsonaro reflita sobre pandemia durante recuperação,1.0
relatores onu questionam nomeação sérgio camargo palmares,1.0
frase daniel alves tirada contexto defender bolsonaro atacar tite sobre copa américa,0.0
smash mouth apresenta festival aglomeração estados unidos,1.0
stf adia julgamento sobre prisão após condenação júri popular,1.0
backer produzia cerveja contaminada desde janeiro diz ministério agricultura,1.0
supremo cortar convocar guardar nacional parir prender mesário eua,0.0
governador assinará ordem sobre obrigação máscaras empresas,1.0
banner palavra forcar utilizar manifestante pró bolsonaro,0.0
espanha restringe voos brasil áfrica sul novas variantes vírus,1.0
especialistas defendem presos grupos prioritários vacinação contra covid,1.0
governo argentina bloqueia todas contas bancárias país boato,0.0
máscaras china compradas mandetta contaminadas coronavírus boato,0.0
urnas eletrônicas brasileiras hackeadas duas horas eua boato,0.0
pgr decide apurar supostos pagamentos jbs advogado frederick wassef,1.0
carlos bolsonaro bloqueia perfis uol twitter instagram,0.0
espanha registra mil mortes causa coronavírus,1.0
saúde lança aplicativo estimular uso remédios eficácia contra covid,1.0
tele uti ajudará médicos sus atendimentos coronavírus,1.0
apesar réu lira presidente câmara flordelis titular secretaria mulher,0.0
filho marcelo freixo saiu travestis pagou exposto vídeo boato,0.0
general gilberto pimentel escreve carta bombástica brasil exarnet boato,0.0
amiens vai justiça contra rebaixamento após término campeonato francês,1.0
vaticano confirma papa francisco coronavírus boato,0.0
coronavírus suíça restringe visitantes brasil eua outros países,1.0
genival lacerda velório restrito família cerimônia acontece hoje,1.0
merkel diz países pobres precisam ajuda além moratória dívida,1.0
coronavírus eua registram mortes casos confirmados,1.0
polícia argentina detém pessoas violaram ordem isolamento,1.0
covid vésperas decisão eua sobre doação vacinas acadêmicos pedem doses brasil,1.0
stf divulga lista sites páginas espalham fake news desinformação boato,0.0
boticário dando kits perfumes comemoração aniversário boato,0.0
debate eleições acertou errou disputa,0.0
butantan coronavac alta eficácia idosos precisa dose,1.0
escolas privadas estaduais flexibilizam critérios reprovação,1.0
lua mel dubai notícia falsa usa novo casamento presidente lula,0.0
unidades básicas saúde retomam consultas agendadas paulo,1.0
fake foto mostre restaurante popular bom prato longa fila aglomeração meio isolamento,0.0
ladrão roubou doses coronavac planejou crime diz polícia,1.0
falsa notícia governo concluirá pavimentação transamazônica,0.0
fiéis fazem santa corona padroeira resistência epidemia,1.0
mourão diz cpi covid desorganizada,1.0
oms adverte estagnação avanços luta contra malária,1.0
vídeo registra salto recorde paraquedista balão estratosfera,0.0
governo assina contrato comprar milhões doses coronavac diz pazuello,1.0
meme confunde destacar brasil ranking crescimento econômico,0.0
vídeo dissemina informações falsas afirmar pandemia plano controle populacional,0.0
coronavírus população negra desproporcionalmente afetada eua,1.0
vídeo india doing hackeia telefone segundos boato,0.0
falso vacina australiana infectado pessoas hiv voluntários falso positivo,0.0
fake recontagem condado michigan mostra virada trump estado,0.0
saúde pública reino unido mandou médicos racionarem oxigênio diz jornal,1.0
registro palocci dito urnas encomendadas fraudar eleições,0.0
fake vídeo mostre votos mesma zona eleitoral aparecendo forma divergente aplicativo tse boletim urna,0.0
enfermeira indignada denuncia ordem intubar baixar oxigênio aumentar número mortes covid boato,0.0
cada vez difícil acreditar bolsonaro chegue final mandato historiador josé murilo carvalho,1.0
máscaras evitaram mil casos covid itália diz estudo,1.0
filme estrear cartaz,0.0
brasil menor taxa infectados,1.0
fazenda paulo fechou empresas fraudes pandemia,1.0
verdade jair bolsonaro jogue lobo voltar liderar cardume,0.0
lojas tecidos poderão reabrir rio facilitar produção máscaras,1.0
andré rieu faz homenagem presidente jair bolsonaro vídeo boato,0.0
contra coronavírus brasil quase voluntários dispostos infectar possíveis testes vacina,1.0
champions uefa confirma final disputada portões fechados,1.0
câmara aprova decreto calamidade pública texto vai senado,1.0
psol pede stf restabelecer vacina grávidas puérperas comorbidade,1.0
vídeo mostrar raro fenômeno atmosférico chamar raiar globular,0.0
troca ministros afeta todo sistema saúde afirma secretário,1.0
velocidade gravação lula parece bêbado após decisão fachin reduzida,0.0
montagem foto balão imagem presidente lula dentro presídio,0.0
porteiro condomínio bolsonaro flagrado usando camisa dilma rousseff boato,0.0
ministro stj negou soltura presos causa covid menos vezes,1.0
bolsonaro errou omitiu pandemia diz renan calheiros apontado relator cpi,1.0
queiroga brasil perto comprar milhões doses pfizer,1.0
impeachment prefeito gera incerteza eleições porto alegre,1.0
média mortes menor,0.0
lula diz jornal chinês parceria países irretocável,1.0
edward mordrake homem face demoníaco realmente existir,0.0
foto mostrar reação gravar cobaia humano testar vacinar pfizer,0.0
mulher premier espanhol coronavírus,1.0
desmentir fake news envolver coronavírus,0.0
estudo brasil vive maior retrocesso liberdade expressão mundo,1.0
petista agride policial população revolta agride vídeo boato,0.0
fake pandemia novo coronavírus farsa assemelha temporada ruim gripe,0.0
auxílio bolsonaro diz manter benefícios caminho insucesso,1.0
estudos divulgados sobre cloroquina imperfeitos diz pneumologista,1.0
estudo chinês mostra hidroxicloroquina acelera recuperação covid,1.0
propagação coronavírus flórida agravada aumento desemprego,1.0
argentina vacinou duas vezes homem contra covid boato,0.0
csn lucro líquido milhões trimestre queda,1.0
vídeo mostrar dezena bebês girafa verdade,0.0
membro equipe econômica iguala bolsonaro dilma guedes mantega,1.0
proteja coronavírus saiba lavar mãos corretamente,1.0
presidente entrega pedido renúncia guedes bolsonaro,1.0
fake pesquisa recente indique hidroxicloroquina tratamento eficaz contra coronavírus,0.0
caiado diz caixa prejudica isolamento método auxílio emergencial,1.0
após decretos veja quais cidades uso máscara obrigatório,1.0
bandidos distribuindo máscaras produtos químicos casa casa assaltar boato,0.0
brasil chega mil óbitos causados covid mostra boletim imprensa,1.0
eldorado diz vai apurar vacinação mãe bolsonaro,1.0
fake robô vídeo feira combate feito guerra mundial,0.0
estudo americano afirma uso máscara causa câncer pulmão,0.0
mec homologa resolução libera ensino remoto enquanto durarem restrições sanitárias pandemia,1.0
após apagão amapá aneel quer mudar forma comunicação sobre falhas,1.0
andrea bocelli desculpa declarações negacionistas sobre covid,1.0
hard seltzer perigos refrigerantes alcoólicos moda eua,1.0
programa incentivo empreendedorismo tecnológico feminino inscrições abertas juiz,1.0
ministro educação diz professores folgados boato,0.0
embraer pede vídeo intervenção militar brasil boato,0.0
fake bolsonaro anunciou reservistas deverão apresentar exército auxiliar missão eua irã,0.0
vídeos youtube informações falsas somam milhões visualizações alimentam debate político whatsapp,1.0
coronavírus medidas escolas podem adotar proteger crianças,1.0
camarão gigante encontrado pescadores canadá boato,0.0
vídeo distorce informações sobre uso cloroquina covid,0.0
vídeo mostrar velório terminar tirotear verdade,0.0
glenn greenwald mentir sobrar receber prêmio pulitzer,0.0
ceo sinovac confiante podemos mudar situação pandemia,1.0
coronavírus últimas notícias sabemos segunda feira,1.0
ministério educação mec cria votação sobre hino nacional escolas boato,0.0
avião emmanuel macron flagrado quilos cocaína frança boato,0.0
testes positivos covid atingem índice auge pandemia,1.0
covid estados onde possível onda ameaça virar realidade,1.0
grécia prorroga confinamento covid março,1.0
roberto firmino umar bmw dono padaria ajudar criança,0.0
makro fecha portas rio janeiro causa pandemia isolamento social boato,0.0
pipoca vai proibir consumo alimentos dentro cinemas teatros,1.0
covid após apreensão ministério saúde recebe milhões máscaras,1.0
beber nascer vietnã segurar diu mãe,0.0
segunda dose coronavac relacionada taxa eficácia vacina,0.0
depósitos bolsolão chamam atenção presidente,1.0
homem filmado batendo criança espancado cadeia quase morreu boato,0.0
cadastro bonificação residentes reaberto,1.0
pandemia faz usp unesp unicamp perderem menos bilhão,1.0
pessoas morreram após tomar vacina contra covid brasil boato,0.0
saúde diz ter interesse outras vacinas gasta refrigeração,1.0
marcelo freixo declara apoio boulos erundina turno paulo,1.0
bolsonaro acabou corrupção detran mudar regras cnh boato,0.0
porcentagem candidato prefeitura paulo comprovar fraudar eleição,0.0
brasil bloqueia fronteira paraguai mato grosso sul após fuga presos,1.0
historiador católico falou sobre coronavírus livro olhos escuridão boato,0.0
psol contratou advogado defender homem matou rio boato,0.0
bancada bala pressiona derrubada veto reajuste salarial,1.0
regiões atingidas coronavírus recebe utis,1.0
decreto armas migalha bolsonaro distrair apoiadores,1.0
lula ficou joelhos hugo chávez evo morales mostra foto boato,0.0
balança comercial acumula superávit bilhões três primeiras semanas julho,1.0
provas apontam real possibilidade associação criminosa diz moraes sobre gabinete ódio,1.0
tuíte compara orçamento stf plano saúde arrecadação pátria voluntária omite dados,0.0
deputado desculpa após hostilizar professora cobrava vacina,1.0
mourão diz ordem cpi covid interferência stf comissão causará atrito,1.0
ciclone deve atingir índia bangladesh ainda lutam contra covid,1.0
fake acusadas matar menino rhuan maycon soltas comitê direitos humanos,0.0
brasil lidera mortes milhão causadas covid américas,1.0
infectologista governo eua explica após nova tensão trump,1.0
voto prisão andré rap moraes diz lei estipulou prazo fatal preventiva,1.0
auxílio emergencial conferir cpf usado fraude,1.0
coronavírus priva aulas cada alunos mundo segundo unesco,1.0
inquérito alexandre moraes proíbe bolsonaro decretar intervenção militar boato,0.0
infectologista david uip apoia políticas distanciamento social governo paulista,0.0
bolsonaro disponibiliza avião feministas protestarem contra talibã afeganistão boato,0.0
coronavírus argentina renova recorde contaminações mortes diárias,1.0
líderes partidários querem derrubar veto desoneração folha pagamentos,1.0
outubro rosa boticário kit lily grátis mulheres compartilharem link boato,0.0
sbt voltará exibir semana presidente jair bolsonaro boato,0.0
compras china confirmando diz mandetta,1.0
coronavírus pior coisa tosse incontrolável diz infectado,1.0
vacinas fake news mentem sobre falta testes efeitos alteração dna,0.0
cinemas nova york reabrem após ano fechados,1.0
milhares espanhóis saem ruas protestar contra medidas conter covid,1.0
foto pessoas saudando tanque militar feita cuba brasil,0.0
britânicos devem preparar longo confinamento diz ministro,1.0
kobe bryant maçom membro loja maçônica indiana eua boato,0.0
israelenses tomaram vacina lotam hospitais causa efeitos colaterais boato,0.0
secretário saúde minas gerais escreve mensagem chegamos pico boato,0.0
rússia faz vacinação massa centro treinamento cosmonautas,1.0
coronavírus país terceira onda covid,1.0
fake holanda reduziu mortes covid isolamento social,0.0
doria pode revisar flexibilização após isolamento ficar novamente,1.0
entrevista omar aziz fala promiscuidade gestão pazuello,1.0
bancos vão cobrar tarifa cheque especial partir janeiro boato,0.0
registros tubaína sido tortura ditadura militar,0.0
fake três jovens morreram tomar coronavac,0.0
maradona comenta fim rebaixamento argentina nova mão deus,1.0
receitas farmácia popular vão prescrever medicamentos dias,1.0
justiça nega habeas corpus baldy secretário preso lava jato,1.0
fake pessoa fica imunidade baixa após tomar vacina risco aumentado contrair covid,0.0
ans pode decidir hoje planos têm cobrir teste sorológico covid,1.0
tom brady volta quebrar quarentena treinar gronkowski,1.0
fake vídeo mostre mst destruindo estação transmissão energia amapá,0.0
coma ygona moura quadro saúde estabilizado firmes,1.0
psg aceita neymar anunciado flamengo empréstimo boato,0.0
lula fernando henrique cardoso reúnem,1.0
astronauta michael collins piloto missão lunar apollo morre anos,1.0
diretora oms acredita coronavírus duas vacinas eficazes,1.0
fake questão matemática prova enem vazou internet,0.0
programa liderado michelle repassa doações ongs aliadas damares,1.0
cinco fatos explicam eleições municipais deste ano,1.0
austrália prendeu quase pessoas acusadas causar incêndio doloso boato,0.0
menina anos morre alemanha usar máscara aspirar boato,0.0
oms diz vacina necessária romper propagação coronavírus,1.0
bolsonaro reprovação aprovação diz datafolha,1.0
governador flórida considera inapropriado aplicar quarentena covid,1.0
fake foto mostra bandeira líbano refletida pirâmides egito após explosão beirute,0.0
auxílio emergencial quanto tempo levará bolsonaro desidratar,1.0
pazuello diz chegada ifa país cumpre etapa fantástica,1.0
frutamida descoberta cura covid boato,0.0
uol propõe tempo extra boulos responder pergunta sabatina,1.0
villas bôas revela golpismo alto comando exército contra stf,1.0
márcio frança ainda inferno abraça redes diabo,1.0
desqualificar presidente une boato diz estuda ciências sociais anos,0.0
aldeia xingu fez esquema especial contra covid vacinada fecha ciclo mortes doença,1.0
câmara aprova projeto reduzir perdas empresas eventos durante pandemia,1.0
malwee iniciou campanha inverno vai doar agasalhos compartilhar link whatsapp boato,0.0
stf proibiu vacinação obrigatória venezuelanos pedido psol boato,0.0
fake nenhum morador rua morreu covid,0.0
ensino privado quer socorro governo linha crédito,1.0
teto preso roubar material médico reino unido,1.0
damares ordena animais zoológico cubram partes íntimas boato,0.0
advogado wassef aproximou desembargador kassio nunes marques família bolsonaro,1.0
site internet gratuita compartilhar link whatsapp boato,0.0
receitas macarrão variar cardápio pesto pressão,1.0
casal acusar assassinar brutalmente pequeno rhuan militante,0.0
fake foto mostre manifestantes presos bandeiras nazistas após ato crítico bolsonaro,0.0
padre colocou vídeo globeleza missa deu lição fiéis boato,0.0
aplicativo transporte cabify anuncia deixará brasil junho,1.0
professora vitória donda psol usa cocaína durante protesto educação rio boato,0.0
oms vacinas estudo contra covid liberadas teste,1.0
fake chá boldo combate covid três horas,0.0
covas racismo existe pandemia jogou luz desigualdade paulo,1.0
foto bebê covid sendo cuidado enfermeira equipamento proteção viraliza itália,1.0
posse biden novo presidente eua fará primeiros dias,1.0
pandemia coronavírus impulsiona mercado maconha,1.0
centro nacional pesquisas campinas seleciona remédios coquetel contra coronavírus começa testes vitro,1.0
caminhoneiros vão fazer greve agosto setembro parar brasil stf cair boato,0.0
covid frança inicia toque recolher nacional,1.0
número casos coronavírus itália passa mil,1.0
militar presar cocaína aparecer foto bolsonaro marchar parir jesus,0.0
rui costa governador bahia promove festa luxuosa carnaval dinheiro público boato,0.0
aumento casos covid pode prolongar lockdown frança,1.0
neto neguinho beija flor flagrado fumando armado boato,0.0
tabela banco mundial prova testes covid vendidos desde,0.0
coronavírus trump pede americanos fiquem vigilantes durante feriado dia trabalho eua,1.0
registros óbitos cartórios confirmam dados pandemia brasil,0.0
nenhuma destas imagens mostra obras públicas concluídas durante governo bolsonaro,0.0
gabbardo programa vacinação tirou governo federal conforto,1.0
mãe covid deu luz uti segura filha colo vez,1.0
oms aponta falta solidariedade global grandes potências,1.0
falso eleitor anos obrigado votar eleições municipais,0.0
mãe davi alcolumbre internada brasília coronavírus,1.0
jair bolsonaro umar sondar falso nariz,0.0
incêndios pantanal causam devastação matam animais emitem alerta climático,1.0
condenado pena morte morreu infarto participar experiência cientista boato,0.0
cabo eleitoral morta após denúncia contra secretária magé,1.0
thereza collor escreve carta aberta senador renan calheiros boato,0.0
vacinas contra covid geram atração magnética,0.0
votar eleições guia horário regras cargos disputados,1.0
fake foto postada chanceler ernesto araújo mostra protesto pró guaidó venezuela,0.0
coronavírus esgoto pode via contágio indicam estudos,1.0
tse firma parceria whatsapp identificar disparos massa robôs,1.0
falso bolsonaro câncer levou facada,0.0
pgr pede inquérito apurar suposto desacato daniel silveira iml,1.0
fake mensagem fala mortes envenenamento após churrasco madeira tratada,0.0
onu bachelet alerta envolvimento militares assuntos públicos brasil,1.0
médico criador kit covid morrer coronavírus,0.0
vídeo mostrar milhar drones levantar umar carretar verdade,0.0
senadores dispensam stf qualidades exigiriam doméstica,1.0
renan critica alcolumbre ccj passa ideia senado dono,1.0
paulistanos lotam cinema ver mulher maravilha seguro bar,1.0
fake código eleitoral permite pessoas cometam crimes violentos presas véspera pleito,0.0
enquete site indica frente pesquisas eleitorais,0.0
hidroxicloroquina início covid descarta necessidade uti,0.0
bolsonaristas veem conspiração chamam mandetta rato oportunista,1.0
vídeo político jogado dentro esgoto encenação,0.0
twitter fecha acordo cooperação grupo investidores mantém jack dorsey presidente,1.0
vídeo engana sugerir tratamento internação sofrimento covid,0.0
veja fato fake declarações candidatos prefeitura rio semana campanha,0.0
casos mortes após vacinação significam imunizantes ineficazes contra covid,0.0
brasil registra casos coronavírus mortes doença,1.0
máscara gigante governo amazonas deu povo meme pronto,1.0
prefeito bernardo cogita restrições abc cobra capital,1.0
congresso invadido manifestantes imprensa nada falou boato,0.0
deputados pedem investigação contra governador festas pandemia,1.0
desigualdade social ajudou elevar mortes manaus diz fiocruz,1.0
eduardo bolsonaro equivoca sobre agricultura meio ambiente twitter,0.0
nasa anuncia vai revisar nomes planetas estrelas galáxias podem preconceituosos,1.0
fachins lava jato chegado longe diz deltan,1.0
tcu manda saúde explicar tirou conteúdo recomendando cloroquina,1.0
parlamentares inflam valor emendas,1.0
imunizasus curso aperfeiçoamento profissionais inscrições abertas dia,1.0
cruzeiro casos coronavírus bordo consegue atracar caribe,1.0
espn eua pede comentaristas abram mão salário pandemia,1.0
defensoria pacientes morreram esperando remoção interior janeiro,1.0
enganoso post carlos bolsonaro acusa flávio dino defender uso cloroquina contra covid,0.0
menino anos morre suspeita coronavírus rio,1.0
governo diz ainda recebeu kit intubação governo federal,1.0
provas rompimento barragem causado sabotagem,0.0
coronavírus corpo humano combate covid,1.0
farc ameaça bolsonaro governos américa sul sai defesa lula mostra vídeo boato,0.0
festas secretas desafiam lei pandemia berlim,1.0
fake imagem mostra papa francisco fumando evo morales,0.0
lula participou evento relatora especial funcionária contratada onu,0.0
após ataques bolsonaro planalto procura maia quer braga neto interlocutor,1.0
bolsonaro viu imagem kennedy lula museu americano,0.0
fake apenas três países mundo utilizam urnas eletrônicas,0.0
soviético joseph stalin ganhou prêmio nobel paz duas vezes,0.0
alta internações covid sergipe endurece restrições,1.0
john piper pastor norte americano elogia bolsonaro compara trump boato,0.0
covid ligas beisebol eua fazem acordo salarial reprogramação,1.0
uti amo vcs história trás tuíte viral revela mensagens mãe morta covid,1.0
foto mostra eduardo pazuello fazendo espacate frente bolsonaro verdade,0.0
maiara corta cabelo fernando cantor brinca prova amor,1.0
oab pede aras denuncie bolsonaro prevaricação crimes contra saúde,1.0
rio investiga cinco casos suspeitos coronavírus estado nova iguaçu,1.0
cidades brasileiras têm atos pró governo,1.0
abc diz diálogo governo mantém datas volta aulas,1.0
foto suspeito assassinato marielle camisa lula montagem,0.0
adidas oferece iphone benefícios gratuitos site whatsapp boato,0.0
indicado stf liberou estrada parque ecológico desmatamento explodiu,1.0
fato fake confira checagens declarações candidatos nesta eleição,0.0
ifood plano serviço saúde entregador fundo grupo risco,1.0
brasil vacina contra covid junho afirma diretor anvisa,1.0
ans restabelece prazos atendimento flexibilizados pandemia,1.0
toninho diabo converter passar contar detalhe passar mundano,0.0
brahma chopeira grátis promoção natal premiado whatsapp boato,0.0
prefeita luiza erundina vacinada contra covid paulo,1.0
coronavírus evitar desinformacao meio infodemia sobre covid,1.0
foto mostrar caixão enfileirar vítima coronavírus itália verdade,0.0
bíblia encontrar fundir oceano intacto legível verdade,0.0
protestos contra bolsonaro assunto menor principais telejornais,1.0
lourenço zerou mortes covid tratamento precoce boato,0.0
recursos fundo ciência bloqueados pandemia,1.0
george soro sócio majoritário parler ficar semana internet,0.0
polícia civil começa produzir álcool delegacias,1.0
brasil aguenta completar vacinação dezembro diz governador,1.0
fake presença outros vírus corpos vítimas covid significa pode ter havido nenhuma morte doença,0.0
kamala harris usou seringa falsa tomar vacina contra covid boato,0.0
fake capa revista veja moro título homem enganou milhões brasileiros,0.0
finlândia jornada trabalhar horar dia semana,0.0
padre fábio melo escreve texto pedido oração próximas horas boato,0.0
cpi pazuello diverge outros depoentes sobre vacinas pfizer,1.0
cientistas decifram estrutura novo coronavírus pode ajudar fabricação vacinas,1.0
pressionado bolsonaro troca seis ministérios atender congresso aproximar forças armadas,1.0
hospital sírio libanês vacinados internados prova vacina oferece imunização boato,0.0
chance transmissão covid mães bebês pequena precauções aponta estudo,1.0
agora nenhum antiviral deu certo contra causador covid,1.0
xuxa embolsou milhões lei rouanet boato,0.0
fraudou número vagas uti evitar decreto isolamento diz,1.0
probank empresa faz manutenção urnas eletrônicas josé dirceu boato,0.0
sistema voto eletrônico pode auditado contrário afirma post,0.0
prefeitura libera volta aulas dia capacidade,1.0
covas diz pode ter perda recursos duram junho,1.0
fake gleisi hoffmann disse motivos homenagens senna,0.0
carlos alberto decotelli ministro educação chamou miriam leitão miriam leitoa boato,0.0
bolsonaro deve mandar prender doria trazer empresários china brasil boato,0.0
ouvir participação podcast decrépito sobrar fake news pandemia,0.0
rio grande norte recebe mil doses vacina covid,1.0
ministro falou importante combater fome,0.0
jovem morte cerebral ressuscitar familiar cantar louvor,0.0
gato selvagem invadir necrotério comer cadáver humano,0.0
importância primeiro satélite brasileiro amazônia,1.0
competição salto vara alemanha público sistema drive,1.0
kim jong ditador coreia norte morreu após cirurgia boato,0.0
coronavírus criado laboratório partido comunista china,0.0
grêmio vendeu libertadores flamengo cbf fifa conmebol boato,0.0
nulo contra covid bolsonaro diz máscara eficácia quase nula,1.0
ministrar educação publicar tuíte cheio erro ortográfico,0.0
estudo oxford diz metade reino unido pode ter tido covid,1.0
quase médicos morreram covid rússia,1.0
projeto alimento solidário cesta básica vale compras site whatsapp boato,0.0
empresas lava jato têm onda mudança marca,1.0
coisa general faz advertência bolsonaro cuidado futuro,1.0
pec emergencial pauta quinta pode adiada diz pacheco,1.0
prédio hospital julho evacuado após vazamento gás,1.0
alcolumbre contraiu coronavírus informa assessoria,1.0
fake foto mostre cruz lgbt pescoço papa francisco,0.0
notícia antiga sobre vazamento petróleo circula atual,0.0
irã anuncia mortos coronavírus maior aumento,1.0
após votar bolsonaro interage moradores bento ribeiro máscara,1.0
estudantes medicina usp recebem queiroga gritando bolsonaro genocida,1.0
menino filmar jerry maguire velho tom cruise,0.0
nizan guanaes direto quarentena teste coronavírus deu positivo,1.0
inmet alerta sobre risco novos deslizamentos terra minas espírito santo devido chuva,1.0
ans torna obrigatória cobertura teste covid planos saúde,1.0
toffoli nega pedido pdt bolsonaro esclareça falas onu sobre pantanal amazônia,1.0
lava jato vai pedir cooperação partilha imóveis doleiro paraguai,1.0
vacina desenvolvida biontech pfizer covid mostra potencial testes humanos,1.0
avião eua weintraub mandou brasileiros ficarem quietos sair mec boato,0.0
interior ultrapassa grande paulo número mortes covid,1.0
familiares dormem carros enquanto pacientes esperam uti mogi,1.0
jovem acabar morrer destruir fachada terreiro candomblé bahia,0.0
governo estuda isentar conta luz consumidores baixa renda meio covid,1.0
vídeo mostra caça mig azerbaijão sendo abatido artilharia antiaérea armênia boato,0.0
meteoro caiu paraná fez cratera gigante fazenda mostra foto boato,0.0
heróis morreram negacionismo,0.0
médico jovem mundo joshua beckford anos boato,0.0
fake doria fez projeto aumentar imposto sobre transferência bens após morte meio pandemia,0.0
discute reação novas variantes covid restrições fronteiriças,1.0
fake orientação jogar água sanitária rede água esgoto evitar contaminação coronavírus,0.0
educação precisa permitir erro professor colocou ciência missão após momento eureca,1.0
argentina volta ter recorde diário casos coronavírus,1.0
fake eduardo cunha proposto delação inclui deputados juízes bancos,0.0
falta vacinas afeta aplicação dose contra covid capitais,1.0
rio casal idosos veste astronauta praia viraliza,1.0
post distorce entrevista sugerir médico roberto kalil filho apoia uso amplo cloroquina,0.0
ricardo brennand morre vítima coronavírus,1.0
deputados protocolam projeto propõe cota negros eleições,1.0
fake idoso morreu decorrência vacina contra covid guaratinguetá,0.0
vídeo mostra policiais turquia batendo população garantir isolamento social boato,0.0
governo diz empresários comprar vacina funcionários proibido,1.0
vídeo antigo acusa museu exibir pornografia patrocínio público,0.0
lula viajar parir paulo jatinho emprestar luciano huck,0.0
onu deve intensificar ajuda brasil medicamentos diz coordenadora,1.0
príncipe charles deixa isolamento após confirmação coronavírus,1.0
vigilância sanitária fecha bar zona norte violar restrições,1.0
cpi senador pede quebra sigilo carlos bolsonaro filipe martins pazuello,1.0
general pujol grava áudio pedindo povo ruas favor intervenção militar boato,0.0
deputado usa vídeo editado contexto afirmar governador admite uso cloroquina ceará,0.0
joão deus filiado anos mil mês partido boato,0.0
boneca androide chinesa parece criança real mostra vídeo boato,0.0
polícia federal descobrir jair bolsonaro milhão suíço,0.0
boato diz presidente une estuda ciências sociais anos,0.0
oab tentativa criminalização advocacia buscas contra advogados,1.0
maricas fizeram voto pólvora bolsonaro,1.0
áudio doria prova vacina coronavac apenas plano derrubar bolsonaro boato,0.0
print conversa moro dallagnol sobre candidatura lula falta provas vaza web boato,0.0
paulo registra maior número mortes desde início pandemia,1.0
bill gates prevê piora pandemia perigo teorias conspiração,1.0
após queda adesão isolamento social casos síndrome respiratória voltam aumentar país diz fiocruz,1.0
brasil registra maior número mortes covid mundo aponta oms,1.0
foto mostra dias toffoli camiseta suplicy festa anos,0.0
gatos infectados coronavírus ficam imunes podem servir modelo pesquisa vacina diz estudo,1.0
áfrica aumento casos coronavírus apenas semana,1.0
stf retoma nesta sexta julgamento sobre doação sangue homens gays,1.0
pagamento dívida países pobres suspenso meses,1.0
witzel polícia rio sabem stf proibiu operações favelas,1.0
técnica enfermagem finge ter vacinado idosa contra covid afastada,1.0
estoques reduzidos hospitais rio veem escassez kit intubação,1.0
perfil bolsonaro faz centrão temer troca meia dúzia saúde,1.0
alexandre moraes suspende trecho alterou regras lei acesso informação,1.0
maisa arrepende desculpas sair amigos antes pandemia,1.0
tse entregou código fonte urnas eletrônicas smartmatic boato,0.0
árvore cresce dentro carro estacionamento frança mostra vídeo boato,0.0
capa folha paulo destaca bolsonaro levou menino cadeirinha carro boato,0.0
lockdown araraquara sistema saúde colapsar,1.0
bolsonaro critica facebook diz certo tirar jornais circulação,1.0
queres paz prepara paz,1.0
fake máscaras proteção podem levar autocontaminação coronavírus vacinas contra gripe podem causar covid,0.0
alemanha registra duas primeiras mortes coronavírus,1.0
fake vídeos mostrem ação traficantes comunidade rio após decisão stf,0.0
governo cobra explicações microsoft sobre falha expôs dados suporte cliente,1.0
meio pandemia papa diz vida medida amor,1.0
covas quis capturar espírito quebrada slogan campanha,1.0
fux anuncia comitê segurança digital justiça após ataque hacker stj,1.0
frase cármen lúcia tirada contexto afirmar lula poderá candidatar,0.0
salles maior desrespeito questões ambientais ocorre onde prosperidade,1.0
cada três profissionais saúde diz ter acesso testes covid brasil diz estudo fgv,1.0
pazuello investe prisão cpi crise militar punição reserva,1.0
congresso quer auxílio emergencial teto corte despesas,1.0
governo federal reduz valor impostos combustíveis boato,0.0
europa anuncia vacinação partir dia,1.0
venezuelano descartar noto dinheiro ruir dever desvalorização moeda,0.0
imunidade presidente exercício diz advogado francês defende raoni,1.0
ronaldo caiado apanha população revoltada fechamento comércio goiás boato,0.0
fala médicos sobre coronavírus perder força apoio órgãos saúde,0.0
governo ceará anuncia início funcionamento hospital campanha,1.0
peru suspendeu testes coronavac após vacina causar paralisia pernas voluntários boato,0.0
coronavírus distrito federal veta aulas eventos públicos mesas próximas bares,1.0
falso boulos cobrado aluguel moradores teto,0.0
anvisa muda regras uso emergencial sputnik pode facilitado,1.0
alemã exibiu elefantes falar sobre queimadas amazônia,0.0
bolsonaro pede excluído processo sobre portaria aumentou munições,1.0
fake governo federal decidiu demitir mil servidores fraude auxílio emergencial,0.0
presidente cbda coaracy nunes morre após pegar coronavírus,1.0
apesar desconforto militares governo mourão pensa calar,1.0
justiça libera venda bebida alcoólica bares restaurantes,1.0
ministro stj converte prisão pastor everaldo temporária preventiva,1.0
veto reajuste servidores governo vai ampliar uso emendas,1.0
fake vídeo mostra quadrilha detida crianças congeladas venda órgãos china,0.0
dilma diz escolas podem voltar aulas defende rodízio alunos professores boato,0.0
uso emergencial proxalutamida tratar covid autorizado paraguai,0.0
fake nóis nióbio salvação brasil,0.0
marcela rodriguez estudante brasileira ganha segundo lugar concurso física nuclear boato,0.0
mourão pede intervenção militar discurso xeque mate stf boato,0.0
cbv clubes decidem fim temporada superliga masculina vôlei,1.0
ministro dias anvisa decidir sobre importação sputnik,1.0
post engana afirmar cdc fauci acreditam eficácia vacinas,0.0
senado autoriza bndes faça empréstimo internacional,1.0
fake oms pediu desculpas erro mudou posicionamento agora recomenda hidroxicloroquina tratar covid,0.0
agulha usada vacina kamala harris dobrou tratava tampa plástico,0.0
polícia federal desvenda sacanagem vacina chinesa coronavac brasil boato,0.0
marina silva marido donos madeira apreendida exército pará boato,0.0
fake imagem mostre vacina contra coronavírus feita cientistas eua,0.0
fake chá erva doce fígado boi previnem contra novo coronavírus,0.0
fake uniforme escolar ensanguentado menina ágatha morta rio,0.0
caminhões jogam votos trump lixo mostra vídeo boato,0.0
bolsonaro usa onu rebater biden amplia receio internacional,1.0
alexandre kalil acaba anunciar fechamento comércio belo horizonte boato,0.0
bula pfizer proíbe sexo após vacina causa alterações dna boato,0.0
apesar difícil ensino remoto ajudou zonas rurais inspirou professores,1.0
radialista eli corrêa teste positivo novo coronavírus,1.0
agências saúde eua descartaram uso teste pcr detectar covid,0.0
texto engana comparar aumento venda armas queda mortes,0.0
nova variante coronavírus encontrada quase metade casos manaus,1.0
preço carne bovina ficou estável anos disse ministra,0.0
vídeo nasa mostra década sol menos minutos veja,1.0
fake parciais divulgadas durante apuração eleição mostrem fraude votação cidade,0.0
manifestante invadir casar branco unir verdade,0.0
casos coronavírus número mortes brasil abril,1.0
doria vai miami hora explode bomba armou eleições,1.0
bolsonaro mandou nenhum soldado exército combater fogo pantanal boato,0.0
barroso pede voto consciente existe democracia,1.0
governo federal associa passeio bolsonaro direito vir,1.0
realizados após quarentena diz casal idosos shopping reaberto,1.0
coronavírus receita prorroga suspensão cobranças limita atendimento presencial julho,1.0
coronavírus embarcação risco precisa autorização chegando brasil,1.0
guedes diz conhecer brandão confia indicação campos,1.0
faixa etária anos maior aumento total mortes covid começo abril diz fiocruz,1.0
revista saúde prova coronavírus covid existia armação china boato,0.0
irmãs morrem covid menos horas governador valadares,1.0
vídeo mostrar exato quedo kevin prédio,0.0
mensagem falsa diz bolsonaro proibiu droga gerou manifestações,0.0
dados google mostram tendência variada obediência isolamento brasil eua austrália caem,1.0
carlos drummond andrade escreveu texto elogiando época ditadura boato,0.0
foto mostrar inventor vacinar pfizer covid criança,0.0
europeus querem regras ambientais importar brasil emergentes,1.0
juiz marcelo bretas escreve texto defendendo uso hidroxicloroquina boato,0.0
link pede cep saber onde vacinar subpav org clona celular boato,0.0
sérgio moro anuncia fim ipva diz cobrança ilegal boato,0.0
indicação uso apoio cabeça quebrar janela carro caso emergência,0.0
covas diz longe lockdown pede pessoas fiquem casa,1.0
covas anuncia morte falta atendimento uti paulo,1.0
dezenas pessoas contraem covid após missa frankfurt segundo jornais,1.0
gabbardo reforça advertência contra cloroquina critica pressão médicos,1.0
nova zelândia frete refrigerado origem novos casos covid,1.0
microsoft deixou computadores fundo oceano dois anos,1.0
crivella reunirá presidentes clubes cariocas domingo,1.0
lança pré candidatura eduardo jorge prefeito paulo,1.0
falso família ciro gomes empresas carros pipa ceará sido motivo atraso obras transposição,0.0
fake vídeo gari levando choque feito nesta quarta feira após chuva rio janeiro,0.0
fake tre suspendeu resultado eleição queimados,0.0
eua voltam conselho direitos humanos agenda anti damares,1.0
falso cloroquina salvado mil vidas brasil diz bolsonaro,0.0
balanço consórcio brasil vacinou milhões população,1.0
criador primeira imagem digital história morre anos eua,1.0
bulgari doa mil frascos álcool gel médicos itália,1.0
fiotti conta nasceu remix bum bum tam tam vacina instituto,1.0
falso empresas japonesas querem investir brasil reformas,0.0
outdoor prefeitura bacabal incitar discriminação preconceito,0.0
coronavírus brasil curva mortes acelerada países óbitos covid,1.0
justiça rio nega prisão domiciliar cristiane brasil,1.0
mec flexibiliza regras antecipação formatura áreas saúde,1.0
vacinas brasil avalia comprar chegam últimas etapas testes veja sabe sobre cada,1.0
berardi bolsonaro trump refletem fascismo produzido neoliberalismo,1.0
verdade cão laika viver lançar espaçar,0.0
post atribui bolsonaro sucesso segurança dados contexto,0.0
bolsonaro moro trocaram mensagens sobre queima maquinário operações ibama,1.0
mutações aumentando velocidade transmissão coronavírus diz estudo,1.0
primero lote vacina pfizer milhão doses chega quinta vai capitais,1.0
ministério saúde israel nega dados permitam concluir sobre imunidade infectados,0.0
cloroquina adotada china continua comprovação científica fda recomenda,0.0
oms diz excelente conversa novo chanceler brasileiro elogia medidas combater pandemia,1.0
lançamento tecnologias comunicação relação epidemias virais,0.0
posts fazem comparações enganosas sobre transposição francisco exaltar bolsonaro,0.0
brasil mil mortes covid média móvel casos segue acima mil dia,1.0
coordenadora pni mudança postura saúde cronogramas reais,1.0
fake vídeo mostre obras exército durante governo bolsonaro,0.0
campanha nacional vacinação termina nesta sexta feira,1.0
vídeo mostra ato favor reeleição macri protesto contra presidente argentino,0.0
fotos jornalista césar tralli patinando máscara,0.0
fake cidade paulista porto feliz registrou óbito covid conta protocolo cloroquina azitromicina,0.0
clarissa garotinho erra dados sobre arrecadação bloqueio bens paes,0.0
tesouro despesas sujeitas teto gastos sobem ano agosto,1.0
sistema usado vídeo simular fraude urnas eletrônicas,0.0
corinthians publicou nota repúdio sobre copa américa brasil boato,0.0
pazuello volta negar bolsonaro mandou cancelar compra vacina,1.0
descoberto navio greenpeace responsável mancha óleo nordeste boato,0.0
verdade sobrar demônio flagrar espanha itália,0.0
relator divulga parecer preliminar projeto sobre fake news senado deve votar terça,1.0
saúde nega subnotificação casos covid diz testes sobrando,1.0
imunidade longo prazo ainda incógnita vacina oxford diz pesquisador alemão,1.0
celso mello arquiva pedido impeachment contra ministros pazuello azevedo,1.0
veículo movido água inventado brasileiro boato,0.0
fazenda grendene comprada lula lulinha milhões boato,0.0
caminhão indo venezuela apreendido prf milhares dólares boato,0.0
bandidos aproveitam decisão stf empunhar metralhadoras favela rio mostra vídeo boato,0.0
fake nova moeda chamada dim programada entrar vigor brasil,0.0
rio aproxima mil casos covid doença matou quase mil,1.0
vídeo mostra ponte lotada durante motociata chapecó boato,0.0
vídeo reabertura shopping santa catarina editado música meme caixão tocando,0.0
bolsonaro antecipa rali eleitoral olho blindagem contra pandemia,1.0
entidades educação discutem mudança formação médica após pandemia,1.0
mulher mali luz bebês vez veja perguntas respostas,1.0
frase creditada lula sobre políticos funcionários públicos distorcida,0.0
irmãos weintraub dizem ter sido infectados cepa agressiva covid,1.0
mpf pede hospedagem profissionais saúde infectados,1.0
reino unido recorde diário casos covid jovens afetados,1.0
sarampo prorrogada outubro vacinação adultos anos,1.0
ministro educação vélez rodriguez demitido bolsonaro boato,0.0
china compra empresas ocidente operação xeque mate coronavírus boato,0.0
saúde investiga possível caso coronavírus,1.0
coca cola vagas emprego natal ano novo whatsapp boato,0.0
chamas afetam biomas brasileiros todas imagens atuais,0.0
fake texto diz vitamina limão combatem coronavírus,0.0
caso bolsonaro mostra brasil deve fortalecer medidas contra coronavírus diz opas,1.0
baixa testagem falta dados comprometem combate corona brasil,1.0
ainda evidências vacinas contra coronavírus funcionem diz especialista,1.0
anatel dando internet conscientização novo coronavírus boato,0.0
justiça suspende aulas presenciais colégio militar belo horizonte,1.0
bolsonaro diz nordeste inadimplente dados tesouro negam,0.0
coronavírus gilmar mendes mantém recomendação cnj soltura presos,1.0
prematuro pensar voltar treinar jogar afirma parreira,1.0
baleia busca conter traições psb visita governador partido,1.0
eleições conheça regras saiba candidato eleitor podem podem fazer,1.0
lira prevê votar novo auxílio quarta deputado psl relator,1.0
primeiro epicentro pandemia wuhan comemora ano novo aglomerações,1.0
antipetista condenado justiça após postar baiano gente,1.0
mira fraudes contratos combate coronavírus,1.0
escala horário ducha reabertura academias,1.0
nicolás madurar jogar tonelada alimento ajudar humanitário,0.0
montagem faculdade ironizou ministros stf outdoor,0.0
projeto abigail aterrorizante projeto realmente existir,0.0
coisa intocáveis impunes dizem lutar contra corrupção,1.0
fake mulher primeiro ministro canadense fez piada indicação eduardo bolsonaro embaixada,0.0
covas novos pontos doença fígado ossos diz prefeitura,1.0
moro vendeu inquérito sobre bolsonaro doria boato,0.0
rosa weber salles explicar decisão tirou proteção manguezais restingas,1.0
senado aprova ano cinemas adaptarem pessoas deficiência,1.0
validade cnh passou anos pontuação perder carteira boato,0.0
lava jato integrantes conselho mpf defendem aras prorrogue forças tarefa,1.0
caminhão cata veio circula goiânia pede idosos ficarem casa,1.0
foto jair bolsonaro deitar umar maca segurar bandeiro brasil cirurgia retirar bolsar colostomia verdadeiro falso,0.0
governo brasil entrega ventiladores pulmonares goiás,1.0
tratamento precoce cloroquina faz búzios zerar casos covid boato,0.0
idoso anos flagrado prf andando moto uruguaiana boato,0.0
vacinas covid chegaram brasil testes imunização população,0.0
infectado coronavírus prefeito borebi morte cerebral,1.0
governo brasil entrega ventiladores pulmonares amazonas,1.0
papa pede orações revela guerras oriente médio crimeia vão espalhar mundo boato,0.0
outdoor contra privilégios pessoas deficiência ação marketing,0.0
moraes cita dinheiro cueca diz toda revista íntima abusiva,1.0
luc montagnier diz todas pessoas vacinadas morrerão dois anos boato,0.0
poderia financiar mansão flávio bolsonaro juros baixos,1.0
informações sobre ivermectina divulgadas silas malafaia enganosas,0.0
frança libera abertura bares restaurantes partir próxima semana,1.0
morre anos arquiteto jaime lerner governador paraná,1.0
neymar cai durante desfile moda dubai mostra vídeo boato,0.0
kwai libera cupons bônus site whatsapp boato,0.0
brasil registra mil curados coronavírus,1.0
contrário outros países governos brasil méxico perdem popularidade crise coronavírus,1.0
bolsonaro genocida deixou país deriva diz dilma jornal britânico,1.0
botafogo nega volta treinos prefiro perder vidas clube,1.0
libertadores vai voltar,1.0
enganoso meme relaciona preço gás salário mínimo governos lula bolsonaro,0.0
vídeos osmar terra compartilhados ministro adib jatene,0.0
mulher jogar lixar enxurrar durante enchente rir janeiro verdade,0.0
fake lula convidado falar onu após repercussão discurso bolsonaro,0.0
pernambuco recebeu milhões equipamentos proteção individual ministério saúde,1.0
doria propõe redução salário servidores públicos boato,0.0
espanha reabrirá fronteiras terrestres frança portugal junho,1.0
conversão leitos uti estratégia comum municípios aumentaram vagas contra covid diz levantamento,1.0
crise provocada moro marolinha ressaca antecede tsunami,1.0
maranhão recebe mil doses vacina contra covid,1.0
argentina chega mortes coronavírus últimas horas,1.0
dois tres limitam número pessoas atos tse vai recomendar campanha virtual,1.0
supermercados anuncia vai fechar entrar quarentena causa novo coronavírus boato,0.0
fake general braga netto autor áudio defende intervenção militar,0.0
covid restrições acesso ilhabela continuam vigor,1.0
monica iozzi diz irmã pegou covid critica empresa egoísmo,1.0
falso paulo rio janeiro taxas letalidade vezes maiores minas gerais,0.0
novo confirma felipe sabará candidato prefeitura paulo,1.0
fake ministério saúde orienta parentes rejeitar atestados óbito apontem morte coronavírus,0.0
hospital campanha pagou leito rede privada,1.0
saúde contraria pfizer oms sobre intervalo aplicação vacina,1.0
onu alerta cias aéreas sobre fadiga tripulantes fim restrições coronavírus,1.0
colapso março cada internados covid sus morreu,1.0
vídeo mostrar drone entregar pizza verdade,0.0
coronavírus ansiosos ajudar médicos cubanos ainda aguardam convocação,1.0
samsung galaxy fold celular caro brasil custa,1.0
verdade fantasma assustar homem beber água,0.0
segunda ponte vitória rachadura enorme prestes cair boato,0.0
grupar anonymous destruir estrelo fama donald trump durante protesto,0.0
crédito veículos sobe empresas impulsionado aplicativos,1.0
papa francisco vai conceder benção inocentes benedictionem innocentum lula boato,0.0
câmara conclui votação permite empresa comprar vacina funcionário,1.0
paes vai preso fala márcia veja polêmicas crivella,1.0
lockdown total distrito federal decretado ibaneis boato,0.0
aliado bolsonaro comemora possível presença lula eleição,1.0
fake recursos fundo amazônia financiam projetos áfrica,0.0
citada bolsonaro auditoria psdb encontrou fraude eleições,0.0
ozônio prefeito itajaí fala tratamento aplicação ânus,1.0
após passeio moto bolsonaro promete isentar motociclistas pedágio,1.0
cesar tralli flagrado máscara andando patins durante pandemia boato,0.0
brasileiras relatam drama realizar abortos durante pandemia coronavírus,1.0
efeito pandemia faz shopping investir vendas online áreas livre,1.0
foto aurora boreal visto umar caverna islândia verdadeiro falso,0.0
homem camiseta dilma porteiro condomínio jair bolsonaro,0.0
fotografias outros locais anos usadas ilustrar assalto ocorrido criciúma,0.0
fake fotos mostrem comícios trump biden véspera eleição americana,0.0
falso búzios zerou casos covid pós carnaval graças tratamento precoce,0.0
flexibilização ocorrerá após queda casos forma sustentada dias,1.0
médicos verdad falam verdade relatar pandemia covid farsa vacina gripe causam doença testes isolamento máscaras fazem mal cloroquina cura boato,0.0
condenarei povo miséria receber elogio mídia diz bolsonaro,1.0
revista veja fechou funcionários gravaram impressão última edição boato,0.0
covid brasil passa mil mortos dia novos óbitos,1.0
diretora oréal espanha projeta mudanças consumo pós pandemia,1.0
audiências operação spoofing adiadas problemas técnicos,1.0
david uip deixou chefia combate covid contra isolamento,0.0
carlinhos brown coloca pré candidata prefeitura salvador correr boato,0.0
sabatina benedita erra dados sobre pobreza desemprego governos,0.0
intervias contrata profissionais trabalhar rodovia sertãozinho ribeirão preto boato,0.0
unicef faz recomendações sobre coronavírus diz célula maior normal boato,0.0
laila ahmadi chen horin recomendam limão vitamina contra coronavírus boato,0.0
youtuber dom hard sofre choque celular carregando morre mãe desespera boato,0.0
bolsonaro fez busca fotos pabllo vittar twitter engano boato,0.0
gretar thumberg umar viajante,0.0
muçulmanos distribuem alcorão maomé ordens absurdas escola pedro boato,0.0
bolsonaro sugere mudar icms fixar valor baixar preço combustível,1.0
marco aurélio elogia mendonça diz stf relações públicas,1.0
gabbardo estados norte conseguiram preparar antes epidemia,1.0
fernando parrillo dono prevent sênior diz dados mortes coronavírus sendo escondidos boato,0.0
moeda gruda braço tomou vacina contra covid boato,0.0
mulher passa dias internada covid após dois testes darem negativo,1.0
fake foto mostre jovem rosto inchado após tomar vacina chinesa contra covid,0.0
fizemos parte diz bolsonaro sobre covid estado vive colapso,1.0
bastões beisebol itens colecionador série the walking dead,0.0
padre catedral campinas faz sinal arma junto fiéis foto boato,0.0
governo nicaraguense relata casos covid abaixo contagem independente,1.0
falso china doado helicópteros militares brasil após viagem bolsonaro,0.0
mpf investigará prioridade cloroquina oxigênio manaus,1.0
bolsonaro construiu fábrica secretamente frustou planos china boato,0.0
rover perseverance atropelar matar único formar vidar marte,0.0
novo tratamento experimental contra covid reduz carga viral testes animais,1.0
sterling revela ter perdido familiares coronavírus diz preocupado,1.0
espírito santo leitos uti covid autorizados,1.0
paciente morre após hospital sofria ataque cibernético suspender atendimento alemanha,1.0
fake áudio fala sobre surto covid crianças santa casa,0.0
detran divulga novas multas valendo partir hoje regra exige renovação cnh dias boato,0.0
precisamos kit intubação oxigênio apelo médicos cidade liberou kit covid,1.0
mourão chegaremos final ano milhões pessoas vacinadas,1.0
protesto pró bolsonaro ocupa ruas redor hospital campanha,1.0
esqueleto humanar gigante encontrar tailândia verdade,0.0
planeta onde chove pedra ventos supersônicos oceanos feitos lava,1.0
fake fiocruz sugerido inalação água sanitária pessoas suspeita covid,0.0
papar francisco holograma,0.0
boticário dando perfume grátis dia namorados site whatsapp boato,0.0
eduardo suplicy votado diz vai apoiar boulos,1.0
greta diz preciso combater coronavírus crise climática tempo,1.0
fake foto prédio pichado mostre imóvel dentro usp,0.0
missão orbiter revelará imagens inéditas sol,1.0
casos coronavírus servidores federais aumentam semana,1.0
ministério economia diz situação estados municípios prioridades,1.0
bebê meses down cardiopatia morre covid recife,1.0
sei nome ideal médicos avaliam teich saúde,1.0
prefeitura guarapuava emitir boletim ressuscitar coronavírus,0.0
vacinação março pode representar mil mortes diz senador,1.0
procuradores pedem suspensão norma ampliou uso cloroquina,1.0
sergipe recebe mil doses vacinas covid,1.0
vídeo mostra prisão torcedores futebol romênia passageiros máscara paris,0.0
prefeitura abre inscrições programa vale gás natalino boato,0.0
críticas bolsonaro ciro gomes vira alvo diz jornal,1.0
verdade candidato reprovar enem pronome neutro,0.0
alexandre moraes ministro stf prisão decretada boato,0.0
itália registra maior número novas infecções covid desde maio,1.0
italiano anos chora saber dívida hospital após curar covid boato,0.0
venezuela rússia invadiram espaço aéreo brasileiro eua reagiu boato,0.0
fake compras produtos chineses caíram brasil após boicote conta pandemia coronavírus,0.0
funcionário roubar dinheiro cliente lotérica morto paulada,0.0
governadores pedem bolsonaro imediata adoção providências vacinas,1.0
bolsonaro pobre brasil servir parir votar,0.0
foto mostrar bolsonaro jovem namorar exército verdade,0.0
personalize whatsapp cores time favorito boatos,0.0
foto maia alcolumbre toffoli usada fake news prefeito,0.0
irã prepara retomada atividades apesar crise sanitária,1.0
imagens produtos danificados registradas shopping malásia,0.0
ministro dias toffoli stf dono resort paraná boato,0.0
bolsonaro decisão monocrática caso outros refresco,1.0
bolsonaro bia kicis presidente larga bolsonaristas raiz sabor vento,1.0
cai número casos graves coronavírus frança,1.0
imagem matança baleias capturada noruega,0.0
brasileiro conta qatar confinará todos dias torneio voltar,1.0
fake russomanno votou contra ficha limpa,0.0
após adiar compra bolsonaro diz adquire seringa preço normal,1.0
paulo casos oficiais coronavírus sábado,1.0
governadores prefeitos jogam respiradores mato prejudicar bolsonaro boato,0.0
fake página simula site drauzio varella vender produto dores articulações,0.0
filmar aladdin mostrar manopla infinito marvel,0.0
cientistas criam sistema detectar insuficiência respiratória voz,1.0
segunda onda gripe espanhola mortal porque pessoas relaxaram,0.0
gilmar pede investigação vazamento inquérito contra toffoli,1.0
fake testar positivo covid proibido votar,0.0
foto lula jatinho circula brasília feita curitiba,0.0
comparar talidomida vacina contra covid enganoso dizem especialistas,0.0
fake governo americano fez recomendação pessoas rasparem barba bigode uso eficiente máscaras contra coronavírus,0.0
governo ceará aciona stf pedindo anvisa libere doses sputnik,1.0
bolsonaro usou milhões cartão corporativo gastos pessoais boato,0.0
pássaro surakav muda cor cada segundo levou dias filmado boato,0.0
vacinas contra covid oms promete brasil milhões doses partir fevereiro entenda,1.0
apesar recorde queda pib brasil semelhante países ricos,1.0
bolsonaro bebeu copo leite porque quis brindar supremacistas brancos nazismo live boato,0.0
falso candidatura prefeita santa luzia cassada,0.0
foto antiga praia ipanema publicada estadão atual boato,0.0
bioluminescência ondas mar califórnia eua ocorreram causa quarentena boato,0.0
venezuelanos pró maduro agridem soldados brasileiros território boato,0.0
foto multidão protesto contra armas fogo ato favor trump,0.0
vídeo orangotango sandra lavando mãos anterior pandemia covid,0.0
bandidos cadastram motorista app uber audiência custódia boato,0.0
ferrero sobre coronavírus respiração fica curta desespero,1.0
biden propôs aborto legal base decisão roe wade feto viável,0.0
kit intubação médicos alertam escassez remédios essenciais contra covid pode gerar número assustador óbitos,1.0
falso michelle bolsonaro voltado dar aulas libras,0.0
família ciro gomes dona empresas carros pipa ceará boato,0.0
fake vídeo mostre trem japão,0.0
economistas têm dúvidas sobre ritmo indústria,1.0
bolsonaro usa tática quinta série distração atraso vacina,1.0
falta insumo faz laboratório ter menos testes covid,1.0
thiego lula silva une anos anos curso ciências sociais boato,0.0
verdadeira conta sos brumadinho ajudar vítimas,0.0
luís atendeu força moral diz juiz decretou lockdown,1.0
curada coronavírus mulher deixa coma descobre grávida gêmeos,1.0
bolsonaro volta ameaça fome pobreza terreno fértil pra ditadura,1.0
paulo guedes responsável reforma previdência chile boato,0.0
casos covid alemanha voltam crescer exponencialmente diz instituto,1.0
foto mostrar dia toffoli boné camiseta suplicy verdade,0.0
bolsonaro defende uso medicamentos necessidade seguir bula,1.0
oms diz descartar nenhuma hipótese sobre origem coronavírus,1.0
governo bolsonaro libera dinheiro combater coronavírus,1.0
vera magalhães recebe mil mês doria cultura falar mal bolsonaro boato,0.0
publicações mostram documentos sobre coronavírus testado arma biológica,0.0
foto tempestade tirada dezembro rio grande sul,0.0
imóvel supostamente comprado lula ainda venda,0.0
minas gerais leitos suporte ventilatório pulmonar autorizados,1.0
dia internacional riso conheça benefícios sorrir,1.0
filho lula comprou ilha angra reis luciano huck milhões boato,0.0
nova lei ventre livre projeto proíbe ultrassom saber sexo bebê aprovado boato,0.0
barroso suspende foro privilegiado defensores procuradores quatro estados,1.0
pessoas canadá informadas sobre coronavírus teste respiração boato,0.0
jean wyllys vendeu mandato deputado david miranda mil boato,0.0
governo brasil entrega ventiladores pulmonares piauí,1.0
pandemia encarece estrangeiros deve limitar gringos futebol brasileiro,1.0
moro nega conflito ético ligar escritório atende odebrecht,1.0
chile pode liberar vacina astrazeneca dias após aprovação eua reino unido,1.0
policial invade necrotério salvar mãe covid saco respirando boato,0.0
governo irlanda coloca aviso contra vacina máscaras pedágios boato,0.0
vacina china oxford feitas dna recombinante deram certo porcos boato,0.0
vídeo engana afirmar vírus covid existe desde,0.0
coronavírus governo prorroga fim julho restrição entrada estrangeiros brasil,1.0
foto tirada nova york após tumulto peregrinação meca,0.0
macacos gravados nadando piscina complexo residencial índia,0.0
chaveiro colorir virar cachimbar vir estimular consumir drogar escola,0.0
câmara vota nesta terça feira projeto facilita compra vacinas diz lira,1.0
fazer salão pandemia rodrigo cintra tira dúvidas comuns,1.0
setembro paralisação todos caminhoneiros brasil falta mantimentos todas redes sociais bloqueadas boato,0.0
fake nóis whatsapp cobrar dica parir espalhar fake news,0.0
chico xavier prever dia julho datar limitar parir humanidade,0.0
anvisa autoriza testes soro anti covid desenvolvido butantan,1.0
mencionar pixulé pazuello diz referia restos recursos aplicados programas,1.0
schelp governo bolsonaro fez estelionato eleitoral lava jato,1.0
fda autorizou uso hidroxicloroquina todos pacientes covid eua boato,0.0
boletim ações estratégicas contra covid abril,1.0
vida importante presidente diz neto,1.0
bia kicis ccj transforma praça guerra,1.0
bebê acre nasce anticorpos após mãe contrair covid gravidez,1.0
fake felipe neto fez post pedófilo twitter associando crianças doces,0.0
jogo flamengo grêmio libertadores anulado stjd boato,0.0
fake carta atribuída escritor scott fitzgerald sobre vida quarentena,0.0
ministro defende escolas técnicas currículo ditado empresas,1.0
amazônia saqueada funai índios mst hydro banda anos boato,0.0
suspeito hackear tse prisão domiciliar diz polícia portuguesa,1.0
cadu barcellos emprestou adélio bispo atacar bolsonaro boato,0.0
covid casa gráficos explicam fazer mora pessoa coronavírus,1.0
caio coppolla proibido stf participar programas rádio postar redes sociais boato,0.0
paula mourão esposa general mourão médica professora mostra currículo boato,0.0
anvisa certifica farmacêutica chinesa desenvolveu coronavac,1.0
perder aulas pior crianças infecção coronavírus diz conselheiro médico reino unido,1.0
fake mensagem fala óbitos reações vacinas registrados anvisa,0.0
casa branca anuncia novo teste trump negativo coronavírus,1.0
bolsonaro exalta meio ambiente omite cortes aumento desmatamento,1.0
presidente colômbia mandou matar ruas contra lockdown boato,0.0
após mudança metodologia estados passam contabilizar casos antigos covid,1.0
governo diz pode atrasar pagar bolsa família acabará,0.0
vídeo provar voluntário tomar umar vacinar covid,0.0
bolsonaro nega ter comemorado morte voluntário diz comprará qualquer vacina certificada,1.0
governo vai acabar plataforma lattes cnpq semana santa boato,0.0
umar empresar holandês lançar app carona corrido pago sexo,0.0
coronavírus mata negros estados eua indicam dados preliminares,1.0
coronavírus alexandre moraes manda governo retomar divulgação dados acumulados,1.0
via contrata profissionais trabalhar duplicação boato,0.0
contratar professorar proibir casar frequentar sorveterias andar homem,0.0
junho prazo limite propor adiamento eleições diz barroso futuro presidente tse,1.0
número mortos brasil ultrapassou limite bom senso diz mourão,1.0
papa diz fim tempos pede preparação apocalipse boato,0.0
joão deus diz ministros stf pediam dinheiro encontros garotas boato,0.0
placar mostra pacheco frente disputa senado,1.0
adidas dando sapatos presente dia mulher whatsapp boato,0.0
história cloroquina reúne polêmicas homeopatia império romano,1.0
umar jovem revelar pai viciar,0.0
professores devem priorizados vacinação contra covid diz unesco,1.0
fake fenilpropanolamina presente medicamentos vendidos brasil,0.0
lista empresas compradas china mostra invasão silenciosa império chinês boato,0.0
tabela risco transmissão covid divulgada governo americano,0.0
pacientes sintomas leves covid podem transmitir vírus dias apontam cientistas,1.0
maguito vilela intubado covid filho ocupa eleição goiânia,1.0
bilionários eua enriqueceram ainda pandemia diz estudo,1.0
quero arrastada atos terceiros diz governadora interina,1.0
assessores bolsonaro timing recondução santini desastre caso fragiliza onyx,1.0
câmara aprova abre crédito milhões medidas combate coronavírus,1.0
izabely câncer vai ganhar centavos mensagem whatsapp boato,0.0
maranhão estados podem ter surto dengue,1.0
existe consulta pública sobre venda aquífero guarani,0.0
últimas notícias coronavírus março,1.0
reforma previdência mantém pensão morte pessoa deficiência,0.0
nova zelândia diz manterá fronteiras fechadas durante maior parte ano,1.0
copa américa seleção intubados critica kátia abreu,1.0
collor critica falas bolsonaro sobre forças armadas perturbadoras,1.0
fake vídeo mostra sumiço seções eleitorais niterói comprova fraude pleito,0.0
primeira dose vacina pfizer eficaz após semanas,1.0
governo vai começar cobrar imposto sobre dividendos,1.0
nestlé anunciou doação mil caixas leite condensado forças armadas,0.0
fake foto mostre doria recebendo vacina chinesa contra covid,0.0
ciência diz sobre eficácia tratamentos citados bolsonaro revelar covid,1.0
pazuello promete voos transferir pacientes outros estados,1.0
ivete sangalo lança clipes músicas feitas parceria jão vitão,1.0
protesto polícia francesa contra declarações ministro interior tirado contexto,0.0
negados poderá contestar defensoria pública união,1.0
boatos mentem sobre tomar vacina contra covid morta atriz,0.0
coronavírus mandetta admite erro auxiliares tenta sair foco crise,1.0
estudo francês hamsters prova eficácia ivermectina contra covid humanos,0.0
chico buarque disse entrevista cbn investindo bitcoins lucrando boato,0.0
delcy rodríguez disse venezuela firmou convênio coronavírus montagem,0.0
falsa tabela viralizada ranking salários mínimos américa sul,0.0
ministros humberto martins jorge mussi eleitos presidente vice stj,1.0
sindicato sinaliza greve após justiça liberar volta aulas paulo,1.0
homenagens maradona tomam internet veja,1.0
vestibular fatec adesão baixa cursos podem fechados boato,0.0
verdade fauci sabia anos hidroxicloroquina cura coronavírus,0.0
distrito federal começa hoje vacinar idosos anos,1.0
polícia britânico trollou presidente trump escoltar formar pênis,0.0
governo auxílio cesta básica compartilhar whatsapp boato,0.0
vídeo mostra sistema antimíssil israel derrubando diversos mísseis boato,0.0
lula vaiado expulso restaurante recife mostra vídeo boato,0.0
lewandowski reprovado concursos tese anulada plágio boato,0.0
fake abono salarial todos trabalharam sacá perde valor reforma previdência,0.0
folheto teste perfume droga oferecida assaltantes assaí boato,0.0
pandemia julho menos mortes julho boato,0.0
sabotagem governo bolsonaro atrasou vacinação milhões,1.0
maia espera posição governo debater prorrogação auxílio emergencial,1.0
médica usa informações falsas vídeo falar cura covid,1.0
bolsonaro derrubou república provou fraude urnas eletrônicas boato,0.0
senado estados unidos afirmou covid mentira,0.0
grandes fazendas concentraram fogo áreas críticas amazônia,1.0
fake vídeo mostre robô militar israelense capaz atirar precisão sob ataque humano,0.0
repatriados estudavam wuhan vão pegar aulas online durante quarentena anápolis,1.0
vídeo investigado deputado vice líder governo ataca alexandre stf,1.0
peguei covid volta aulas riscos professores pandemia,1.0
bolsonaro quer entregar ministérios partidos diz barros,1.0
seguro dpvat pode pago desconto somente hoje boato,0.0
sintomas gripe paulo deve ligar atendido casa boato,0.0
fake imagens mostrem manifestação pró bolsonaro maio maior história,0.0
assine petição fechamento stf compartilhando link whatsapp boato,0.0
ambev faz parceria biscoito globo lucro venda irá ambulantes,1.0
eua flórida novo recorde registro diário mortes covid,1.0
corona insônia fenômeno impedindo pessoas dormir pandemia,1.0
donald trump hospital porque envenenado boato,0.0
novos surtos coronavírus espanha suscitam temores segunda onda europa,1.0
filha pazuello nomeada supervisora riosaúde empresa prefeitura,1.0
doria prorroga quarentena maio descarta lockdown,1.0
covid país perde quase cem brasileiros hora auge pandemia,1.0
demônio flagrado cima árvore canadá mostra vídeo boato,0.0
bolsonaro único líder manter discurso inadequado falta respeito vítimas diz mandetta,1.0
paulo gustavo morreu hoje decorrência covid boato,0.0
adicional periculosidade menor valerá jovens seguro opcional,0.0
azul latam fecham acordo conexões domésticas pontos fidelidade,1.0
fake nóis fake news envolver carnaval,0.0
johnson otimista poderá afrouxar lockdown reino unido breve,1.0
lenine faz desabafo criticando bateu panela contra bolsonaro boato,0.0
bolsonaro acareação compromissos amazonas diz defesa,1.0
arcaísmo ambiental bolsonaro custo,1.0
mulher usa calcinha lugar máscara após barrada supermercado,1.0
covid saúde mental piorou brasileiros sob pandemia aponta pesquisa,1.0
governador sergipe belivaldo chagas diz descumprir lockdown vai levar porrada boato,0.0
fake schwarzenegger dormiu rua sob estátua homenagem após recusa hotel,0.0
mst atear fogo laboratório produzir vacinar meningite,0.0
fake vídeo mostra queda explosão boeing próximo ônibus etiópia,0.0
idosa recebe alta homenagem cura covid morre dias,1.0
governo britânico pede respeito regras confinamento,1.0
eua registram menor número nascimentos quatro décadas,1.0
dia nacional infectologista profissionais divulgam vídeo reforçar seis regras ouro prevenção covid,1.0
fake news usam propaganda ligar sítio atibaia lula,0.0
inadimplência dados veja benefícios operadoras pandemia,1.0
forças armadas chile entram ação ficam lado presidente sebastián piñera declaram guerra socialistas comunistas boato,0.0
estudo insuficiente comprovar eficácia ivermectina contra covid,0.0
nota imprensa,1.0
coronavírus micaela góes dicas organizar casa rotina,1.0
paulo maiurino diretor denuncia stf lula mandaram matar bolsonaro boato,0.0
modelo repatriada emociona apresentação acordeon durante quarentena base aérea anápolis,1.0
vídeo mostrar trator mst incendiar florestar verdade,0.0
internações covid grande alcançam maior índice desde setembro,1.0
associação tênis eua diz ninguém deveria jogar durante pandemia,1.0
verdade general mourão cortar verba publicitário globo,0.0
estudo corticoide inalado aponta redução tempo hospitalização devido covid aponta oxford,1.0
creme dental kolynos vendido cloroquina mostra propaganda boato,0.0
fake carro pegou fogo alastrou garagem belém após motorista passar álcool gel chave ligar veículo,0.0
covid coaracy nunes internado estado grave,1.0
sanofi gsk adiam vacina contra covid fim,1.0
butantan pretende dobrar produção coronavac maio,1.0
provas keanu reeves criticado homens vestem mulheres objetos,0.0
misturar diesel gasolina melhora desempenho carro boato,0.0
covid stf forma maioria manter obrigatoriedade uso máscara,1.0
ouvir participação farsas podtech canal futuro,0.0
reajuste combustíveis bolsonaro diz discutirá redução pis cofins,1.0
maia governo condições pagar auxílio antes abril,1.0
foto mostra bolsonaro cicatriz local levou facada boato,0.0
cbf lança cartilha etapas retorno futebol brasileiro,1.0
alexandre ramagem chama moro banana publicação twitter boato,0.0
samuel eto pagou milhão euros fiança ronaldinho sair prisão boato,0.0
preocupado ameaças mandato bolsonaro prioriza conselhos ala militar,1.0
forçar aéreo brasileiro produzir metro cúbico oxigênio doar parir manaus,0.0
estudo nature prova ivermectina cura covid precisamos vacinas boato,0.0
apesar discurso pró vacina presidente base bolsonarista embarca narrativa redes,1.0
kauã raptado shopping riomar desaparecido boato,0.0
bolsonaro defende dados imprecisos remédios comprovação anunciar covid,1.0
índia abre investigação sobre nova política privacidade whatsapp,1.0
fake news gretar thunberg,0.0
psdb vai apresentar ação bolsonaro respeite regras sanitárias,1.0
fake imagem extrato bancário depósito auxílio emergencial conta saldo milionário,0.0
lava jato usa serra boi piranha embate procurador geral,1.0
fake tuíte atribuído boulos fala obrigar quarto ocioso receber morador rua,0.0
benedita silvar embaixador york,0.0
mercado financeiro prevê inflação tombo menor pib,1.0
operação apneia mpf denuncia secretário saúde recife peculato,1.0
mensagem toque ler novo aviso privacidade brasil golpe criado hackers whatsapp boato,0.0
aumento consumo álcool preocupa período confinamento,1.0
bolsonaro aproveita sintonia maia defender mudança renda brasil,1.0
perigar parir saudar vídeo mostrar energético derreter alimento verdade,0.0
médico usp explica estudo lancet alerta cloroquina pode matar,1.0
bolsonaro chamou idiotas isolados resistem veem ato político,1.0
vídeo mostra decidiu parar produção doar oxigênio hospitais manaus boato,0.0
medir temperatura termômetro infravermelho danifica glândula pineal,0.0
recuperar supremacia supremo fácil,1.0
bill gates ensina regras aprende escola durante palestra boato,0.0
witzel recorre decisão negou pedido reassumir governador,1.0
imagens mostram criança colete polícia motos roubadas bandidos atirando baile funk paraisópolis boato,0.0
terra usa dados único hospital dizer covid reduzindo,0.0
post engana desacreditar eficácia vacinas contra covid,0.0
negligência genocida políticos criticam bolsonaro mil mortes,1.0
harley davidson vai lançar moto homenagem bolsonaro mito boato,0.0
governo cancela pagamento auxílio emergencial porque dinheiro boato,0.0
fake vídeo mostre tubarão corpos jovens dentro maranhão,0.0
fake máscara provoca hiperventilação intoxicação micropartículas material,0.0
lista lives artistas rock próximos dias vazou internet boato,0.0
fake imagens mostrem renata vasconcellos comemorando aniversário abraçando colegas redação meio pandemia,0.0
plano nacional imunização entregue supremo tribunal federal,1.0
lula milhões euros banco vaticano boato,0.0
povo araraquara passando fome causa lockdown total boato,0.0
raúl castro presidente cuba fugiu venezuela boato,0.0
brasil oito casos confirmados coronavírus casos transmissão local,1.0
máscaras essenciais volta aulas diz autoridade eua,1.0
candidata vacina astrazeneca avançada contra covid diz oms,1.0
simpsons prever incêndio catedral notre dame,0.0
onlyfans site permite vender nudes cresce brasil amplia mercado influencers sexo,1.0
verdade sobrar fábula formigo vermelho preto viralizou rede social,0.0
onça parda encontrada morro urca rio janeiro após isolamento social boato,0.0
lira apoia projeto prevê abater imposto empresas comprarem vacina,1.0
postagem cápsula vazia prova conspiração prefeitos contra cloroquina,0.0
fake psol contratou advogado defender homem matou baixada fluminense,0.0
veja situação covid estados nesta sexta,1.0
umar professorar filosofia ensaiar sensual biblioteca usp,0.0
custo coronavac imunizar apenas estado paulo bilhões reais,0.0
análise vídeo mostrar míssil causar megaexplosão beirute,0.0
prefeituras ganham mil médicos ganham mil diagnóstico positivo covid boato,0.0
foto mostra josé costa primeiro bebê johnson hoje boato,0.0
variantes coronavírus brasil faz pouca coisa certa controlá las,1.0
covid mortes diárias vão mostrando falta presidente faz,1.0
dragão azul glacus atlantucus animais venenosos oceano boato,0.0
aprovação bolsonaro bate recorde diz pesquisa datafolha boato,0.0
briga envolve presidente guiné bissau universitários anos antes pandemia,0.0
autoridades pedem testes covid torcedores psg reuniram,1.0
spray nasal contra covid interessou bolsonaro começa vendido israel boato,0.0
aras pede dados inquérito sobre fake news avaliar habeas corpus weintraub,1.0
juíza encerra ação cobrava bolsonaro provas suposta fraude eleições,1.0
laboratório chinês trabalha encontrar vacina contra covid,1.0
hospital john hopkins publicou lista dicas sobre covid coronavírus boato,0.0
crianças grávidas têm doenças fazem barriga inche,0.0
ônibus comitiva lula acabou expulso povo itanagra bahia,0.0
bolsonaro diz saber sobre depósitos feitos queiroz esposa,1.0
coronavírus ocupa telefones samu indica tirar dúvida,1.0
djamila ribeiro estado financiando guerra pobres contra pobres,1.0
colômbia país mundo passar milhão casos covid,1.0
complexo hospitalar niterói chn repassa orientações fiocruz sobre coronavírus boato,0.0
fila reabertura shopping aglomerações medição febre,1.0
jovens desafiam covid periferia paulo rolê beijo boca,1.0
sob tensão cpi covid aprova pedidos informação sobre atos governo,1.0
lewandowski cobra ministério justiça sobre cooperações pedido lava jato,1.0
fifa oms debatem ações futebol combater novo coronavírus,1.0
volto rápido apavorado últimas mensagens vítimas covid,1.0
mortes covid passam mil todo mundo,1.0
mourão exército ativa precisa seguir missão aplaudir governo,1.0
globalismo tão mencionado durante pandemia,0.0
vivemos isolamento dentro isolamento pandemia antártida único continente casos registrados,1.0
funcionário mandar áudio irritar parir armar causar chuva rir janeiro verdade,0.0
stf argentina fechado força população forças armadas boato,0.0
médicos protestam falta equipamentos presos paquistão,1.0
rodrigo constantino acabou bloqueado dias facebook publicou lista comunistas boato,0.0
franceses retornam amados cafés paris,1.0
sabe agora sobre operação residência oficial witzel,1.0
imagens pessoas nadando canal transposição rio francisco,0.0
ministério saúde mantém previsão distribuição vacina oxford janeiro,1.0
prefeito londres finge tomar vacina contra covid mostra foto boato,0.0
atestado óbito suspeita covid rende hospital diz médico boato,0.0
rachadinha bolsonaro envolveu abin gsi reunião defesa flávio,1.0
missão perseverance robô explorador nasa chega marte nesta quinta feira,1.0
arrecadação live jorge mateus chega toneladas alimentos,1.0
fake texto críticas toffoli escrito juíza escola magistratura rio janeiro,0.0
trump anuncia compra milhões doses vacina contra coronavírus moderna,1.0
cometa aproxima terra fotografado céu líbano,1.0
post tira contexto frase damares alves sobre abuso infantil,0.0
lojas renner faz promoção falsa black friday usando etiqueta amarela boato,0.0
trump considerando eventual proibição voos brasil,1.0
câmera aratu grava áudio despedida antes morrer covid boato,0.0
vendas varejo encolhem semana dia pais aponta indicador commerce cresce,1.0
fake imagens primeira vacinada reino unido feitas dois meses antes serem divulgadas público,0.0
vladimir zelenko criador kit covid hidroxicloroquina ganhar prêmio nobel paz,0.0
moro olavo carvalho discutem twitter após general criticar governo,1.0
bahia vai stf importar distribuir diretamente vacinas contra covid,1.0
pegar aldeia chance tragédia grande disse secretário,1.0
ministro sérgio moro pode ter prisão decretada stf qualquer momento boato,0.0
após ataque vírus resgate criminosos pressionam empresa enviando mail sobre vazamento dados clientes,1.0
médicos brasileiros investigam mortes crianças covid,1.0
assunto enquanto vacina vem,1.0
ives gandra explica áudio fazer faixas manifestações setembro boato,0.0
fbi recolhe máscaras vindas china infectadas covid boato,0.0
cria comitê compra vacinas contra covid,1.0
celso mello decide sobre sigilo gravação reunião ministerial fim semana informa stf,1.0
candidato presidência eua joe biden usando ponto eletrônico debate trump,0.0
covid deve mudar matriz energética forçar olhar contra desigualdades,1.0
fake ministro saúde faz auditoria números casos mortes covid,0.0
assaltantes banco criciúma usam máscaras palhaço posam dinheiro armas boato,0.0
pessoas auxílio emergencial compartilhar link boato,0.0
maria rosário chama moro hitler judiciário diz corrupção cultural boato,0.0
cabo exército argentino faleceu havia recebido vacina russa contra covid,0.0
oposição vai stf governo bolsonaro explique planos sobre vacina,1.0
publicações atribuem erroneamente china origem gripes aviária suína,0.0
site exagera falas médico alemão sobre medidas rígidas contra novo coronavírus,0.0
laboratório wuhan pertence governo chinês glaxo proprietária pfizer,0.0
lira disse penso sobre ludhmila hajjar prerrogativa presidente,1.0
furlan comemora vitória eleição macapá prefeitão,1.0
relator quer permitir saques mensais fgts salário reduzido,1.0
apenas três países brasil cuba venezuela usam urnas eletrônicas eleições boato,0.0
greta thunberg estuda escola cara mundo veleiro,0.0
red bull brasil investe assume remo treze maranhão time norte nordeste boato,0.0
saúde autoriza leitos uti covid estados,1.0
patrocinador ameaça psg caso competições retornem julho,1.0
fake vídeo mostra descobrir celular grampeado apenas código,0.0
oms china vão criar passaporte imunidade covid certificado digital mão pessoas boato,0.0
maculopatia câncer olho causada uso telefone celular escuro boato,0.0
recorde mortes dia aproxima brasil grupo dez afetados,1.0
lira escolhe relator mostrou favorável prisão daniel silveira,1.0
laboratório wuhan centro polêmica mundial,1.0
cadastro renda brasil auxílio gás mesa brasil conta pra mim aberto governo whatsapp boato,0.0
resort nudista tornou novo foco covid frança,1.0
comediante paulo gustavo punir pelar justiçar divino zombar jesus,0.0
santa catarina recebe mil doses vacina butantan,1.0
estudo revisão prova uso máscaras ineficaz contra covid,0.0
após semanas isolamento aposentada abraça irmã câncer terminal,1.0
bolsonaro diz fez novo teste covid aguarda resultado amanhã,1.0
vídeo mostra tentativa sequestro criança captada câmera vigilância boato,0.0
governadores prefeitos escondem respiradores enviados bolsonaro galpões mandam hospitais boato,0.0
países sistemas saúde precários preocupam oms relação covid,1.0
existir igreja quadrangular triangulo redondo,0.0
incerteza sobre duração intensidade crise vírus impõe riscos crescimento brasil diz fitch,1.0
conhecimento suficiente sobre imunidade deixar vacinar covid,0.0
alemanha registra mil mortes covid horas vez,1.0
pergunta milhão diz pazuello sobre vacina aplicada,1.0
voluntários testam vacina covid têm rotina termômetro,1.0
veja fato fake declarações candidatos prefeitura semana campanha,0.0
colômbia diz definiu protocolos brasil combater covid amazônia,1.0
empresa biotecnologia valneva inicia testes humanos vacina contra covid,1.0
notícia falsa fala sobre tecnologia curar câncer mama cirurgia,0.0
fake nóis analisar notícia sobrar gato,0.0
venezuela doou oxigênio amazonas white martins boato,0.0
paulo leitos uti covid autorizados,1.0
post engana dizer ponte acre rondônia obra bolsonaro,0.0
idosa anos vence covid recebe alta hospital petrolina,1.0
covid estudo hamsters prova eficácia ivermectina humanos,0.0
trump virou venceu eleição eua votos contra biden boato,0.0
estudo universidade stanford indicou máscaras ineficazes contra covid,0.0
livro infantil vender bienal incentivar prático sexual verdade,0.0
decreto bolsonaro permite redução jornada salário dias,1.0
saúde admite ministério público risco perda milhões testes covid,1.0
carlos bolsonaro furou fila tomou vacina contra covid boato,0.0
bandeira brasil faixa vermelha hasteada brasília mostra vídeo boato,0.0
coronavírus sugestão ministro máscara pano divide especialistas,1.0
adidas dando camisas oficiais flamengo site whatsapp boato,0.0
fake imagens mostrem vacinas sendo aplicadas agulha revelem encenação,0.0
rui costa jacques wagner otto alencar filmados forró durante pandemia boato,0.0
covid amazonas cidades interior estado recebem testagem doença,1.0
fake vídeo mostre motorista preso swat china coronavírus,0.0
drauzio brasil deve campeão mundial confusões pandemia,1.0
airpods max novos fones ouvido fio apple custam brasil,1.0
coronavírus após barrar linhas interestaduais antt diz competência união,1.0
governo lula doou milhões hamas,0.0
fake gleisi hoffmann agredida carnaval época fortaleza,0.0
formiga pré histórica caçava chifre encontrada preservada âmbar,1.0
jacaré ataca banhistas praia macumba grumari boato,0.0
foto mostrar vegetação invadir carrefour ficar ano fechar,0.0
boca urna aponta bruno covas guilherme boulos turno paulo,1.0
daniel silveira anuncia vai contratar brancos caucasianos gabinete boato,0.0
bastidores provocações incendiaram flu derrubar favorito fla,1.0
coronavírus reino unido pode ampliar lockdown conter disseminação mutação,1.0
avião emirates passageiros faz pouso forçado aeroporto dubai explode boato,0.0
belém promove desinfeção avenidas ação combate novo coronavírus,1.0
pesquisadores chineses lançam segunda fase testes vacina contra covid seres humanos,1.0
farmacêutica servier condenada maiores escândalos saúde frança,1.0
bolsonaro usa centrão minimizar pib ruim emplacar agenda positiva,1.0
câmara aprova mps somam crédito bilhões contra covid,1.0
rússia supera marca meio milhão casos coronavírus,1.0
guedes repete governo subirá impostos controlar déficit fiscal,1.0
sociedade infectologia discurso bolsonaro temerário,1.0
brasil completa dias média mil mortes diárias covid mil vítimas pandemia,1.0
constituição permite revogação mandato político assinaturas,0.0
breno lintz promotor justiça uberlândia escreve mensagem defesa bolsonaro boato,0.0
doação cinco filhotes cães ficaram órfãos teresópolis boato,0.0
hackers descobrem bill gates oms laboratório wuhan criaram coronavírus partir hiv boato,0.0
petição lula livre contribui liberdade presidente lula boato,0.0
eleições discretamente vou começar atuar campanhas diz bolsonaro,1.0
fake produtos importados china podem conter coronavírus,0.0
argentina comprou fornos crematórios vítimas vacina sinovac boato,0.0
fake foto mostre tiago leifert equipe bbb festejando restaurante meio pandemia coronavírus,0.0
crivella nega amizade empresário afirma provas contra,1.0
oms desculpou reviravoltas hidroxicloroquina,0.0
apesar restrição novo coronavírus cresce movimento ônibus paulo,1.0
jorge jesus testa negativo covid após gripe comanda benfica hoje,1.0
governo chinês emite alerta novos surtos covid áreas rurais aplica medidas,1.0
dia vigia covid vira nova profissão sets hollywood,1.0
publicação facebook prever pandemia covid,0.0
estratégias cientistas ajudar uns outros pandemia,1.0
auxílio emergencial menor inviabiliza restrições lockdown brasil,1.0
fake supercomputador tse serviço nuvem estrangeiro abre brecha fraude,0.0
fake imagens mostrem karol conká fumando cigarro maconha dentro casa bbb,0.0
estudo engana dizer países pró cloroquina menos mortes,0.0
japoneses descobrem nanopartículas mrna vacina ficam corpo pessoas podem causar infertilidade boato,0.0
wuhan vida normal ano após caso covid esquece vírus,1.0
pneu fura vendido japão decreta fim borracheiros boato,0.0
caco barcellos agredido povo causa ataques globo bolsonaro boato,0.0
fake foto mostra manuela ávila tatuagens che guevara lênin,0.0
ministro comunicações diz ninguém pode impor vacina contra covid,1.0
falso ford vai deixar produzir veículos passageiros globalmente,0.0
segunda turma stf determina retirada delação palocci ação contra presidente lula,1.0
espanhol choca cuspir bebida plateia durante pandemia veja vídeo,1.0
nise diz desconhecer gabinete paralelo colaboradora eventual,1.0
pesquisa aponta homens gostam amor trás parceiras gays enrustidos boato,0.0
rio grande sul confirma caso coronavírus,1.0
testes vacina contra covid johnson johnson interrompidos,1.0
china compra empresa aérea azul durante pandemia novo coronavírus boato,0.0
foto desfile gaviões fiel volta circular,0.0
fórmula audi suspende piloto daniel abt trapacear corrida virtual,1.0
ministério economia eleva estimativa déficit primário,1.0
kamala harris deve atacar trump frontalmente discurso histórico convenção democrata,1.0
fake decisão stf proíbe bíblia escolas bibliotecas públicas,0.0
bolsonaro diz jogue lobos voltarei liderando cardume boato,0.0
friends sorteia ingressos especial troca doações caridade,1.0
notícia falsa liga advogado lula insinua encontro toffoli,0.0
critérios bolsonaro definir nome próximo ministro stf,1.0
gibi turma mônica contra drogas pedido bolsonaro boato,0.0
trump volta atrás promessa vacina contra coronavírus fim ano,1.0
general ajax invadiu gabinete toffoli ameaçou stf evitou golpe contra bolsonaro boato,0.0
começa hoje vacinar pessoas anos comorbidade,1.0
operação apura desvios transporte escolar fundeb sus,1.0
mulher morta talibã afeganistão mostra vídeo boato,0.0
voto antecipado milhões norte americanos sugere alto comparecimento,1.0
cesar cielo acusou presidente lula ter ameaçado,0.0
fake imagens mostrem matança baleias noruega,0.0
stf dossiê sobre antifascistas difunde cultura medo diz fux,1.0
costuram máscaras dia periferia comprar comida,1.0
festival sxsw cancelado eua causa coronavírus,1.0
cidades interior podem propagar covid capitais aponta estudo,1.0
publicações falas atribuídas presidente lula chamado genocida enganosas,0.0
ministro finanças venezuela flagrado fazendo compras eua boato,0.0
covid paciente precisa abordagem precoce tratamento precoce diz luana araújo cpi,1.0
coronavírus paraguai deixa aulas presenciais suspensas dezembro,1.0
presidente nigéria iphones ourar casamentar filho,0.0
vídeo mostrar lagarto atônito atacar louva deus,0.0
arnaldo tenta replicar alemanha pressa outros estados,1.0
corte haia rede sindical acusa bolsonaro crimes contra humanidade,1.0
fake mistura caseira água sal zinco comprovadamente eficaz contra novo coronavírus,0.0
tuíte engana sugerir bolsonaro recusou oferta anterior pfizer conseguir vacinas,0.0
prefiro ter pobres mil mortos diz fernández,1.0
richard branson pede ajuda governo evitar colapso empresas,1.0
foto berlim milhões contra medidas covid festa,0.0
saldo mortos coronavírus itália sobe superando eua,1.0
vida agora bem restrita alguém casa tragédia diz candice bergen,1.0
governo trump acelera desenvolvimento vacina contra coronavírus,1.0
bolsonaro gera aglomeração tira selfies banhistas praia,1.0
folha precisamos frente ampla contra ódio resto,1.0
vídeo mostrar papar noel pendurar helicóptero desgovernar verdade,0.0
reeleição bolsonaro depende auxílio emergencial virar talkey brasil,1.0
verdade ventríloquo utilizar corpo umar criança comer boneco,0.0
rússia fez autópsia paciente covid descobriu golpe global veneno boato,0.0
foz iguaçu aposta turismo compras restabelecer economia,1.0
chapéu magnético realmente reverter perda memória paciente alzheimer,0.0
fake vídeo mostre governador piauí festa durante pandemia covid,0.0
azul queda tráfego passageiros mês abril,1.0
entrar ação stf parir impedir bolsonaro reduzir preço gás,0.0
itália maior número mortes covid meses,1.0
rede supermercado obrigou funcionários comemorarem golpe,0.0
enganoso post compara falas biden bolsonaro sobre dispensa uso máscara,0.0
cbf antecipa taxas ajudar quase árbitros durante pandemia,1.0
atmosfera ácida temperaturas altíssimas vênus podem futuro terra dizem astrônomos,1.0
mosaico mostrar profissional saudar morrer pelar covid brasil,0.0
inquérito investiga fraude processo votação,0.0
prazo adesão poupadores acordo planos econômicos prorrogado cinco anos,1.0
frear ressurgimento covid austrália volta impor restrições segunda maior cidade país,1.0
verdade canibal comer entregador pizza testemunhar jeová,0.0
enganoso ponte concreto obra governo bolsonaro,0.0
guilherme boulos diz partido corrupção durante entrevista boato,0.0
fake filho motorista marielle recebe pensão morte pai,0.0
japão indústria entretenimento adulto ajuda econômica covid,1.0
revogar lei segurança nacional câmara reafirma democracia,1.0
aras assistirá vídeo decidir encaminha inquérito fim depoimento bolsonaro,1.0
saúde abre vagas profissionais atuarem aldeias povo kayapó,1.0
delator investigada lava jato cita pagamentos wassef diz revista,1.0
meio desgaste mandetta bolsonaro convida osmar terra almoço,1.0
derrota trump leva bolsonaro perder amigo imaginário,1.0
fake doria firmou contrato farmacêutica chinesa desenvolver vacina contra coronavírus,0.0
saúde sabia risco falta oxigênio dias antes colapso manaus,1.0
fake foto mostre dinheiro jogado meio rua itália meio pandemia coronavírus,0.0
manuela ávila cria lei poliamor libera casamento pais filhos boato,0.0
moro envolvido pescoço falcatrua venda inquérito denuncia bolsonaro boato,0.0
brasil mortes causadas novo coronavírus aponta balanço ministério saúde,1.0
bolsonaro vai sancionar projeto libera estados municípios,1.0
falso lula vendido solo amazônia empresa norueguesa,0.0
martha rocha erra sobre apoio pdt eleição tribunal contas,0.0
ricardo barros ter flexibilidade construir base segura,1.0
fake assessor ganhador mega sena comprou carro luxo três dias antes sorteio,0.0
camilo santana governador ceará cria teatro covid assustar população boato,0.0
utis lotadas alta mortes explosão casos avanço covid deixa estados situação crítica,1.0
movimento bolsonaro manter general pazuello saúde preocupa militares,1.0
post engana afirmar preço gás caiu significativamente causa governadores,0.0
covas erro comparar educação qualquer outra atividade econômica,1.0
fake pfizer fez alerta vacina contra covid causa formação fetos,0.0
fake mensagem fala aviso privacidade whatsapp instala vírus celular,0.0
líder caminhoneiro sobre apelo bolsonaro contra greve convence,1.0
facebook prêmio loteria internacional responder mensagem boato,0.0
jovem morrer cair sumidouro umar represo,0.0
santa catarina leitos suporte ventilatório pulmonar autorizados,1.0
vespa assassina chegou eua criada laboratório china boato,0.0
desinformação cientista britânico funcionário pfizer sobre vacinas covid,0.0
governo estuda prorrogar antecipações relativas auxílio doença,1.0
prender respiração permite determinar alguém contaminado covid,0.0
fake governo japão vai banir fornos micro ondas país,0.0
começar tomar banho pés diminui chances ataques cardíacos dizem especialistas,0.0
líder centrão diz ter dúvida bolsonaro vai patriota,1.0
chanel fecha linhas crédito navegar crise,1.0
drauzio varella minimizou covid campanha mesário voluntário eleições,0.0
ministério saúde identificou casos novas variantes brasil,1.0
fake frederick wassef advogado adélio bispo,0.0
médico upa belém coloca covid causa morte vítima pneumonia boato,0.0
sargento manoel silva rodrigues preso cocaína espanha filiado psl boato,0.0
senegal cinco mortes coronavírus usa cloroquina todos pacientes boato,0.0
conselheiro petrobras critica bolsonaro ameaça interferência,1.0
saúde autoriza leitos uti covid sergipe,1.0
fake vacina contra covid provoca câncer mama,0.0
bill gates afirmou vacina contra covid vai alterar dna pessoas boato,0.0
fragmentação diminuiu capitais,1.0
manifestante segurar cartaz escrever sergio morar pra burro verdade,0.0
opinião quase anos bolsonaro divide país afrontar governadores,1.0
deputado psl quer álcool gel obrigatório comércio,1.0
mourão anuncia postos avançados atendimento amazônia contra covid,1.0
secretários fazenda voltam pedir dinheiro enfrentar coronavírus,1.0
sepultamentos cresceram cemitério vila formosa paulo março abril,0.0
fake vídeo mostre vítima tubarão mongaguá,0.0
fake empresa smartmatic forneça urnas eletrônicas softwares brasil,0.0
deltan diz ausência sobrenomes ação lava jato irrelevante analisou legalidade doações alcolumbre maia,1.0
ibiza alpes estação esqui áustria espalhou coronavírus europa,1.0
doria antecipa natal réveillon semana vem causa coronavírus boato,0.0
centro contingência defende intervalo maior dose vacina contra covid,1.0
irã coreia sul ilhas canárias sul itália novo coronavírus espalha causa novas mortes quarentena hotel suspensão voos,1.0
comercial mostrar jovem rodrigar farar estudante nazista,0.0
bailarina anos dança neto forma incrível mostra vídeo boato,0.0
setembro luas domingos segundas ocorre cada anos boato,0.0
lula bolsonaro combate corrupção pode tema órfão,1.0
faz candidatura celso russomanno derreter terceira vez,1.0
covid negativo teste farmácia passaporte ceia natal,1.0
eua devem saber sobre brasil brasileiros,1.0
coronavírus triagem navios aviões feita caso suspeito informa anvisa,1.0
pazuello diz erro servidor motivou versão soube antes falta oxigênio,1.0
repórter atacou bolsonaro falar vamos visitar filha cadeia mostra vídeo boato,0.0
oms muda discurso admite isolamento aumenta contaminação covid boato,0.0
médicos dão vacina contra coronavírus motoristas presos nevasca,1.0
mec diz ter dinheiro pagar enem bolsas mil pesquisadores,1.0
últimas notícias coronavírus maio,1.0
bivar acionista seguradora dpvat controla empresa líder,0.0
fake plataforma lattes extinta governo federal,0.0
mensagens spoofing procuradores falam colocar stf contra parede,1.0
sacar fgts perderá direito saldo caso demissão,0.0
primeiros fila leia relatos vai inaugurar vacinação covid reino unido,1.0
fake resultado teste covid saia rápido mortos pacientes vivos,0.0
vacina contra covid vai modificar dna pessoas transformar seres geneticamente modificados boato,0.0
inventário dona marisa mostra ganhou milhões nada boato,0.0
coronavírus especialista demonstra desenhos eficácia vacinas,1.0
esquerda abrindo buracos estradas nordeste conseguir verbas boato,0.0
evo morales determina lei acaba acesso internet bolívia boato,0.0
montagem outdoor faculdade direito ironiza ministros stf,0.0
usp comprovar pessoa confinamento vulnerável covid,0.0
seychelles inaugura campanha vacinação contra covid áfrica,1.0
bolsonaro ignora brigas diz ter melhores ministros história brasil,1.0
fecomerciosp pede liberação total recursos fgts trabalhadores,1.0
uol folha sabatinam erundina amanhã vice covas quis participar,1.0
fake atual presidente une cursando ciências sociais anos,0.0
registro bolsonaro chamado apoiadores bostas durante reunião ministerial,0.0
coronavírus pode infectar mesma pessoa duas vezes pergunta intriga cientistas,1.0
eduardo paes provoca wilson witzel afastado cargo avisei,1.0
rio monitora pessoas contactaram paciente variante indiana,1.0
coronavírus ameaça abastecimento global antibióticos diz grupo empresarial europeu,1.0
imagem idosa limpando elevador shopping alvo críticas pará,1.0
fake corpo caçamba lixo mostrado vídeo homem fotografou maradona caixão,0.0
fake cronograma mostra datas vacinação contra covid todas faixas etárias,0.0
bolsonaro diz paciente câncer custa caro entrevista folha boato,0.0
cerca mil variantes coronavírus circulam mundo afirma ministro britânico,1.0
coronavírus mil casos confirmados brasil milhões mundo boato,0.0
enfermeira pede namorada casamento após meses quarentena veja,1.0
cocar damares anuncia entrega alimentos aldeias indígenas assista,1.0
celso mello aguarda resultado teste coronavírus paulo,1.0
bélgica mortes coronavírus casos passam mil,1.0
lei abuso autoridade fim lava jato votada quarta vem boato,0.0
uol confere manifestação câmara usada mensagem falsa,0.0
clubhouse saiba sobre rede social conversas áudio,1.0
prefeitura cuiabá vai investigar fake news atrapalhou vacinação,1.0
governos pernambuco rio grande norte colocam areia caixa álcool gel boato,0.0
cremesp publica protocolo tratamento covid hidroxicloroquina boato,0.0
felipe neto stf querem implementar age fluid idade fluída justificar pedofilia boato,0.0
restrição tráfego coronavírus atinge estados brasileiros,1.0
médica fiocruz prega revolta vacina contrário,1.0
saúde autoriza leitos uti covid paraíba,1.0
menino autista perdido shopping riomar procura família boato,0.0
nova lei eleitoral valerá bolsonaro vetar fim prazo,0.0
doria volta culpar governo bolsonaro atraso chegada insumos,1.0
ano quente onu diz mundo caminha suicídio,1.0
trump falha teste presidente pensa reeleição diz biden,1.0
estudo pode acelerar vacina descobrir coronavírus invade células,1.0
exclusão biometria eleições municipais deu evitar aglomerações,0.0
post tira contexto frase damares sobre abuso infantil,0.0
associação médica americana passou recomendar hidroxicloroquina contra covid,0.0
número enterros cresce diz,1.0
bolsonaro humilha outra vez exército comandante vai quê,1.0
hacker presar pelar dirigir land rover nome manuela ávila,0.0
casos coronavírus sobem estados eua flórida reporta mil novos casos,1.0
precisei invadir sala médica diz doente atendimento pandemia,1.0
deputados apontam irregularidades compras ligadas mec,1.0
álcool gel mata coronavírus outras bactérias mata vinagre boato,0.0
imagem feto fazendo sinal coração falsa feita propaganda,0.0
biden escolheu transexual charlotte clymer ministra educação boato,0.0
fake desenho simpsons previu surto coronavírus,0.0
covid site saúde dados repasses estados municípios,1.0
argentina faliu quebrou todas empresas implantou comunismo apoio china boato,0.0
robert ray redfield chefe clínica universidade maryland cdc escreve dicas sobre covid boato,0.0
unimed vagas disponíveis pessoas experiência site whatsapp boato,0.0
bolsonaro impõe cabresto olavistas governo quer grupo,1.0
falso testes manipulados pandemia covid farsa,0.0
stf quarto voto suspensão operações favelas pandemia,1.0
aprovação bolsonaro pandemia passa apoio empreendedor popular,1.0
javali gigante caçado lages santa catarina boato,0.0
china vai invadir brasil bolsonaro tenta agir rápido boato,0.0
fachin nega prisão domiciliar geddel coronavírus,1.0
vídeo bolsonaro convocando manifestações março boato,0.0
fake novo ministro educação fez posts twitter ofensas miriam leitão bruno gagliasso ministros stf,0.0
grupo faz protesto contra doria bloqueia ruas jardins,1.0
covas principal alvo debate titubeia falar doria,1.0
papa francisco condenado tráfico crianças estupro assassinato boato,0.0
covid ritmo aumento casos coloca brasil patamar preocupante,1.0
psd expulsa candidato sergipe flagrado mil cueca,1.0
fake argentina venezuela cuba adotaram auxílio população pobre durante pandemia covid,0.0
câmara aprova autoriza poupança digital receber benefícios sociais previdência,1.0
fake pessoas morreram singapura após testes vacina chinesa contra coronavírus,0.0
números pandemia rio comprovam péssimo trabalho governantes,1.0
publicações enganam associar bolsonaro aprovação verba filme sobre eleição,0.0
coronavírus põe todas tvs alerta pode adiar volta silvio,1.0
fake vídeo mostre ação polícia contra passageiros máscara metrô paris,0.0
governador vai banco réus receber propina mil,1.0
diretor presidente anvisa diz população corre risco grave tomar vacinas boato,0.0
maçonaria acaba declarar apoio cpi stf judiciário mostra vídeo boato,0.0
varun pulyani avisa whatsapp vendido pago mudará logo boato,0.0
american airlines lota aviões recebe críticas,1.0
vídeo mostrar gigantesco bloco gelar desprender umar geleira islândia,0.0
pacientes resgatados incêndio sedados diz chefe socorro,1.0
oposição orçamento secreto governo bolsonaro,1.0
cuba fabricou vacina contra novo coronavírus boato,0.0
fake ponte ferroviária nordeste concluída meses durante governo bolsonaro,0.0
ministério saúde fortalece vigilância genômica combater mutações vírus causador covid,1.0
desenhar animar simpsons prever invasão capitólio eua,0.0
paulo confirma casos novo coronavírus total sobe estado,1.0
marco aurélio nega anular buscas câmara ordenadas instância,1.0
frente tabela lula comemora datafolha rechaça salto alto,1.0
vídeo mostrar umar criança chinês tomar umar sopa girino vivo,0.0
máscara isolamento bolsonaro recebe amigos churrasco,1.0
luciano huck comprou jatinho milhões abocanhados mec,0.0
aparelhar detox parir eliminar impureza substância tóxico corpo,0.0
tiktok anuncia ação judicial contra decreto trump,1.0
contratos empresa presidente oab estatais regulares,0.0
congresso senado censuraram vídeo tarobá sobre políticos brasil boato,0.0
médicos protestavam contra golpe covid defendiam hospitais públicos frança,0.0
brasil ignorou oferta vacinas pfizer prol oferta melhor,0.0
anvisa cobra mudança comportamento diz vacina garante vitória,1.0
michigan mil votos falsos biden urnas votos trump lixo boato,0.0
vídeo mostrar bolsonaro expulsar jogar flamengo athletico verdade,0.0
petrobras analistas cortarem recomendação ações após bolsonaro indicar ceo,1.0
cura definitiva câncer encontrada estará disponível início boato,0.0
fake governo pode obrigar pessoas vacinar contra covid,0.0
morre covid prefeito perolândia jhonatta anos,1.0
imagem ato contra michel temer circula atribuída manifestação contra bolsonaro,0.0
médica cita estudos inconclusivos sugerir conspiração contra cloroquina,0.0
operações policiais podem extrapolar lei diz presidente senado,1.0
vídeo engana comparar dois trechos diferentes transamazônica elogiar governo bolsonaro,0.0
derrotado levy fidelix pede tse cancele resultado eleições,1.0
primeiro boletim aponta repatriados sintomas coronavírus diz ministério defesa,1.0
david uip rebate bolsonaro respeite,1.0
itália casos atinge marca milhão totalmente imunizados,1.0
companhias aéreas desaconselham pessoas vacinadas voarem,0.0
brasil país doses percentual vacinados,1.0
governo libera saque fundo previdenciário após reforma previdência boato,0.0
bauducco abre vagas temporada final ano site whatsapp boato,0.0
caso backer justiça amplia bloqueio bens fim semana cervejaria cobrir tratamentos,1.0
cantor luan santana chorou suposto fim lei rouanet,0.0
possível sim auditar realizar recontagem votos contrário afirma vídeo,0.0
ministério aguarda pedido juiz tentar extradição suspeito atacar porta fundos,1.0
reforma administrativa governo propõe fim estabilidade parte novos servidores,1.0
governo muda cronograma prevê chegada mil doses sputnik ainda março,1.0
cabrini descobre fraude compra kits covid macapá discute prefeita boato,0.0
bolsonaro escolhido idiota ano revista time boato,0.0
brasil atinge milhões vacinados contra covid população,1.0
vídeo mostrar efeito furacão laura sobrar umar plataforma petróleo,0.0
china sob pressão oms voltou citar tese fuga covid laboratório,1.0
cnn brasil principal objetivo derrubar bolsonaro eleger dória boato,0.0
portuguesa acerta denunciar falsas mortes covid brasil estados receberem verba federal boato,0.0
vídeo mostra governo china assassinando mulheres homens bem fuzilamento boato,0.0
mandetta homem bom conversa diz senador ciro nogueira,1.0
estado paulo leitos suporte ventilatório pulmonar autorizados,1.0
meio pandemia dona casa surpreende coletores lixo jantar,1.0
após apoio bruno covas marta rompe solidariedade oficializa saída,1.0
montagem manchete relaciona bolsonaro acidente jet ski,0.0
coronavírus polônia eleições presidenciais inéditas correio,1.0
partículas coronavírus podem infectar pessoas dizem cientistas,1.0
senado aprova destinação ações estados municípios contra coronavírus,1.0
bolsonaro estampa capa revista time personalidade ano boato,0.0
netflix liberar acesso filme plataforma causar coronavírus,0.0
frança novas mortes coronavírus hospitalizados cai,1.0
ministério assina contrato milhões doses sputnik vacina russa contra covid,1.0
fecha parceria universidade pública reforçar exames covid,1.0
amazônia virou área militar após publicação decreto bolsonaro boato,0.0
mídia informou sobre morte fotógrafo baleado traficantes comunidade niterói,0.0
felipe santa cruz presidente oab mentiu sobre morte pai receber mil bolsa ditadura boato,0.0
boca juniors time judaísmo joga sábados homenageou jacob boato,0.0
patrimônio médio candidatos brancos vezes maior pretos,1.0
servidor voltar exterior fará trabalho remoto dias,1.0
bolsonaro michelle visitam orfanato dia natal mostra vídeo boato,0.0
coisa confunda derrota bolsonaro vitória progressista,1.0
nunca sopa morcego diz brasileiro wuhan foco novo coronavírus,1.0
roberto kalil diz sírio libanês lotado vacina oferece imunidade contra covid boato,0.0
vídeo menina brincando fósforo relação fogo mercado atacadista,0.0
foto mostrar beber ornitorrinco verdade,0.0
processo antigo stf anos pode custar governo,1.0
pfizer admite documento vacinados espalharão doenças vacinados boato,0.0
enganoso imunogenicidade coronavac ofereça risco anvisa pediu dados complementares questionou segurança,0.0
kalil descumpre promessas cobertura vacinal saúde cuidadores,0.0
decreto acaba radares lombadas eletrônicas pardais brasil boato,0.0
amanhã começa nova regra instagram podem usar fotos boato,0.0
estudos descobrem nova via entrada coronavírus corpo,1.0
porchat sobre coronavírus amigos atletas cachaceiros,1.0
dilma gastar milhão viagem bolsonaro gastar milhão,0.0
eurodeputados pedem justiça bolsonaro criminoso risco humanidade,1.0
após queda cirurgias eletivas médicos esperam explosão demanda,1.0
foro paulo organização terrorista perigosa mundo diz cia boato,0.0
pacientes relatam banho frio banheiro sujo hospital campanha,1.0
cacau show presentes dia mães site whatsapp boato,0.0
psol pcdob transformaram praia vermelha urca praia nudismo boato,0.0
enganoso lei paulo gustavo tenta liberar bilhões lei rouanet,0.0
eua suspendem emissão vistos maioria países,1.0
angélica disse família luciano huck tomará vacina contra covid,0.0
sacar bloquear fgts trabalhador casar demissão,0.0
dias toffoli recebeu milhões globo arquivar processos,0.0
galvão bueno celebra vacinação paulo esperança,1.0
fake nóis analisar notícia envolver cachorro,0.0
coreia sul menor número casos coronavírus três semanas,1.0
rondônia vacinou mil crianças contra paralisia infantil,1.0
evidências morte ator indiano associada vacina,0.0
tse determinar contrair covid votar,0.0
moro manda fechar fronteiras países fecharam fronteira brasil,1.0
rio conseguir atendimento semana homem morre leptospirose,1.0
ceará adota drive thru testes massa covid,1.0
sobreviver pandemia pequenos produtores vão consumidor final,1.0
vídeo prefeitos narram colapso pedem ajuda internacional contra covid,1.0
resultado fim quarentena europa chegará duas semanas advertem autoridades,1.0
eua preparam tempestade inverno meio cortes energia,1.0
foto mostrar público rock rir deixar tonelada lixar verdade,0.0
testamento marisa letícia mostra deixou milhões lula boato,0.0
vacina contra novo coronavírus meta pesquisa executada cientistas usp incor,1.0
ceo pfizer disse vai tomar vacina contra covid boato,0.0
agente funerária conta rotina covid medo vivos,1.0
postagem associa doria lulinha compra coronavac falsa,0.0
bolsonaro cria almoço bandejão palácio planalto acaba chef francês boato,0.0
desconheço gabinete paralelo veja frases nise yamaguchi cpi,1.0
mulher atirando vídeo greta thunberg engenheira sueca,0.0
teste precedentes sociedade humana,1.0
hospital santa casa cuiabá distribui cápsulas ivermectina vazias boato,0.0
médico anos morre covid após ficar internado lutou fim,1.0
aguenta quarentena dicas cansar casa,1.0
victoria secret cirque soleil decretaram falência causa pandemia covid boato,0.0
atirador escola suzano flagrado camisa bolsonaro boato,0.0
show virada globo cancelado falta público boato,0.0
sesc vagas emprego compartilhar link whatsapp boato,0.0
enganosa postagem questiona ética testes humanos vacinas covid,0.0
jair bolsonaro país beirar abismar demo passar frente,0.0
fake polícia prendeu homem negro ato após morte george floyd descobriu agente fbi,0.0
haddad perde eleição síndico culpa grupos whatsapp prédio boato,0.0
cultura justiça anula nomeação dentista amiga mario frias,1.0
contas facebook sendo hackeadas quase todas boato,0.0
imagem repórter traje proteção contra coronavírus tirada contexto atacar mídia,0.0
fake diretor oms fez alerta coletiva sobre máscaras importadas china índia infectadas novo coronavírus,0.0
família presa vender linguiça cachorro rio janeiro mandirituba goiânia outras cidades brasil boato,0.0
projeto comprova entra terceira fase veículos comunicação,0.0
bolsonaro diz amazônia papa tuitou ontem,1.0
gilberto gil morreu insuficiência renal paulo boato,0.0
após intervenção bolsonaro uso dados celulares monitorar isolamento suspenso,1.0
whatsapp vai cobrar centavos mensagem partir amanhã boato,0.0
lula possuir milhão euro depositar vaticano,0.0
país terceira onda covid,1.0
prejuízo natura cresce vezes trimestre atinge milhões,1.0
mpsc propõe mudança código penal cita caso mariana ferrer,1.0
lula votado mundo putin superou fake news usa dado,0.0
vídeo mostra seringa agulha retrátil farsa vacinação contra covid,0.0
vírus machupo sobreviveria comprimido pois ambiente propício,0.0
dumb dumber evidenciam gravação arranjo desastrado,1.0
vivemos país novo anormal maioria parece satisfeita,1.0
estilo sociável ajuda explicar espanha países atingidos,1.0
brasil registra recorde quase mil novos casos covid dia mortos chegam mil,1.0
record vai derrubar máscara globo matéria sobre bolsonaro hoje boato,0.0
fake doença beijo cura provocada bactéria come carne humana,0.0
pacientes internados coronavírus têm carência vitamina diz médico,1.0
frase sobrar mudança opinião pertencer matemático blaise pascal,0.0
vídeo tirado contexto dizer brigadistas estariam causando incêndio pantanal,0.0
dsei yanomami equipes saúde indígena reforçam atendimento aldeias,1.0
paulo ocupação uti enfermarias diz bruno covas,1.0
mortes naturais sobem vezes negros brancos pandemia,1.0
igrejas queimadas querem matar missionários cristãos índia boato,0.0
após avisar influiria eleição bolsonaro diz fiquei torcida,1.0
cannes lança mercado filmes online apoio profissionais cinema,1.0
covid quer isolamento perto durante feriado diz secretário,1.0
fotos mostram pedras preciosas amazônia ongs internacionais querem boato,0.0
conheça método checagem política correções uol confere,0.0
medidas proteção contra covid ainda deverão mantidas após recebimento doses vacina,0.0
farmácias registram recorde casos covid,1.0
suprapartidário apoio kassio junta tom jerry,1.0
consegui ter acesso qualquer senha link whatsapp boato,0.0
estado rio quer desmobilizar hospitais campanha semana,1.0
papa bento xvi exilado alemanha após expulso vaticano boato,0.0
covid persistente manifesta sintomas síndromes diferentes,1.0
bloco carnaval bradesco bangu filmado boato,0.0
rap bill alerta sobre riscos coronavírus favelas brasileiras,1.0
uol confere boato inventa lula sendo expulso restaurante,0.0
comemoração filmada hospital messejana ainda atende casos covid,0.0
câmara questiona decisões senado pede stf determine nova votação mps,1.0
fase letal covid bolsonaro repetia desinformação lives,0.0
flórida divulga regras reabertura gradual disney,1.0
passageiro petista gritou lula livre tentou derrubar avião recife boato,0.0
brasil meses apresentar resultados redução desmatamento,1.0
stf violará carta permitir afastamento governador ainda réu,1.0
site tira contexto mails anthony fauci sobre máscaras origem coronavírus,0.0
irmão evo morales flagrado fugindo avião miami boato,0.0
proposta boulos pacaembu geraria ônus mínimo milhões,1.0
defesa civil alerta segunda onda ciclone forte primeira boato,0.0
pgr apura damares tentou impedir aborto menina anos,1.0
fake vídeo mostre suposto efeito energético sobre objetos alimentos,0.0
terraço torre eiffel reabre festas pós pandemia,1.0
antipetismo versus experiência administrativa,1.0
paralisação rodovias federais início setembro duração indeterminada boato,0.0
oms alerta falta novos antibióticos,1.0
campinas ultrapassa mil casos coronavírus pode reabrir comércio,1.0
rodrigo maia busca candidato presidente república,1.0
centro contingência esperava rigidez atualização plano,1.0
alexandre garcia escreve texto criticando luiz henrique mandetta ministro saúde boato,0.0
homens predominam órgãos todo mundo tomam decisões sobre covid mostra pesquisa,1.0
china registra novos casos coronavírus pequim,1.0
bolsonaro questiona mourão reunião maior opositor socialista,1.0
injuriar presidente brasil crime dificilmente leva prisão,0.0
kaká pode influenciado vírus economia,1.0
infecção rodrigo faro prova ineficácia vacina contra covid,0.0
lula obtém maior vitória contra lava jato perdem moro fachin bolsonaro,1.0
bento gonçalves produtores colocam fogo tonéis congelar uvas boato,0.0
cocaína mata coronavírus,1.0
multidão irã põe fogo hospital atende pacientes coronavírus,1.0
epidemias século menos mortais século,1.0
bolsonaro põe país risco atacar vacina obrigatória animar fãs,1.0
paes vai dividir rio áreas risco fala iniciar vacinação dia,1.0
moro diz caso chico rodrigues comprova corrupção acabou,1.0
doria quer eleição direta prévias tucanas,1.0
agência comunicações eua decide classificar huawei zte ameaças segurança nacional,1.0
contrário sociedade interesse golpe estado,1.0
hospital campanha manaus recebe primeiros pacientes coronavírus,1.0
principal insumo produção vacina universidade oxford vem china,1.0
queda internações sinal inequívoco regressão covid diz doria,1.0
descobriram brazão brasão mandante morte marielle psol ficou calado boato,0.0
dólar despencou bolsa disparou nesta semana meio covid,1.0
prejuízo vacinas diz gabbardo sobre variante coronavírus,1.0
extra brindes grátis whatsapp causa aniversário boato,0.0
verdade pintor italiano quadrar prever comer seriar vidar,0.0
convidado final libertadores bolsonaro precisa testar covid,1.0
covas boulos pensam sobre pandemia racismo alianças sabatina uol folha,1.0
covid novo teste anticorpos pode ajudar combate pandemia,1.0
imigrantes islâmicos destroem árvore natal alemanha boato,0.0
azitromicina ivermectina nitazoxanida automedicação recomendada,1.0
pressão leitos aumenta ocupação chega nove capitais,1.0
índia processa china tribunal internacional pede trilhões indenização boato,0.0
brasil maior número novos casos mortes mundo semana,1.0
pacientes morrem após transplantes rim pulmão infectados coronavírus relatam estudos caso,1.0
província hubei confirma mortes causa coronavírus casos confirmados china passam mil,1.0
fake mensagem whatsapp promete vagas cnh social,0.0
vacina contra covid vendida camelôs madureira rio boato,0.0
galvão bueno morreu hoje anos acidente gravíssimo boato,0.0
covid após pior semana brasil mil mortos quase infectados,1.0
vasco inadimplência programa sócio torcedor boato,0.0
vídeo mostra acidente helicóptero matou kobe bryant eua boato,0.0
após quase meses arroz prometido brasil líbano enviado,1.0
frança registra mortes coronavírus total chega,1.0
militares querem pazuello passe reserva exército deixar cargo,1.0
covid pode beneficiar vacina contrário afirmado bolsonaro,0.0
san diego comic con cancela edição causa coronavírus,1.0
cem pessoas famosos anônimos contam farão primeiro dia após fim quaretena,1.0
coronavírus celular álcool gel informação necessidades periferia,1.0
alta procura preço dispara cloroquina some farmácias,1.0
preso hoje contratos governo federal diz dallagnol,1.0
fazer casamento virar apenas amizade,1.0
câmara inicia debate público sobre projeto fake news próxima semana,1.0
venezuela endurece confinamento caracas,1.0
coronavírus nunca pensei passar momento tão difícil diz bebeto,1.0
comício lula arcos lapa rio ninguém mostra vídeo boato,0.0
bolsonaro vai cobrar imposto renda ganha salário mínimo boato,0.0
montagem falsifica imagem coloca fuzil lado presidente dilma,0.0
item obrigatório modelos máscaras multiplicam veja opções,1.0
espécie dominante terra seres humanos extintos,1.0
expectativa vacina deve realista diz neurocientista miguel nicolelis,1.0
falta coordenação municipal ampliou covid diz universidade,1.0
padre marcelo rossi grava áudio sobre situação brasil bolsonaro comunismo boato,0.0
ibama vagas emprego contrata experiência site whatsapp boato,0.0
bolsonaro solidariza ingleses incêndio catedral notre dame boato,0.0
governo bolsonaro compra lote vacina vai servir apenas tirar foto,1.0
uso correto máscaras reduz chances contaminação coronavírus torna sangue ácido,0.0
vacinação contra gripe idosos ordem alfabética todo brasil boato,0.0
isolado bangcoc tailândia brasileiro relata situação cidade,1.0
justiça destina milhões fiocruz,1.0
conhecer verdade sobrar ayuwoki michael jackson deep web,0.0
delivery tornou insustentável consciência social bateu diz chef,1.0
aponta alta pib terceiro trimestre saída recessão,1.0
goering disse julgamentos nuremberg escravizar pessoas preciso assustá las,0.0
leitos uti prorrogados estados municípios,1.0
agravamento pandemia stf pode vetar plenário cultos missas,1.0
foto caixão vazio usada enganar sobre mortes covid,1.0
levantar rápido provoca morte súbita indicam especialistas,0.0
mpf denuncia hacker invasão sistemas senado,1.0
soldados guerra admirariam luta contra covid diz rainha elizabeth,1.0
adesão isolamento social pressiona utis busca novos leitos,1.0
cloroquina poderá usada casos graves coronavírus,1.0
pior período pandemia testagem rede pública cai país,1.0
correção dólar sob bolsonaro caro plano real,0.0
após decisão stf alerj retomará processo impeachment witzel,1.0
doria planeja toque recolher todas cidades,1.0
funcionário funerária tirou foto corpo maradona encontrado morto boato,0.0
decisão tse pode permitir políticos inelegíveis outubro disputem eleições novembro,1.0
casos coronavírus número mortes brasil maio,1.0
operação apura desvios milhões dnit,1.0
lewis escreveu texto sobre diabo pandemia boato,0.0
ataque trump golpista pode tido conspiração medo cadeia,1.0
luciano hang diz votou bolsonaro deixa produtos havan mau cheiro boato,0.0
crivella erra falar sobre metodologia pesquisas apoio psl,0.0
ligação número golpe clona whatsapp rouba dados celular boato,0.0
vídeo mostra argentinos máscara aglomeração velório maradona boato,0.0
coronavírus podemos aprender única erradicação doença infecciosa mundo,1.0
sim swap fraud novo golpe bandidos pedem pressione tecla celular boato,0.0
mortes diárias confirmadas quarto dia seguido,1.0
post engana sugerir ponte acre rondônia obra apenas governo bolsonaro,0.0
vídeo cuba acordou mostra protestos contra comunismo cuba boato,0.0
coca cola dando frigobar entrar site compartilhar link whatsapp boato,0.0
primeiro ministro francês renunciou após eleito prefeito ministro saúde segue cargo,0.0
bolsonaro recebe secretário geral organização mundial turismo,1.0
seis pessoas presas méxico venderem vacina falsa contra covid,1.0
coronavírus máscara pano feita casa pode opção pessoas sintomas diz secretário,1.0
doria solidariza serra prejuízo campanha covas,1.0
mpf ministério saúde esperou agravamento crise amazonas iniciar transferência pacientes,1.0
rodrigo maia defende aposentadoria anos recebendo mil boato,0.0
traficantes mexicanos usam pandemia ganhar popularidade distribuindo alimentos,1.0
falta segunda dose coronavac cereja bolo ruim pazuello,1.0
flávio bolsonaro publica vídeo checado falso ano,0.0
marco aurélio critica bolsonaro marques melhor vacina isolamento,1.0
covid especialistas saúde pedem fumantes larguem cigarro agora,1.0
glenn greenwald prisão decretada impedido sair brasil boato,0.0
fake diretor abin fez post xingando moro dizendo corruptos temem nomeação,0.0
vídeo mostra maravilhas wuhan todo mundo acha cidadezinha boato,0.0
fake suprema corte eua determinou guarda nacional prenda mesários funcionários correios,0.0
bebê mãe vítima coronavírus recebe alta após dias uti belém,1.0
perseguição constante diz felipe neto após denúncia carlos,1.0
calendário vacinação março rio janeiro pessoas anos divulgado boato,0.0
precisar apoio peço desses pegar bandeira diz bolsonaro boato,0.0
sabará evita criticar amôedo diz denúncia contra candidatura falsa,1.0
bolsonaro libera parlamentares vésperas eleição congresso,1.0
primeiro ministro luxemburgo chegar umar festa galar maridar vestir,0.0
saúde assina contrato compra milhões doses coronavac,1.0
estudo médico vladimir zelenko hidroxicloroquina comprovação científica,0.0
população praga comemora fim lockdown jantar mesa gigante,1.0
pcc exibiu faixa alexandre moraes stf durante salve geral boato,0.0
criança sequestrar transportar carcaça animar,0.0
governo bolsonaro constrói ponte estaiada ilhéus mostra vídeo boato,0.0
pastor valdemiro santiago afirma contraiu coronavírus continuou pregando boato,0.0
fotos mostram jair eduardo flávio bolsonaro junto sargento preso cocaína boato,0.0
perto retorno futebol diz ministro argentino,1.0
psicólogo explica comportamento pessoas deixam proteger covid sabendo riscos,1.0
biden american journal medicine recomendam uso hidroxicloroquina boato,0.0
recusa stj recurso rende precioso tempo flávio bolsonaro,1.0
menos municípios pretendem abrir escolas setembro diz governo,1.0
lava jato denuncia wassef outros sob acusação lavagem dinheiro,1.0
fico liberada votar contra governo diz bia kicis,1.0
apura plano distribuição massa ivermectina sete lagoas,1.0
bruno covas acaba liberar cloroquina tratamento covid boato,0.0
após teich protocolo cloroquina deve entregue semana vem,1.0
estudo australiano registra surto anorexia nervosa crianças durante pandemia novo coronavírus,1.0
flávio bolsonaro depõe vez esposa comparecerá,1.0
cuba adotou sucesso cloroquina tratamento pacientes covid,0.0
tribunal constitucional militar tcm criado decreto lei bolsonaro boato,0.0
vídeo relembrar fake news engraçar web,0.0
diretores anvisa autorizam unanimidade uso lote coronavac,1.0
miriam leitão preso assaltar banespa,0.0
fake imagem mostre paciente curado covid após uso medicamento,0.0
ministro saúde pede congresso bilhões combate coronavírus,1.0
delegado morre após filho pegar arma perceber boato,0.0
superfungo identificado vez brasil mata contaminados,1.0
empresas querem investir brasil causa bolsonaro boato,0.0
curitiba greca dem deixa promessas pendentes aposta mandato,0.0
gastos parlamentares saúde crescem senado detalha despesas,1.0
túlio gadêlha desafia intervenção lupi mantém disputa recife,1.0
maju fala bolsonaro desgoverna respondida jornalista portuguesa márcia rodrigues rtp boato,0.0
imagem pessoas rezando ajoelhadas registrada goiânia cuiabá,0.0
vacina contra covid relatos efeitos colaterais diz cdc boato,0.0
doria anuncia mulher curados covid,1.0
marido infectada diz nota agiu esposo preocupado,1.0
repórter globonews chama brasileiro pobre estúpido após pesquisa sobre bolsonaro boato,0.0
fake fotos mostrem obras concluídas meses governo bolsonaro,0.0
pastor anunciar vender máscara invisível real verdade,0.0
fake foto mostre paulo câmara joão campos confraternização máscara durante quarentena pernambuco,0.0
veja fato fake declarações candidatos prefeitura rio semana campanha turno,0.0
conselho abre processo cassação contra silveira afasta órgão,1.0
teich exonera servidores muda equipe ministério saúde meio epidemia,1.0
deputada maria rosário chamou moro hitler judiciário,0.0
beber água horários específicos evita derrames ataques cardíacos dizem especialistas,0.0
decreto amplia medidas restritivas contra covid abril,1.0
fake câmara aprovou aborto semanas brasil,0.0
câmara aprova urgência projeto sobre venda vacina empresas,1.0
zambelli lamenta recusa wizard combater casos supernotificação,1.0
leia íntegra discurso bolsonaro cúpula diversidade onu,1.0
casar bbb energia cortar falto pagamento,0.0
contrário afirma deputado doria recebeu bilhões união combate covid,0.0
uol folha sabatinam bruno engler candidato prtb nesta segunda,1.0
enganosa comparação risco morrer covid asteroide colidir terra,0.0
foragido justiça assessor ministro stf dias toffoli,0.0
médico brasileiro show eua falar sobre internacionalização amazônia boato,0.0
delegado intimou felipe neto nega favorecimento político intimidação,1.0
maio pior momento moderna história brasileira diz ciro,1.0
liberada justiça brasileira segue presa áfrica sul meio pandemia,1.0
vídeo mostrar umar sereia filmar amazônia verdade,0.0
auxiliares bolsonaro defendem governo envolva caso deputado preso,1.0
fake imagem mostre madeira extraída ilegalmente líder ong amazônia apreendida exército,0.0
itália define data equipes profissionais retornarem treinos,1.0
fachin cancelou crimes lázaro cármem lúcia deu explicar morreu boato,0.0
média mortes covid brasil bate recorde dia,1.0
número mortos itália salta dia chega,1.0
coronavírus prende novo suspeito fraude compra respiradores,1.0
vamos tocar vida diz bolsonaro sobre país atingir marca mil mortos coronavírus,1.0
debora olivieri descobre vídeo anunciando morte covid chocada,1.0
uol confere vídeo tiroteio tirado série sobre jogador tevez,0.0
wajngarten perde influência governo futuro indicados xeque,1.0
cid gomes atingido balas borracha armou farsa sobre ferimentos boato,0.0
rui costa recebeu milhões declarou milhões investiga polícia federal boato,0.0
estado urnas substituídas maioria capital,1.0
maridar testar surpreso dna expulso esposo casar verdade,0.0
índia derrotou covid porque adotou ivermectina suspendeu vacinação massa boato,0.0
deputada defende comissão verdade sobre monumentos paulo,1.0
decisão stf vale prisão cautelar único responsável dependente,0.0
isadora anos internada causa tromboflebite pede orações grupo boato,0.0
globo pertence bahrein líbia kuwait atacou bolsonaro causa arábia saudita boato,0.0
governador roraima pede fechamento fronteira devido coronavírus,1.0
entidades denunciarão governo apagão dados sobre pandemia,1.0
esquerda centrão vão derrubar cria pensão crianças microcefalia boato,0.0
homem filmado andando nuvens ilha itaparica bahia boato,0.0
indígena recém nascida morre coronavírus interior,1.0
restaurantes jurados masterchef têm entrega veja pedir,1.0
anvisa confirma pessoas morreram causa vacinas contra covid boato,0.0
maria rosário diz rota errou matar bandidos guararema boato,0.0
repasse escolas samba anunciado prefeitura governo estadual,0.0
após reunião renan filho cita constrangimento bolsonaro convicção,1.0
olímpia sob surto meningite viral boato,0.0
mortes covid superam mil alta semana,1.0
fake vídeo mostre furacão dorian sobre miami beach,0.0
estudo aponta imunidade coronavírus dura poucos meses,1.0
bolsonaro mente acusar rede globo omissão,1.0
posts enganam comparar spray nasal patenteado tratamento precoce,0.0
justiça rejeita ação trump suspender contagem pensilvânia,1.0
angústias crianças volta aulas tempos pandemia,1.0
brasileira luisa stefani deixa quarentena disputar torneio eua,1.0
aumento quase vezes mortes srag admite subnotificação,1.0
petrobras nega demissão ligados dirceu após pedido substituição castello branco,0.0
gal gadot perder milhão seguidor escolhido parir interpretar cleópatra,0.0
idoso ganhador mega sena virada morre sufocado namorada boato,0.0
fake imagem mostra luciano huck deputado daniel silveira,0.0
idosos tomaram vacina contra covid reino unido morreram boato,0.0
famosos cantam dançam som live jorge mateus,1.0
unicef defende pornografia crianças relatório boato,0.0
poze rodo baleado morre após xingar bolsonaro show boato,0.0
fake gleisi hoffmann tuitou faixa frase residência livre armas,0.0
lava jato paraná diz pgr pode vasculhar dados busca investigados foro,1.0
criança autista amarrar radiador hospital psiquiátrico líbano,0.0
bolsonaro diz imorrível imbroxável incomível incompetente,1.0
senado aprova medida provisória recriou ministério comunicações,1.0
volume crédito imobiliário cresce junho pandemia diz caixa,1.0
obras francisco cabrobó entregues dilma temer,0.0
menina sequestrada fundação osório rio desaparecida boato,0.0
candidata vereadora esfaqueada portão casa falso eleitor,1.0
lewandowski nega vacinação prioritária pessoas deficiência,1.0
tia marielle franco denuncia armação brazão witzel globo contra bolsonaro boato,0.0
vacina contra covid efeito magnético,0.0
entidades pedem stf suspensão protocolo cloroquina contra covid,1.0
caminhoneiros indo paulo brasília destituir três poderes boato,0.0
toyota comemora aniversário corolla compartilhar link boato,0.0
ministério saúde prorroga leitos uti ceará,1.0
usando imagem verdadeira post enganoso exagera extensão obras,0.0
governar petista mandar enterrar cesta básico enviar jair bolsonaro,0.0
moradora caxias perde mãe parentes covid meses,1.0
amazon prêmios roda sorte big billion days whatsapp boato,0.0
covid presidente méxico praticamente assintomático diz vice secretário saúde,1.0
fake vídeo mostre chineses construindo ferrovia ligando mato grosso maranhão,0.0
nova economista chefe pede estenda alívio dívida,1.0
fake vídeo calçadão bangu alagado,0.0
paulo reavalia planejamento retomada aulas estado,1.0
mourão corta verba globo outras mídias boato,0.0
dilma confunde elvis presley john lennon foto cavern club boato,0.0
próximos seis meses cruciais diz presidente comissão,1.0
gastos governo federal alimentação leite condensado caíram,1.0
fake comprovado beber vinho combate novo coronavírus,0.0
exercício língua cura doença alzheimer diz roberto klaus boato,0.0
ribeirão preto chega ocupação sus leitos uti covid,1.0
covid mortos país chega dias média acima mil,1.0
rio datafolha mostra paes ampliando vantagem,1.0
agu pede stf rejeição ação rede contra foro flávio bolsonaro,1.0
termômetro digital testa lança raio destruidor glândula pineal boato,0.0
djokovic une projeto nadal ajudar combate coronavírus,1.0
responder matou marielle compromisso brasil democracia diz monica benicio,1.0
serviços eventos atividades coronavírus afetou brasil,1.0
fake vídeo mostre baile funk ninguém máscara favela rio após decisão stf proibir operações policiais,0.0
barras ouro enviadas amazônia frança meio ongs boato,0.0
uol transmite roda viva médico eugênio scannavino,1.0
ovelha reaparece tosa após anos longe fazenda inspira campanha,1.0
passageiros metrô rio vão receber milhão máscaras proteção,1.0
use máscara turma mônica une onu campanha proteção,1.0
consulado chinês houston fechado proteger propriedade intelectual eua,1.0
netflix liberou acesso grátis durante período isolamento site whatsapp boato,0.0
fake novo verme chamado simla mirch contaminando pimentões brasil,0.0
coronavírus espanha dia consecutivo menos mortes,1.0
pazuello participa lançamento licitação construção maior fábrica vacinas américa latina marco brasil sus,1.0
brasil registra mortes horas média móvel última semana,1.0
máscaras proteção lenço umedecido recomendadas contra novo coronavírus,0.0
mil litros álcool doados fabricante cachaça,1.0
justiça determina restrição acesso praias feriado antecipado,1.0
família homem morto covid entra guerra contra walmart eua,1.0
fake mensagem áudio cita fiocruz sobre qualidade água rio,0.0
região itália impõe uso máscara sair casa durante pandemia,1.0
trabalhadores isolam fábrica continuar produzindo mil máscaras dia,1.0
japonesa diagnosticada verme garganta após comer sashimi veja vídeo,1.0
traficante presar camiseta frase lula livrar verdade,0.0
senado rejeita proposta antecipar vacinação atletas olímpicos,1.0
fake carta logo onu prevê governo mundial destruição famílias,0.0
veja fato fake declarações secretária mayra pinheiro cpi covid,0.0
paolo zanotto escreve texto assassinato conspiração disfarçado estudo científico sobre pesquisa cloroquina boato,0.0
abraham weintraub parir banco mundial parir acesso contar ministro,0.0
falta informação sobre pandemia aproxima brasil regimes autoritários,1.0
vídeo mostra chuva granizo hoje campo mourão paraná causada onda frio boato,0.0
foto cair durante videoconferência revelar homem beber cervejar umar redar verdade,0.0
unimed vai vendida china grande plano comunista boato,0.0
caixões vazios sendo utilizados enterros coletivos manaus boato,0.0
robô boston dynamics rebelar ataque humano,0.0
mandetta gilmar mendes reagem postagem racista deputada bia kicis,1.0
bolsonaro votou contra lei brasileira inclusão lbi câmara boato,0.0
única dose vacina pfizer astrazeneca reduz risco internação,1.0
filhos pastor everaldo têm prisão prorrogada soltos,1.0
covas nada desabone vice,1.0
fake flamingos ocuparam canal veneza meio pandemia coronavírus,0.0
esvaziará grid pré largada pode ficar pódio causa covid,1.0
crise covid aprofundou desigualdades diz secretário geral onu,1.0
fake whatsapp limitou encaminhamento mensagens apenas brasil após pressão política,0.0
fake caixões vítimas coronavírus desenterrados belo horizonte havia apenas pedra madeira dentro,0.0
verdade mentira sobrar maravilhar governar bolsonaro,0.0
começa vacinar pessoas anos idade sábado,1.0
pesquisa antiga usada sugerir bolsonaro aprovado metade população,0.0
prepara festa curitiba comemorar soltura lula stf boato,0.0
absolvição pazuello exército contraria lógica diz raul jungmann,1.0
fernando pessoa escreveu texto tudo começa tudo ficaram três coisas boato,0.0
bolsonaro pressiona senador pedir abertura impeachment ministros stf,1.0
festival carne cachorro china vítima colateral coronavírus,1.0
nutricionistas explicam poder refeições quentes acolhedoras outono aumentar imunidade,1.0
coronavírus pode sobreviver dias celular dinheiro diz estudo,1.0
nsa eua diz bolsonaro ganhou eleições turno urnas fraudadas boato,0.0
fátima brinca quarentena aproximou filhos adorando,1.0
vídeo mostra cataratas iguaçu cheia transbordando boato,0.0
vídeo usa informações falsas diz pico covid ficou trás,0.0
empresários santos uberaba escrevem carta aberta contra lockdown boato,0.0
país mil mortes ano síndrome respiratória causa revelada,1.0
fake pode ter crm cassado médico prescrever hidroxicloroquina pedido paciente casos covid,0.0
trump diz crise coronavírus pior pearl harbor setembro,1.0
montagem vídeo bonner cita bolsonaro exemplo pessoa pública investigada,0.0
fake doria mandou recolher farmácias medicamentos experimentais contra covid levar pacientes morte,0.0
falso vídeo mostre sabotagem canal inaugurado bolsonaro,0.0
políticos diversos países diferentes níveis faleceram devido covid,0.0
cédulas queimadas vídeo amostras oficiais utilizadas eleições eua,0.0
campanha todos outubro rosa oferece camisetas grátis whatsapp boato,0.0
imagem masp usada provar foto ato contra bolsonaro atual ainda antiga,0.0
vídeo barco apoiadores donald trump fogo verdadeiro falsar,0.0
google investiga pesquisadora ética inteligência artificial,1.0
critério escolher vacina ciência nacionalidade diz oms,1.0
caetano veloso adapta capas discos incentivar uso máscara,1.0
foto legenda pai mãe encontrada chão rodoviária paulo brt madureira outros locais boato,0.0
morre covid diretora manaus onde vídeos mostravam desespero,1.0
novo boletim epidemiológico covid traz balanço infecções profissionais saúde,1.0
brasil mortes covid horas média móvel volta subir total óbitos chega mil,1.0
pazuello convocado senado esclarecer condução pandemia,1.0
governadores cogitam consórcio ter coronavac,1.0
argentina decretou confisco propriedades privadas governo comunista boato,0.0
stf forma maioria obrigar união reativar leitos uti estados,1.0
raoni metukire mora frança dono ong paris vendeu aldeia milhões boato,0.0
assessores bolsonaro sacaram salário pago flávio carlos,1.0
brasil ultrapassa mil mortes covid aponta boletim imprensa,1.0
após praias calçadão orla santos fechado partir amanhã,1.0
bolsonaro primeiro presidente visitar ilha marajó primeira dama ministros,0.0
fake foto mostre índio provocando queimada criminosa cerrado,0.0
médium joão deus filiado dem,0.0
covid milhões vacinas distribuídas todo brasil,1.0
flávio bolsonaro obteve desconto mil compra mansão,1.0
sabemos vai voltar diz presidente azul pedindo calma crise,1.0
uísque mel ajudam combater novo coronavírus boato,0.0
estudo usp mostra importância manter massa muscular longevidade,1.0
vídeo gravado azerbaijão outubro relação coronavírus,0.0
metallica trabalhando novo álbum videochamadas,1.0
falso prefeitura paulo comprado mil caixões licitação,0.0
recusa apoiar estado sítio levou demissão ministro defesa,1.0
alemanha estuda medidas diminuir quarentena abril,1.0
gerente supermercado primeira pessoa morrer covid,1.0
coronavírus médicos eua realizaram transplante pulmões doador covid,1.0
ainda evidências nova variante aumente gravidade covid diz oms,1.0
criança nasce morta ressuscita após mãe cantar louvor cristão mostra vídeo boato,0.0
bolsonaro diz daqui tempo vai ter carne argentina,1.0
senado aprova permite prorrogação incentivo fiscal empresas exportadoras,1.0
risco zero volta aulas baseada ciência diz uip,1.0
estudo alemão citado bolsonaro prova máscaras prejudiciais crianças,0.0
stf recebeu pedido lula passar lua mel dubai,0.0
alberto fernández reforçou tarefas sanitárias militares deu papel segurança,0.0
estudo estufa calor seco eficaz descontaminar máscaras,1.0
propagação coronavírus acelera irã mil novos casos,1.0
apostar coronavac saída minimizar desastre bolsonaro kennedy alencar,1.0
melbourne ordena fechamento comércios essenciais frear pandemia,1.0
paulo supera mil mortes covid,1.0
pessoas invadiram capitólio faziam parte encenação antifas,0.0
cidade proibir morador fofocarem parir evitar disseminação rumor verdade,0.0
fake oab pediu afastamento sniper atirou sequestrador ponte rio niterói,0.0
fake foto mostre governador teleférico máscara meio pandemia,0.0
fake recontagem votos detroit identificado eleitor nascido,0.0
pgr recorre liminar prisão domiciliar presos grupo risco,1.0
greenwald nega ter produzido filme pornô advogado sócio empresa,0.0
confiança empresarial sobe pontos agosto ante julho diz prévia fgv,1.0
mirando reeleição crivella faz maratona inaugurações durante pandemia,1.0
fake virologista einstein fez áudio criticando vacina contra covid,0.0
países liderados mulheres lidam melhor pandemia aponta estudo,1.0
stf declara constitucional lista suja trabalho escravo,1.0
whatsapp mudou configuração grupo incluir todos boato,0.0
moderna diz dose reforço vacina melhora proteção contra variantes,1.0
fake governador rio decretou ponto facultativo causa jogo flamengo,0.0
brasil registrou média mortes diárias nesta semana diz consórcio,1.0
trem possui inscrição covid fabricante afirma foto viral montagem,0.0
fake vídeo mostre militares correndo praia desafiar isolamento imposto,0.0
máscara inútil nociva globo mudou ideia pediu população parar usar boato,0.0
teto gastos públicos parece ter virado dogma religioso,1.0
governo fará reabertura comércio maio afirma governador,1.0
fake zonas eleitorais paulo registraram resultado idêntico comprova fraude turno,0.0
margarina qualy lança comercial dia pais família tradicional brasileira boato,0.0
informação falso circular eleição,0.0
obesidade deixa organismo propenso complicações covid,1.0
vídeo mostra farsa vacina chinesa contra covid simulação registro imagens,0.0
estado calamidade libera automaticamente saque fgts todos,0.0
onyx critica lockdown diz pulga formiga podem transportar vírus,1.0
fake cidade paulo qualquer morte covid dias agosto,0.0
fake pesquisa usp comprovou pessoas confinadas propensas contrair coronavírus,0.0
governo mato grosso decreta situação emergência frear covid,1.0
eua supera mil casos coronavírus segundo universidade johns hopkins,1.0
itália exige respeito países reabertura fronteiras,1.0
verdade insetos réptil vivo fossilizar descobrir marte,0.0
registro presidente biden dito cloroquina eficaz contra covid,0.0
fake globonews mostrou palavra tesão notícia sobre militares,0.0
decreto acaba conselhos classe exame oab boato,0.0
quarentena jovem faz pedido casamento mensagem prédio,1.0
dilma disse vacina chinesa vai funcionar porque pandemia começou china,0.0
jurassic world veta viagem atores após casos covid dispararem,1.0
site iphone grátis causa lançamento telefone boato,0.0
consórcio nordeste envia relatório anvisa espera liberação sputnik,1.0
fake roger abdelmassih solto após decisão stf sobre prisão instância,0.0
sociedade pode colaborar revisão política nacional informação informática saúde,1.0
damares alves pede demissão bolsonaro vai deixar cargo ministra boato,0.0
novo presidente petrobras general silva luna demitiu funcionários boato,0.0
mandetta diz pazuello patético criticar doria vacinação,1.0
stf silveira preso vídeo tirado mianmar aqui,1.0
dilma gastou milhões salão beleza presidente boato,0.0
bolsonaro veta liberação total recursos fundo ciência tecnologia,1.0
bolsonaro ordenou fechamento inmetro canetada boato,0.0
pôster abelhar nasa feito parir voar,0.0
joe biden candidato democrata presidência eua pedófilo prova vídeo boato,0.0
polícia apreende cilindros oxigênio dentro balsa amazonas,1.0
simpsons prever epidemiar coronavírus,0.0
documento ocde reforça importância inclusão mão obra sênior,1.0
governo federal fica penúltimo lugar ranking transparência contratações emergenciais durante pandemia atrás estados prefeituras,1.0
população mundial imune covid diz karl friston boato,0.0
aneel coelba ceb enel edp outras companhias vão cortar energia elétrica boato,0.0
bolsonaro sobrevoa áreas atingidas ciclone santa catarina,1.0
doria pede congresso mudanças lei anticrime manter prisões preventivas,1.0
fake máscaras importadas china distribuídas contaminadas novo coronavírus,0.0
principais cotados liderar câmara têm histórico parecido perfis opostos,1.0
mergulho tours receitas shows programão fazer turismo casa,1.0
fake ceo pfizer disse vai tomar própria vacina,0.0
fake foto mostre carro resgate corpo bombeiros sendo usado assaltantes máscaras proteção,0.0
baixo clero genocídio pauta debates sobre saúde violência policial,1.0
ivermectina ajudou áfrica controlar pandemia covid continente boato,0.0
reino unido aproxima mil mortes covid,1.0
coronavírus brasil registra mortes chega óbitos,1.0
stf anvisa informe sobre uso emergencial vacina sputnik,1.0
álcool gel acarreta multa prisão após teste bafômetro blitz lei seca boato,0.0
bebê infectado novo coronavírus ainda barriga mãe,1.0
pazuello respondeu inquérito obrigar soldado negro fazer papel animal,1.0
stf estados municípios podem restringir locomoção aval federal,1.0
letícia sabatella diz deseja brasil quebre defensores bolsonaro morram fome boato,0.0
mensagem tira contexto dados sobre sintomas adversos vacina pfizer,0.0
comitê direito humano brasil mandar libertar mulher matar pequeno rhuan,0.0
justiça proíbe reabertura gradual bernardo campo diadema,1.0
falso cabos eleitorais sarto transportaram urna adulterada,1.0
lava jato municipal subordinada prefeitura diz bruno covas,1.0
mortes covid brasil registra novo recorde média móvel óbitos,1.0
drauzio varella diz vai continuar andando rua durante quarentena coronavírus boato,0.0
aumento casos doria recua adia flexibilização dias,1.0
coronavírus mps pedem suspensão atividades essenciais,1.0
site engana relacionar hidroxicloroquina baixa mortalidade cuba,0.0
maju coutinho diz entrevista portugal trabalharia graça derrubar bolsonaro boato,0.0
doria ofereceu terreno silvio santos troca apoio político boato,0.0
bolsonaro obrigado depor inquérito envolve moro diz jurista,1.0
vive momentos delicados pandemia terras nativas,1.0
bolsonaro minimiza recorde óbitos todo local morrendo gente,1.0
fato foto mostra crianças estudando rádio durante epidemia pólio eua,0.0
acre recebe mil doses vacina astrazeneca oxford,1.0
wuhan china reduz taxa assintomáticos após milhão testes semana,1.0
estrategista revela josé dirceu manda stf brasil boato,0.0
ministra damares alves diz cerveja bock faz apologia sexo boato,0.0
ação reduziu número mortes ceará,0.0
vídeo mostra eclipse lua gigante ártico rússia canadá verdade,0.0
helicóptero colombiano derrubado fronteira venezuela boato,0.0
covid estado emergência sanitária acaba meia noite frança,1.0
mulher anos vacinada alemanha união europeia começa campanha contra covid domingo,1.0
michelle bolsonaro caso osmar terra traindo bolsonaro boato,0.0
filha queiroz ganha cargo governo exonerada dias,1.0
fake vídeo mostre prefeito sendo cobrado isolamento restaurante nova lima meio pandemia,0.0
saímos menos mil explica gabbardo sobre previsão número mortes,1.0
psol assinaram documento pede internacionalização amazônia macron boato,0.0
postagens atribuem bolsonaro obra realizada governo paulo,0.0
juristas afirmam inconstitucional pode beneficiar bolsonaro,1.0
vacina contra covid imunizantes impedem disseminação doenças sociedade,1.0
quarentena surreal diário direto maior campo refugiados europa,1.0
filha lula assessora senado ganha mil mês,0.0
stj adia julgamento recurso lula lava jato processo tríplex,1.0
fake vídeo mostre câmera segurança flagrando tentativa sequestro criança brasil,0.0
tcu questiona uso verba combate covid portaria divide juristas,1.0
agentes fbi atuaram lava jato,1.0
fake idoso empurrado policiais eua simulou agressão,0.0
rio casos mortes covid horas,1.0
coronel aeronáutica bolsonarista grava áudio sobre presidente boato,0.0
café bolsonaro alcolumbre prega entendimento congresso planalto defende isolamento social,1.0
paul krugman disse brasil saiu bem crise contrariou miriam leitão boato,0.0
esposa ministro nelson teich representante remdesivir brasil boato,0.0
após mutação coronavírus brasil proíbe voos reino unido,1.0
venezuela rouba petróleo roraima,0.0
brasil precisa fazer dever casa neutralizar impacto econômico coronavírus,1.0
fake foto mostre surfista sendo preso meio pandemia coronavírus,0.0
indicação defensor cloroquina nobel paz pode confirmada respalda tratamento,0.0
bandeiro antifascista prédio comunista alemão verdadeiro falso,0.0
fake foto presos faixa alexandre moraes stf durante rebelião,0.0
fake funcionários petrobras demitidos logo após anúncio troca presidência,0.0
atuar comer mesário suspender auxílio emergencial outro benefício social,0.0
filho genival lacerda lamenta morte pai perdi melhor amigo,1.0
delegados responsabilizados irregularidades operações,1.0
derrubada vetos pacote anticrime peritos veem prejuízo bancos genéticos,1.0
barack obama admite gay vai divorciar michelle boato,0.0
fake diretor mandou mensagem dicas evitar gripe tamiflu feito erva doce,0.0
lula diz basta colocar arroz mesa nordestino vota compra baiano boato,0.0
coronavírus eua casos confirmados mortes,1.0
deputado arthur lira faturava mil desvios afirma pgr,1.0
vacina covid testada brasil junho,1.0
cerimônia mandetta despede bolsonaro ministros cumprimento cotovelo,1.0
vídeo usa ação coletiva infundada dizer pandemia crime contra humanidade,0.0
tribunal haia chamou ditadura brasileira regime democrático,0.0
damares alves revogar lei maria penha pressão bancada evangélico,0.0
post confunde comparar letalidade covid outras doenças,0.0
texto falso afirma ministra damares irá revogar lei maria penha,0.0
fadiga pandemia possível combatê segundo oms,1.0
fake promotores ato pró dilma agora investigam flávio bolsonaro,0.0
covid argentina tornou cinco países casos mundo,1.0
vídeo mostra padre luis fernando convocando cristãos manifestações março boato,0.0
espanhol jogos torcida setembro diz ministro saúde,1.0
fachin decisões stf impedem apenas lula fique lava jato,1.0
tribunais destinam ações contra coronavírus milhões multas aplicadas condenados,1.0
coronavac recebe permissão islâmica líderes religiosos indonésia,1.0
vídeo panorâmico marte feito rover curiosity som antes perseverance chegar,0.0
assintomáticos podem sim transmitir vírus espalham anticorpos dizem especialistas,0.0
fake aba site pornô entrou inadvertidamente durante cobertura eleição americana cnn,0.0
cgu permitiu revogar licitações saúde diz ministro audiência,1.0
manuela ávila dona land rover encontrada hacker walter delgatti boato,0.0
azul transporta toneladas kit intubação estados,1.0
petrobras eleva diesel mercado aguarda suspensão pis cofins,1.0
bolsonaro matar vai preso máscara podem prender,1.0
vento destroçar hélice umar turbina eólico verdade,0.0
feirar chinês vender rato morcego origem coronavírus verdade,0.0
ministra damares alves levada hospital após dores abdominais,1.0
nenhum homens aparecem vídeos criticando isolamento analista bolsa nasdaq,0.0
governador contraria trump incentiva quarentena vai salvar vidas,1.0
fernando santa cruz pai presidente oab participou atentado guararapes boato,0.0
novo trem bala japão chega velocidade mostra vídeo boato,0.0
cachorro chora lado caixão dona durante velório bahia,1.0
post enganoso atribui bolsonaro obras feitas governo dilma,0.0
defesa witzel questiona stj sobre possível pedido pgr afastá governo rio,1.0
dinheiro público brasileiro pagou estadia bolsonaro hotel luxo,0.0
cada quatro municípios casos coronavírus diz secretaria,1.0
governador assina decreto determinando fechamento comércio,1.0
cras dando cestas básicas grátis compartilhar link whatsapp boato,0.0
coronavírus nova zelândia reabrirá escolas cinemas bares próximos dias,1.0
pés gelados podem causar infarto devem ficar protegidos boato,0.0
gugu liberato morreu anos após acidente doméstico eua boato,0.0
quadro clínico bruno covas irreversível informa equipe médica,1.0
fake estudo concluiu fumar maconha torna pessoa imune novo coronavírus,0.0
coronavírus fmi prevê contração econômica,1.0
drone arranca pedaço asa avião durante decolagem boato,0.0
vésperas carnaval registra maior média mortes desde agosto,1.0
líder governo senado elogia alcolumbre defende reeleição casa,1.0
vídeo mostra venezuela guerra civil ano boato,0.0
general heleno divulga resultado negativo segundo teste covid,1.0
armar biológico gripezinha fake news pandemia,0.0
fake mensagem fala distribuição almanaque turma mônica quarentena,0.0
senado argentino cria imposto sobre grandes fortunas combater pandemia,1.0
fake doria propôs idosos primeiros testados vacina contra coronavírus,0.0
doses vacina avaliadas após falta refrigeração,1.0
fake vacina contra covid chip líquido inteligência artificial controle populacional,0.0
bíblia alertar parir distanciamento social parir máscara,0.0
gap cancela pedidos próximas coleções covid abala fornecedores,1.0
anvisa pede governo federal quarentena viajantes barreira portos,1.0
amanhã começa nova regra facebook publicações podem usadas julgamentos boato,0.0
rodrigo maia lança candidato presidência república boato,0.0
paris reabre totalmente cafés restaurantes nova fase fim quarentena,1.0
rio grande norte oito leitos suporte ventilatório pulmonar autorizados,1.0
prevê prisão negar tomar vacina contra covid boato,0.0
bolsonaro elogia pazuello diz dificilmente médico saúde,1.0
nunca sabe esperar paciente covid desabafa médica,1.0
pandemia rapidamente superada todos países trabalharem juntos diz merkel,1.0
fake governo colocou presos monitorar pessoas cumprem distância mínima umas outras pontos ônibus,0.0
coronavírus reforça imagem messi che guevara aproxima ronaldo,1.0
gesara nesara implementadas reset financeiro ocorrerá próximos dias boato,0.0
verdade ensino médio apresentou melhor resultado anos ideb,0.0
inglaterra suspende quarentena viajantes países,1.0
distração durante converso sobrar covid causar acidentar aéreo paquistão,0.0
coronavírus ariana grande doa dinheiro fãs desempregados pandemia,1.0
lula reuniu sede gaviões fiel horas antes protesto antifascista boato,0.0
fake vídeo diz ford voltou atrás decisão deixar brasil após reunião guedes jaques wagner,0.0
witzel prorroga medidas restritivas contra covid julho,1.0
pesquisadores culpam bolsonaro crise covid dizem ignorados,1.0
zeca dirceu flagrado tchutchuca auge militância durante protesto lgbt boato,0.0
vídeo mostra carretas carregadas bois fazenda lula félix xingu boato,0.0
carrefour brasil commerce manter expansão forte lança nova plataforma breve,1.0
vazio grande lamenta amiga mãe morreu covid anos,1.0
deltan admite influência pleito diz formar time jornal nacional,1.0
deus mandou chuva austrália hoje após cristãos ajoelharem orarem mostra vídeo boato,0.0
fake vídeo mostre avião enviado brasil governo israelense combater incêndio amazônia,0.0
hackers clonar impressão digitar foto dedo vítima,0.0
bolsonaro perdeu bússola moral diz revista científica the lancet,1.0
brasil passa mil mortes covid nenhum estado alta óbitos vez desde criação consórcio imprensa,1.0
nova zelândia diz eliminou contágio local reduz casos coronavírus,1.0
vídeo salles mostra mata atlântica vítima covid,1.0
silvinha nuñez três anos morta quatro dias brasil boato,0.0
coronavírus últimas notícias sabemos quarta feira,1.0
jovens máscara cospem passageiros metrô paris boato,0.0
apesar perda setor turismo apoia antecipar feriados contra covid,1.0
bayern desiste participar mundial clubes causa covid boato,0.0
ministro saudar ontário fingir tomar umar vacinar gripar,0.0
comparação brasil países europeus vacinação considera tamanho população,0.0
variante inglesa covid pode mortal,1.0
rio recorde mortes covid governantes liberam boates folia,1.0
paulo imunizou apenas público alvo vacinação contra gripe,1.0
governo compensa ineficiência publicidade,1.0
motorista parar ônibus causar forte odor íntimo umar passageiro,0.0
arrecadação federal cresce março bate recorde mês,1.0
arnaldo jabor escreveu texto sobre lula cbn censurado tse boato,0.0
bolsonaro realmente tuitou soberano pedir impeachment,0.0
diálogo glauber braga josé dirceu divulgado the intercept brasil boato,0.0
dias comprova checagem informações duvidosas sobre covid,0.0
moro sanciona lei pune motorista bêbado anos prisão caso acidente boato,0.0
coronavírus polícia espanhola usa drones pedir cidadãos saiam ruas,1.0
dilma critica governo bolsonaro pandemia neoliberal neofascista,1.0
morre ganxsta ridd rapper grupo boo yaa vítima covid,1.0
voluntária contou meios comunicação possíveis reações vacina faz parte testes oxford,0.0
mortes coronavírus itália aumentam últimas parte país quarentena,1.0
maior vencedor nba vacinado contra covid tiro vou bloquear,1.0
diretor anvisa participou manifestação bolsonaro covid,1.0
imagem aglomeração praia ipanema registrada último domingo agosto,0.0
filha presidente oab recebeu mil lei rouanet atuar peça teatro boato,0.0
eleições municipais saíram candidatos apoiados bolsonaro post apagado facebook,1.0
ministra damares alves grava áudio visão deus sobre brasil após receber homenagem belo horizonte boato,0.0
lázaro barbosa capturado preso mostra vídeo gravado helicóptero boato,0.0
associação americana médicos ama libera hidroxicloroquina tratamento precoce contra covid boato,0.0
ministério saúde cria comitê técnico acompanhar vacina oxford,1.0
rainha redes sociais kim kardashian adere boicote facebook instagram,1.0
fábio internado após passar mal previsão alta boato,0.0
general mário lúcio diz vai derrubar rodrigo maia stf bala defender bolsonaro boato,0.0
governo cumpre plano mês entregará vacinas prometidas,1.0
tite marquinhos negaram cumprimentar bolsonaro durante premiação boato,0.0
apae vagas trabalho compartilhar link whatsapp boato,0.0
acervo vincular universidade petrobras destruir triturar,0.0
vídeo indígena chora incêndio julho gravado,0.0
toffoli visitou lula prisão gilmar mendes ligou presidente,0.0
garimpo ilegal aumentou terra yanomami aponta relatório,1.0
imagem homens mascarados queimando bandeira brasil tirada,0.0
cidade prefeito interino diz socorrer barrado tre,1.0
vidente espanhola nube maría previu quarentena programa boato,0.0
coronavírus termômetro infravermelho prejudicial cérebro,0.0
brasil inclui testes rápidos ineficazes estatísticas covid,1.0
cristiano ronaldo diz ainda mora mãe porque sacrificou vida boato,0.0
senador irá justiça contra aquisição aparelho espião ministério,1.0
coronavírus governo informa plano faltarem leitos uti,1.0
postar gasolina devolver dinheiro impor parir cliente verdade,0.0
refinarias brasileiras bolívia vendidas milhões dólares,0.0
senador sabe função exerce mulher kassio marques,1.0
havan sorteando cartões presente site whatsapp boato,0.0
fake vídeo mostre liderança cut rompendo lula pedindo cabeça,0.0
bruno henrique diz flamengo maior deus entrevista boato,0.0
horário enviar mensagem revelar fraudar mensagem vazar lavar jato,0.0
vídeo mostra caminhões descarregando frango arábia saudita votos eua,0.0
desafios butanvac usará milhões ovos galinha produzir milhões vacinas,1.0
fake imagem manifestantes paulista mostre protesto ocorrido pró dilma,0.0
vacina pfizer contra covid começa testada grávidas,1.0
mulher pisou criança morta cadeia macapá boato,0.0
apura fura fila vacina menos estados,1.0
trt rio bloqueia contas prefeitura pra pagar servidores saúde,1.0
renata vasconcellos testou positivo covid coronavírus boato,0.0
testes contaminados coronavírus enviados china eua boato,0.0
simpsons previram coronavírus imagem circula montagem,0.0
governo recebe aval tcu usar dinheiro concessões investimento ferrovias,1.0
lula bolsonaro rodrigo maia infectados coronavírus boato,0.0
ministro stf dias toffoli câncer pâncreas trocado bolsonaro boato,0.0
armazenamento desafio vacina contra covid pfizer biontech dizem especialistas,1.0
fake pai presidente oab morto integrantes aln,0.0
mourão confirma araújo participará viagem amazônia embaixadores,1.0
prefeitos querem flexibilizar investimento mínimo educação,1.0
republicanos decide lançar russomanno disputar prefeitura,1.0
eua registram mortes causadas coronavírus horas,1.0
ministério saúde conta parceria gol linhas aéreas distribuir vacinas brasil,1.0
consórcio veículos imprensa lança campanha sobre importância vacina contra covid,1.0
pessoa presa nesta foto ator cuba gooding chefe campanha joe biden,0.0
vídeo mostra kevin caindo sacada prédio rio boato,0.0
amigo osmar terra gabbardo virou braço direito doria pandemia,1.0
hamas lançou foguetes israel ontem pessoas morreram ataques boato,0.0
mensagem promete auxílio emergencial falsa,0.0
médico alertar vídeo vacinar chinês mortal verdade,0.0
podcast vida caverna sorria sendo enganado,0.0
giovanna ewbank mostra rotina durante quarentena faz tranças filha,1.0
abin identificou terroristas venezuela cuba ligados brumadinho,0.0
algo perturbador olhar bolsonaro política economia,1.0
flávia pavanelli diz curada coronavírus aliviada,1.0
brasil completa mês média mortes covid acima mil,1.0
empresários belo horizonte juiz viçosa curitiba fortaleza escrevem carta aberta pregando desobediência lockdown boato,0.0
doria rebate fala bolsonaro sobre vacina critica opção morte,1.0
fake candidata vereadora curitiba dobro votos fraude alterou número conquistado,0.0
vídeo mostrar furacão dorian praticamente estacionar sobrar bahamas,0.0
ministério saúde prorroga leitos uti pernambuco,1.0
vinte governadores assinam apoio novo fundeb governo quer mudar,1.0
sei beijar boca diz paes leme quarentena,1.0
israel cria unidade móvel testes coronavírus risco contaminação,1.0
municípios têm capacidade atendimento uti diz estudo,1.0
bandidos roupas profissionais saúde van vermelha fiat bombeiros realizando assaltos boato,0.0
agendar globalista editorial publicar pelar new york times apoiar extinção raça humano,0.0
incêndio igreja assunção resultar morte gato verdade,0.0
vídeo mostra furacão dorian parado próximo ilha bahamas boato,0.0
prefeitos tomam posse medidas ajuste fiscal,1.0
prova mortes relatadas anvisa consequência vacinas contra covid,0.0
macron quer indenizar artistas meados cultura pós covid frança,1.0
china confirma missão oms irá país investigar origem covid,1.0
passageiros veem movimento normal dia feriadão trânsito cai,1.0
andré mendonça ministro justiça canta louvor cristão família mostra vídeo boato,0.0
corregedoria pgr abre sindicância apurar tratativas lava jato autoridades outros países,1.0
marielle franco engajada bandidos morta traficantes boato,0.0
gui banido disney encerra carreira tenta suicídio perde todos patrocinadores boato,0.0
covid brasil começou produzir vacina sputnik diz fundo russo,1.0
coronavírus turismo perde bilhões crise reduz mil empregos,1.0
prevaricação aplica presidente contrário disse bolsonaro,0.0
wagner moura entrevista drogado consegue falar mostra vídeo boato,0.0
bolsonaro ficou estacionado fase negação covid diz mandetta,1.0
apertar botão cancelar evita fraudes caixas eletrônicos,0.0
falso marcola citado lula pcc,0.0
sobrinho bolsonaro rompe chico rodrigues tenta virar página,1.0
lei abuso autoridade superpoderes stf dizem especialistas,0.0
marido morreu covid encontrei corpo quase quatro meses,1.0
fake print texto diz uber contratou pessoas disfarçadas motoristas fazer tumulto câmara rio,0.0
instituto butantan recebe mil testes coronavírus vindos coreia sul,1.0
faltava nova variante coronavírus,1.0
vacina gestor público pode punido atrasar dose diz lewandowski,1.0
secretária indica restrições noturnas conter pandemia,1.0
homem tirar foto corpo maradona encontrar morto,0.0
militante pcdob queimar bandeiro brasil durante manifestação,0.0
ninguém pensando relaxar isolamento diz nelson teich,1.0
suposta fala soros sobre financiar grupos ódio negro publicada bild,0.0
falso china usará próprias vacinas,0.0
anular quebra sigilo resolve problemas flávio bolsonaro,1.0
idoso covid recebe alta uti reencontra filha após mês internado,1.0
confrontar preconceito ferramenta poderosa dispomos diz ashton applewhite,1.0
fake vídeo mostre jovem morrendo tomar vacina israel,0.0
lula dinamarca país livre coronavírus enquanto brasil sofre covid boato,0.0
fake foto mostre centenas bicicletas correios abandonadas pátio,0.0
tratamento prévio covid contrário sugere médica instagram,0.0
fake vídeo mostre caetano bethânia sambando máscara festa aglomeração réveillon,0.0
uso máscaras priva células oxigênio causando câncer pulmão,0.0
marrocos rei primeiro receber vacina contra novo coronavírus,1.0
coronavírus miami motivos preocupação novo epicentro pandemia eua,1.0
fake post atribuído paulo guedes críticas glenn greenwald,0.0
netflix app streaming downloads trimestre,1.0
internações nonagenários covid desaceleram após vacinação país,1.0
presidente sindicato motoboys diz bolsonaro apoio,1.0
após cumprimentar apoiadores bolsonaro diz responsável caso contaminado,1.0
máscara inspirada harry potter revela mapa apenas rosto,1.0
presidente chile entra quarentena preventiva após contato caso covid,1.0
após entrega insumos fiocruz retoma hoje produção vacinas,1.0
bolsonarista alexandre garcia faz campanha tse contra fake news,1.0
ministro saúde visita hospitais manaus,1.0
fake print simulando notícia fala ato pró bolsonaro maior manifestação favor impeachment dilma,0.0
aeroportos testam sistema reconhecimento facial facilitar embarque,1.0
ivermectina mostrou eficaz prevenção tratamento covid,0.0
fake recomendável aplicar gelo sobre picada escorpião,0.0
acampamento brasília criado indígenas mst impedir manifestações setembro boato,0.0
local trabalho maior foco transmissão covid frança diz especialista,1.0
homem foto lula irmão adélio bispo esfaqueou bolsonaro,1.0
oms orientar evitar sexo animar comer prevenção coronavírus,0.0
fake cemitério tailândia amanheceu túmulos abertos vazios,0.0
bolsonaro vai orfanato pergunta dia pais boato,0.0
change org site petições falsas criado fascista grupo abril veja boato,0.0
flordelis assume cargo secretaria mulher câmara boato,0.0
vídeos tragédia brumadinho mostram animais arrastados onda lama boato,0.0
autor lamenta uso música vídeo mario frias apoio visão,1.0
esposa fabrício queiroz receberá novo auxílio emergencial,1.0
bolsonaro deparar foto lula durante suar visitar museu dallas,0.0
asilo minas gerais confirma casos covid todos idosos vacinados,1.0
efetivo reserva exército marinha aeronáutica convocado mesário eleições boato,0.0
covid enganoso post questiona ética testes humanos vacinas,0.0
governo quer propor novo adiamento censo demográfico,1.0
vídeo ensaio posse bolsonaro mostra soldados fazendo bandeira brasil boato,0.0
fake foto mostre corpos vítimas covid enterrados vala comum nova york,0.0
texto sobre amostras falsas covid contém informações incorretas autoria duvidosa,0.0
irmãs alemãs inventam jogo tabuleiro coronavírus fazem sucesso natal,1.0
nostradamus previu chegada coronavírus livro boato,0.0
atacadão vale presente aniversário compartilhar whatsapp boato,0.0
saúde diz fornecedora testes estocados sustenta validade meses anvisa precisa aprovar,1.0
hospital cristóvão divulga lista vagas emprego salários horários boato,0.0
coronavírus eua têm mortos casos confirmados,1.0
ministério saúde quebra confidencialidade contrato pfizer,1.0
fake confiscou paraguai fazendas liderança mst,0.0
flávio bolsonaro previu saída wilson witzel,1.0
ong flagrar enviar ilegalmente barrir ourar parir frança verdade,0.0
marido randolfe rodrigues paga aluguel salário mil senador boato,0.0
justiça autoriza reabertura gradual comércio,1.0
enganosa publicação atribui shell óleo encontrado nordeste,0.0
vídeo mostra inundação abrigo imigrantes hospital campanha manaus,0.0
gestantes passam anticorpos contra covid bebês diz estudo,1.0
vai pedir aplicação emergencial coronavac anvisa quinta,1.0
imagens mostram joão doria tomando vacina contra gripe contra covid,0.0
garro chernobyl simples tocar realmente matar umar pessoa,0.0
onda praia unir congelar dever frio intenso,0.0
prefeitura fecha atração turística após aglomerações fim semana,1.0
bolsonaro inaugura centro treinamento atletismo paraná,1.0
maikelly muhl morre após sofrer acidente carro contrair coronavírus boato,0.0
fake foto mostre fazenda filho lula,0.0
ong faz ato copacabana quase mil mortos covid brasil,1.0
falso vacina contra covid cause danos irreversíveis dna,0.0
comércio popular paulo zero distanciamento máscaras queixo,1.0
coronavírus eua passam mil mortes casos aproximam milhões,1.0
fake foto banhista usando máscara proteção contra coronavírus durante mergulho,0.0
juíza arquiva inquérito contra advogado fez críticas bolsonaro,1.0
vídeo vítima covid descer amarrar necrotério rússia real,0.0
parosmia desde covid comida vontade vomitar,1.0
lula visita renan calheiros hospital ambos tiram foto máscara,1.0
fake imagens mostrem rainha elizabeth máscaras mesma cor roupa meio pandemia coronavírus,0.0
glenn greenwald internado pressas overdose cocaína,0.0
mil mortes dia brasil estados alta,1.0
fake vídeo mostre bebê sendo salvo novo coronavírus mãe contaminada nascer dentro bolsa,0.0
enganoso vídeo fala sobre recado final militares stf,0.0
retrospectiva whatsapp disponibilizada compartilhar link boato,0.0
pará prorroga lockdown oeste após casos nova variante coronavírus,1.0
singapura descobriu covid causada bactéria exposta radiação boato,0.0
fake caxias sul determinou distanciamento social registrou óbitos covid,0.0
aulas escolas merenda vulneráveis partir,1.0
escorpiões escondendo mexericas tangerinas têm talo boato,0.0
covid brasil quer prazo decidir integra aliança vacina,1.0
fake urnas eletrônicas brasileiras auditáveis,0.0
lula ironiza chapa huck moro cada hora inventam coisa,1.0
hospital nega tratado primo antonio carlos,0.0
bolsonaro volta defender retorno aulas durante pandemia,1.0
coisa bolsonaro chama brasileiro maricas ameaça eua guerra,1.0
evitar ansiedade depressão causadas isolamento,1.0
alerj conclui relatório sobre irregularidades saúde rio,1.0
luis fernando verissimo critica bolsonaro cataclismo,1.0
candidato vereador sofre atentado guarulhos,1.0
serginho groisman pede lula livre incentiva terrorismo esquerda comício boato,0.0
morrem dia espanha coronavírus país novo recorde,1.0
abre inquérito apurar suspeita invasão hacker celular presidente caixa,1.0
governo diz justiça colapso saúde infeliz coincidência,1.0
dimas diz milhões brasileiros poderiam ter tomado duas doses,1.0
fake estudo realizado harvard indica isolamento social bom conter avanço novo coronavírus,0.0
stf dias bolsonaro queiroga manifestarem sobre cronograma vacinas,1.0
governo precisa autorização congresso desfazer golden shares decide tcu,1.0
falso eleição anulada votos nulos,0.0
programa renda familiar mensal inscrições abertas site whatsapp boato,0.0
fake vídeo mostre navio venezuelano jogando óleo mar nordeste,0.0
lira diz brasil recursos manter orçamento guerra,1.0
homem anos morreu coronavírus saudável diz irmã,1.0
doria nomeou chineses presidência diretoria cpfl boato,0.0
guedes ligou pacheco dizer bolsonaro apoia reforma administrativa,1.0
fake tabela dados mortalidade janeiro março datasus comparando doenças covid,0.0
câmara aprova texto estende auxílio emergencial dobro mulheres vítimas violência,1.0
deputar negro câncer ameaçar sociedade israel,0.0
salão automóvel adiado agosto devido coronavírus,1.0
aliados bolsonaro colocam cpi governadores prefeitos,1.0
oms meio milhão casos mil mortes vacina demorará meses,1.0
candidatos sobem tom discurso russomanno covas viram alvos,1.0
mauro cezar todo mundo flamengo defende volta açodada,1.0
coronavírus pode causar genocídio povos indigenas afirma pesquisadora,1.0
acm neto diz doria implodiu chance ter dem campanha,1.0
fundador qualicorp preso nova operação lava jato,1.0
fake mistura laranja limão melão caetano cure covid,0.0
âncora globo critica fura quarentena pra malhar caixão fechado,1.0
democratas fizeram cédulas falsas china fraudar eleições eua boato,0.0
juiz texas veta suspensão abortos durante crise covid,1.0
candidato dimas gadelha disse vai implantar banheiro unissex escolas gonçalo boato,0.0
ibope boulos diz impede turno bolsodoria,1.0
bolsonaro voltou dizer hoje pode obrigar tomar vacina,1.0
gerson camarotti pediu cassação registro médicos receitam antivirais contra covid boato,0.0
fake damares alves defendeu revogação lei maria penha,0.0
fake vídeo prove anthony hopkins recebeu vacina contra covid,0.0
américa latina prioridade biden aponta cientista político americano,1.0
imagem vênus feita partir fotos preto branco tiradas sonda venera,0.0
tse retomará próxima terça julgamento ações pedem cassação chapa bolsonaro,1.0
contágios diários coronavírus eua atingem número recorde,1.0
mourão diz pazuello pode deixar ativa exército atenuar provável punição após ato bolsonaro,1.0
israel começa imunização contra covid presidente pede cidadãos tomem vacina,1.0
fake nóis boatos envolvendo star wars men senhor anéis,0.0
mst destruiu fábrica vacinas durante invasão boato,0.0
damares demite mulher blogueiro investigado atos antidemocráticos,1.0
indulto natal libera mil presos temporariamente ruas boato,0.0
estudos comprovam cúrcuma ajuda combater covid,0.0
princípios ativos cloroquina ivermectina presentes cascas laranja limão,0.0
confira orientações planos saúde sobre novo coronavírus,1.0
vacinas eficazes contra variante delta contrário diz médico,0.0
suspender teste hidroxicloroquina oms excluiu cloroquina projeto pesquisa internacional,1.0
coronavírus idosos vulneráveis protegê los,1.0
verificamos afirmações texto sobre vacina esterilização contra covid,0.0
coronavírus veja seis requisitos oms países deixarem quarentena,1.0
coronavírus vez brasil mortes confirmadas,1.0
redes sociais carlos bolsonaro excluídas ordem gilmar mendes,0.0
porto feliz casos covid zero mortes graças uso cloroquina boato,0.0
justiça aceita denúncia torna réu hacker acusado invadir sistemas senado federal,1.0
lula fylho investigado esquema fraude compra máscaras filho presidente lula boato,0.0
professora usp sara antonella lenin faz ensaio dentro biblioteca universidade boato,0.0
médica usa dados contexto hospital israel acusar cdc mentir sobre casos covid pessoas vacinadas,0.0
stj impede despejo terra área federal ordenado estadual,1.0
vicente registra saques supermercados causa novo coronavírus boato,0.0
ministério saúde entrega ventiladores pulmonares sergipe,1.0
exército milhão comprimidos cloroquina ainda estocados,1.0
fake foto mostra estudantes nus fazendo manifestação dentro universidade,0.0
decisão stf abre caminho reeleição prefeito duque caxias,1.0
políticos centro avaliam manifestações acirram polarização mantêm distância atos,1.0
fake bill gates escreveu carta aberta diz apesar muitos verem desastre coronavírus grande corretor,0.0
humorista rey biannchi alvo mandado busca apreensão prisão inquérito fake news,0.0
pgr pede stf suspenda caráter urgente inquérito contra procuradores lava jato cita risco prisão,1.0
bolsonaro erra dado sobre negócios discursar empresários árabes,0.0
frança menor número casos coronavírus desde lockdown,1.0
fala oms sobre indivíduos assintomáticos significa isolamento social desnecessário,0.0
presos comemoram soltura lula decisão stf sobre segunda instância mostra vídeo boato,0.0
bolsonaro sanciona lei destina bilhões santas casas combate coronavírus,1.0
uol entrevista secretário sobre transporte público pandemia,1.0
uber poderá pedir documento passageiro corridas pagas dinheiro,1.0
vacina contra covid pfizer pode menos eficaz pessoas obesidade sugere estudo,1.0
brasil sorridente inscrições abertas site whatsapp boato,0.0
redução salarial flu usada base debate sindicato rivais,1.0
impeachment vitória stf fôlego witzel irrita deputados,1.0
itália proíbe viagens regiões partir dezembro,1.0
automedicação uso azitromicina ivermectina nitazoxanida recomendados tratamento covid,0.0
senado americano denuncia farsa covid china redes sociais boato,0.0
faturamento apple supera expectativas forte receita iphones,1.0
vídeo mostra gravação filme relação decisão stf contra ações policiais pandemia,0.0
lula enterros meios irmãos ditadura deixou mãe,0.0
lutas dramas médica voltou brasil combater pandemia,1.0
líder centrão arthur lira operou rachadinha alagoas diz mpf,1.0
vídeo mostra passeio moto cânion rio poti ceará piauí boato,0.0
bolsonaro afirma pode vacinado contra covid todo mundo tomar,1.0
polícia faz operação casa parentes queiroz procura mulher assessor flávio bolsonaro,1.0
braga netto banca permanência mandetta saúde,1.0
engenheiro descobriu apenas hospitais privados descobriram cura coronavírus boato,0.0
maior cobra sucuri mundo encontrada áfrica após matar pessoas boato,0.0
fake imagem mostra vereadora palmas mil votos durante apuração,0.0
europa teme segunda onda precoce coronavírus após protestos massa,1.0
argentina compra milhões doses vacina russa contra covid,1.0
verdade arrecadação veículo mercosul revertido parir reconstrução cubar renac,0.0
tse censurar whatsapp parir impedir denúncia sobrar urna eletrônica,0.0
diretor recomendar chá erva doce parir curar doença coronavírus,0.0
saúde anuncia acordo butantan doses coronavac abril,1.0
paes diz mega feriado rio funcionando pretende amenizar restrições contra covid,1.0
juiz diz hacker lava jato voltará prisão conceder entrevistas,1.0
nubank libera convite cartão crédito nome sujo site whatsapp boato,0.0
nom agenda globalista acaba propriedade privada boato,0.0
fake vídeo mostra erupção vulcão indonésia,0.0
papa francisco pediu repetissem oração vacinado sangue cristo nenhum vírus pode tocar,0.0
stf aguarda parecer pgr decidir foro flávio bolsonaro caso rachadinhas,1.0
fake juiz marcelo bretas fez post defendendo uso remédio experimental falando hospitais campanha superfaturados,0.0
perigeu lua gigante canadá rússia mostrado vídeo boato,0.0
fake ministro educação fez post palavra celebral twitter,0.0
fake mpf descobriu depósitos jean wyllys defesa adélio bispo,0.0
bolsonaro construiu cidade casas jucurutu boato,0.0
ministério saúde lança campanha combate mosquito aedes aegypti,1.0
fake escovas dentes pacientes covid podem reter coronavírus ativo reinfectá los,0.0
vídeo mostrar esquerdista queimar pertencer morador ruir,0.0
saúde oferece formação preceptores residência médica,1.0
saúde defende prescrição cloroquina contra covid comprovação,1.0
abono emergencial natal disponível site whatsapp boato,0.0
fake stf decidiu rouba celular custa menos preso,0.0
anderson silva chama felipe neto verme pede deixar país boato,0.0
imunidade natural permanente contra covid indica estudo americano,1.0
jeanine áñez disse sonha bolívia livre rituais satânicos indígenas boato,0.0
fake operação fez cidade rio janeiro excluir mil mortes covid estatística oficial,0.0
carro globo depredado ontem conrado rio janeiro boato,0.0
vacinação obrigatória contra covid brasil prevista enquanto vigente estado calamidade pública,0.0
previsão vacinação covid ministério saúde divulgada boato,0.0
estado paulo vacinou milhão pessoas contra sarampo,1.0
twitter salles discute cantora anitta pediu saída pasta,1.0
fake coronavac deixou mil mortos china tetraplégico inglaterra,0.0
coronavírus últimas notícias sabemos sexta feira,1.0
abin descobriu diretor valeixo passando informações doria segurando informações sobre facada witzel boato,0.0
registro ford encerrado globalmente produção veículos passageiros,0.0
astrazeneca anuncia atraso envios vacinas união europeia,1.0
lbv dando cestas básicas kits limpeza compartilhar link whatsapp boato,0.0
pedra caladão pedra boca desmoronou hoje manhã mostra vídeo boato,0.0
risco real bolsonaro enfrenta tribunal penal internacional,1.0
azul diz elevará número voos destinos junho,1.0
traficante internacional venezuela visitou lula prisão curitiba boato,0.0
errar durante telejornal globo gerar umar frase constrangedor,0.0
saiu randomizado ivermectina mostra eficácia boato,0.0
fake mensagem fala fevereiro exatas semanas iguais ciclo lunar completo cada anos,0.0
anunciar contágio covid bolsonaro cita dados imprecisos remédios comprovação contra doença,0.0
livrar personagem astérix prever coronavírus,0.0
incrível história meteorito iluminou céu costa rica segue intrigando cientistas,1.0
opositores chamam bolsonaro genocida após incentivo uso kit covid,1.0
vereador jaiminho apoiado psol preso armas munições boato,0.0
mourão convoca povo manifestações setembro mostra vídeo boato,0.0
gisele ndchen bruxar parir tom brady sucesso carreira,0.0
senado limita juros cheque especial cartão crédito ano,1.0
mandetta critica uso político cloroquina afaga bolsonaro,1.0
xvideos anuncia twitter sairá brasil setembro boato,0.0
endividado declare extinto vire igreja,1.0
bolsonaro abril existe diário congresso,0.0
fake filho doria fez festa pessoas meio quarentena,0.0
vamos passar desfiladeiro senhor quer passar acelerado devagar diz mandetta bolsonaro reunião,1.0
creolina cura covid mata coronavírus diz médico roberto klaus boato,0.0
dois terços nova iorquinos infectados casa dado comprova falhas distanciamento social,0.0
jully collen menina apareceu vídeo gui disney morreu boato,0.0
ken frazier merck disse pressa vacinar liberar carnaval brasileiro boato,0.0
registro pesquisa governador paulo rejeição,0.0
primeira colheita trigo nordeste feita bahia governo bolsonaro,0.0
pronunciamento bolsonaro causa perplexidade cúpula congresso,1.0
habib faliu vai fechar lojas anuncia passa ponto boato,0.0
coronavírus centro manutenção latam inicia produção máscaras,1.0
donos mandam trocar fechaduras igreja após pastor planejar culto eua,1.0
inteligência artificial contra covid,1.0
fake boulos deu entrada hospital após overdose boate,0.0
papa francisco defende criação pátria grande socialista capital panamá boato,0.0
fake flávio dino aboliu bandeira brasil colocou vermelha lugar,0.0
doria pessoas ficarão casa porque morte vai chegar perto,1.0
farmacêutica merck disse eficaz contrair covid vacinar,0.0
carta economistas banqueiros empresários reflete indignação sociedade,1.0
rio alerta justiça eleitoral candidatos fogem aglomerações,1.0
fake vídeo mostre fotos fiéis mortos covid igreja itália,0.0
amazon faz celebração aniversário prêmios whatsapp boato,0.0
governo rio prevê retomada gradual economia junho agosto,1.0
fake guga chacra disse ter nojo brasil,0.0
guilherme boulos nunca trabalhou nunca estudou vida boato,0.0
guedes diz fies bancou universidade filho porteiro,1.0
ministro cobra informações bancos oficiais secom sobre investimento redes sociais,1.0
fake foto mostre coração pessoa após uso prolongado máscara contra covid,0.0
bolsonaro diz encaminhará reforma administrativa congresso dia,1.0
cães sendo testados identificar novo coronavírus precocemente,1.0
brasil registra novos óbitos ultrapassa mil mortes covid,1.0
interpol descobre lula roubou quadro milhões palácio planalto boato,0.0
notícia falsa contas brasil saíram vermelho vez anos,0.0
plano tri biden vai beneficiar famílias indústria indígenas,1.0
hospitais eua usam músicas suavizar tempos sombrios pandemia,1.0
carta governadores estados respondem críticas bolsonaro,1.0
todos estados brasileiros receberam doses vacina oxford,1.0
apesar ter dito participem bolsonaro diz convocou atos,0.0
merkel diz alemanha vive nova pandemia anuncia restrições semana santa,1.0
damares alves saiu ministra periférica figura central bolsonarismo,1.0
mil pessoas pediram desligamento bolsa família semana governo bolsonaro boato,0.0
vídeo guga chacra aparece chorando março falava novo coronavírus,0.0
ministro educação abraham weintraub pede crianças voltem aulas escolas mostra vídeo boato,0.0
fake pai guilherme boulos dono mansão desocupada vila mariana,0.0
cpi covid retomada depoimento pazuello senadores vão cobrar explicações sobre vacinas crise manaus,1.0
fake mensagem lista novas vias rodízio veículos,0.0
caixa abrirá agências neste sábado atender serviços essenciais,1.0
prisão domiciliar queiroz aparece varanda apartamento,1.0
primeiro contágio coronavírus acontecido novembro diz jornal,1.0
camila pitanga mentiu pegou malária poder tomar cloroquina contra covid boato,0.0
mudou instagram relembre novidades aplicativo,1.0
mil leitos uti ocupados total mil,1.0
operários chineses postos quarentena fábrica gigante iphones,1.0
manaus pazuello quer força tarefa acelerar vacinação ampliada público anos,1.0
olavo carvalho escreve texto sobre morte ricardo boechat esquerdistas boato,0.0
vídeo mostra rio paraopeba poluído peixes mortos boato,0.0
estudo associa casos câncer eua teste nuclear,1.0
fotógrafo flagrar golfinho levar furacão dorian verdade,0.0
rival última eleição romário debocha witzel avisei,1.0
tse autoriza candidatos comprarem publicidade termos busca web,1.0
atriz maria flor abocanhou milhões lei rouanet,0.0
auditoria tcu ibama revela paralisia setor multas ambientais,1.0
joão doria decidiu aumentar valor imposto itcmd durante pandemia boato,0.0
vídeo mostra vacinação agulha israel simulação produção imagens,0.0
homem ceará preso crime militar criticar compra ventiladores,0.0
joão doria fechou ceasa ceagesp paulo boato,0.0
talibã mata diversos homens fuzilados afeganistão mostra vídeo boato,0.0
fake apenas duas faculdades medicina cuba formam médicos ano,0.0
fake vídeo ônibus londres mensagem ataque lula letreiro,0.0
vídeo pastor silas malafaia engana sobre eficácia ivermectina contra covid áfrica,0.0
covid belém cisjordânia fechada turistas peregrinos,1.0
barcelona cria centros arcas noé isolar pacientes coronavírus,1.0
teste covid afeta barreira hematoencefálica garantem especialistas,0.0
portugal recebe ajuda alemanha combater covid,1.0
meio recordes casos trump diz contra uso obrigatório máscara,1.0
eleitor semana justificar ausência turno,1.0
papa francisco fala vida vai passar rápido após acidente papamóvel boato,0.0
editorial globo aponta brasil presidencialista pede intervenção boato,0.0
alimentos têm recorde alta real superam altas,1.0
bolsonaro lamenta explosão beirute sentimos brasil,1.0
governador bahia pediu prefeitos inventarem casos covid,0.0
falsa foto schwarzenegger camiseta apoio bolsonaro,0.0
fake rede hipermercados makro fechado lojas rio conta crise coronavírus,0.0
compartilhe vídeo bebê câncer dança ganhar doação whatsapp boato,0.0
coronavírus guedes diz pagamento auxílio informais custará bilhões,1.0
enganoso post associa foto lixo baderna estudantes ufsc,0.0
brasil chega mil mortos covid mortos últimas,1.0
fake estudo prove máscaras acumulam micróbios capazes causar câncer,0.0
carla zambelli diz covid fará uso hidroxicloroquina,1.0
funcionária bolsonaro filha queiroz exalta mandetta após demissão,1.0
fake enxaguante bucal combate coronavírus,0.0
começam eleições municipais precisa saber votar,1.0
reforma previdência artigo acaba pensão deficientes caso morte pais boato,0.0
obras bolsonaro quer cortar mec,1.0
bruno covas usando cloroquina contra covid agora liberou remédio paulo boato,0.0
laboratório unicamp estuda irmão coronavírus comum morcegos brasil,1.0
whatsapp vai compartilhar conversas usuários após nova atualização boato,0.0
foto bolsonaro camisa pescando usada decorar quarto boato,0.0
fake vídeo mostra turbina avião sugando cabelo trump durante entrevista,0.0
milhões pessoas devem refazer cadastro auxílio emergencial,1.0
trump quer investir trilhão brasil causa bolsonaro boato,0.0
pintura pessoas máscaras feita filipinas,0.0
acolhida teto,1.0
gilmar decide manter queiroz márcia prisão domiciliar,1.0
brasil bate recorde mortes enquanto bolsonaro brinca exército,1.0
dia toffoli registrar whatsapp cartório presar fake news,0.0
paraná recebe mil doses vacina butantan,1.0
médica usuária crack filmada vivendo ruas boato,0.0
deltan indicou juíza prioridades lava jato após saída moro,1.0
analista chefe investimentos divulga áudio equipe vaza web boato,0.0
após aglomeração libertadores palmeiras defensa protocolo rígido,1.0
presidente china diz vai impulsionar investimentos empregos,1.0
jogador vôlei carolino solberg receber atualmente dinheiro programar bolsa atleta,0.0
pedidos seguro desemprego caem julho sobem,1.0
vídeo mostra tênia sendo retirada boca mulher comeu carne porco crua boato,0.0
coordenadores demitem palmares insatisfações sérgio camargo,1.0
vacinação pode paralela deve começar fevereiro diz pazuello,1.0
chile suspende demissões permite corte salários coronavírus,1.0
tomografia pulmão pode usada validar casos covid diz ministério,1.0
tal trump tal bolsonaro democracia ameaçada eua aqui mundo,1.0
bolsonaro descobriu conta secreta bilhões banco central boato,0.0
documento prova bolsonaro ganho turno,0.0
fux usou caso andré rap espinafrar mello acalmar colegas,1.0
pesquisadores brasileiros comprovam presença coronavírus,1.0
conselho direitos humanos marca reunião sobre coronavírus vai discutir postura governo,1.0
maduro estende confinamento reforçado caracas seis estados venezuela,1.0
orçamento veja quais áreas devem perder recursos quais verba próximo ano,1.0
irmão lázaro canta último louvor enfermeira antes intubado mostra vídeo boato,0.0
mulher aparece vídeo bolsonaro professora wal açaí boato,0.0
frase dita john lennon falsamente atribuída candidata pcdob manuela ávila,0.0
podcast vidar caverna homeopatia realmente funcionar,0.0
oms indica ivermectina tratamento covid,0.0
pobres têm dobro risco infectarem coronavírus brasil,1.0
alfredo léo diretor falou vídeo sobre bolsonaro amigo boato,0.0
anvisa astrazeneca reúnem data envio pedido registro vacina contra covid definida,1.0
exaustos efeito quarentena longa mundo sobre argentinos,1.0
governador diz carinho grande bolsonaro,1.0
fake tabela mostra brasil maior taxa recuperados covid mundo,0.0
brasil registra casos confirmados coronavírus mortes,1.0
post usa vídeo antigo acusar museu exibir pornografia patrocinada dinheiro público,0.0
medida provisória permite cancelamento shows espetáculos reembolso,1.0
laboratório detecta primeiros casos nova variante coronavírus paulo,1.0
comunidade fitness aglomera praça rua escritório doria,1.0
incra informa stf tombo histórico reforma agrária nega paralisia,1.0
menina pietra sequestrada praia engenho desaparecida boato,0.0
doria pede evite aglomerações feriado irá apoiar fiscalização,1.0
lavajatismo fachin nega lula justiça liberou procurador flagrado,1.0
prova ivermectina cure covid contrário diz médica,0.0
fake imagens mostrem carne humana sendo vendida restaurante japão,0.0
idosos votam devem fazer biometria ter aposentadoria cpf cancelados boato,0.0
doria vamos iniciar imunização brasileiros paulo janeiro,1.0
crianças congeladas encontradas china mostra vídeo boato,0.0
glauber braga deputado chamou moro ladrão recebeu propina escondeu cueca boato,0.0
daniel alves critica tite apoia bolsonaro defende copa américa brasil post boato,0.0
lula vaiado chamado ladrão chegada recife boato,0.0
primeira dama venezuela reservou andar hotel réveillon rio boato,0.0
produção país torna venezuela prateleiras vazias diz guedes,1.0
umar modelar famoso instagram passar herpes parir água banhar contaminar,0.0
facebook restaurou post sobre hidroxicloroquina mantém política remoção desinformação sobre covid,0.0
fake fazer gargarejo água morna sal vinagre elimina coronavírus,0.0
ciro nogueira firmino filho falam quebrar bolsonaro covid piauí boato,0.0
fake vídeo rato vitrine padaria gravado brasil,0.0
stf ministério justiça deve explicar lsn contra críticos bolsonaro,1.0
zema aceita desafio zerar icms combustíveis minas gerais boato,0.0
ação mpf prol mulheres gays beneficia bolsonaro,1.0
cnbb critica perdão dívidas igrejas cita interesses particulares,1.0
fake agente samu morreu reação vacina contra covid,0.0
homem espancou filhas vídeo encontrado morto facadas boato,0.0
fake mensagem diz pequim xangai casos coronavírus,0.0
aumento repentino votos pró biden michigan erro humano corrigido,0.0
fake hospital homem vai fechar falta pacientes,0.0
israel bombardear recentemente biblioteca centrar cultural palestino,0.0
brasileiro anos recebe mil recompensa após ajudar facebook corrigir falha instagram,1.0
nova havan cidade vagas emprego contrata experiência boato,0.0
alexandre garcia faz texto sobre bebianno mídia verbas publicitárias bolsonaro boato,0.0
manifestação março criada disseminar coronavírus apoiadores bolsonaro boato,0.0
falso chefe gabinete flávio bolsonaro preso,1.0
mpf denuncia josé dirceu renato duque corrupção petrobras,1.0
governador piauí prorroga isolamento social estado julho,1.0
plenário stf confirma instalação cpi covid senado acontece agora,1.0
neto questiona falta critério volta futebol rio louco,1.0
reino unido oferece novos vistos cidadãos hong kong,1.0
crivella libera volta aulas praias self service esportes coletivos,1.0
falso máscaras reduzam imunidade aumentem proliferação bactérias,0.0
brasil ultrapassa mil mortes covid apenas estados divulgaram aplicaram mil doses vacina,1.0
brasil país dividido manda obedece,1.0
tre define eleições macapá dezembro,1.0
bolsonaro ataca biden cita cobiça sobre amazônia diz aceitar suborno,1.0
programa bial vai falar hoje sobre julgamento bolsonaro boato,0.0
órgão ministério justiça notifica supermercados alta preços,1.0
após sequência empates segunda turma fachin propõe discutir regra beneficia réus,1.0
fiocruz foco vacinar menos população controlar pandemia,1.0
vacina covid causa câncer danos genéticos homossexualismo,0.0
ampliação rodízio veículos paulo vai incluir diversas avenidas boato,0.0
dados preliminares estudo britânico identificam remédio pode reduzir mortes pacientes graves covid,1.0
exército brasileiro determina voto impresso eleições boato,0.0
paulo abstenções votos brancos nulos segundo turno,0.0
bolsonaro poderá esconder atrás trump diz diretora greenpeace,1.0
segunda dose vacina covid deve tomada prazo,1.0
grécia israel fecham acordo receber turistas vacinados,1.0
prefeitura fecha serviço usuários drogas cracolândia,1.0
pesquisa datafolha aponta queda adesão vacinação contra covid,1.0
reforma tributária etapa futura vai prever taxação seletiva cigarro bebida diz assessora,1.0
jogar cerveja ralo temor pubs britânicos novo lockdown,1.0
morador indaiatuba drone fogo artifício parir acabar festa,0.0
coronavírus oms diz acompanhando nova mutação autoridades reino unido,1.0
fake político jogado esgoto cumprir promessas campanha,0.0
gentil outras pessoas pode fazer viver,1.0
coronavírus câmara aprova governo federal poder restringir circulação pessoas,1.0
bergamo itália pagará euros famílias vítimas covid,1.0
meio investigação estratégia palaciana destacar troca prerrogativa presidencial,1.0
fake foto mostre multidão protesto contra isolamento berlim,0.0
diagnóstico positivo doria covid indica ineficácia coronavac,0.0
pacheco desordeiros negacionistas vão pautar povo brasileiro,1.0
confederação israelita repudia comparação nazismo feita mario frias,1.0
fake vídeo mostre mulher sendo agredida baixada fluminense após votar candidato confrontada,0.0
prefeitos dizem pronunciamento bolsonaro tenta eximir presidente atribuições chefe estado,1.0
gritos deputado ataca decreto isolamento ameaça agentes maceió,1.0
walmart agora big bompreço vagas emprego whatsapp boato,0.0
membros comitiva viajou bolsonaro eua fazem teste novo coronavírus,1.0
presidente países leste europeu vacinou agulha boato,0.0
fake texto sobre pandemia medo escrito lewis,0.0
covid lições brasil pode aprender segunda onda casos europa,1.0
unicef sugeriu pornografia pode positiva crianças,0.0
papa francisco conduz novamente cerimônia via sacra vaticano esvaziado pandemia,1.0
uninove oferece tratamento odontológico grátis site whatsapp boato,0.0
mãe flagrar duende filmar filhar santo,0.0
jesus flamengo messias executivo diz bolsonaro,1.0
denuncia alckmin suspeita corrupção lavagem dinheiro,1.0
salles cita parques nacionais dizer privatizar tudo puder,1.0
ataques ceará caos planejado lula josé dirceu curitiba boato,0.0
covas oposição bolsonaro cabe bancada psdb câmara senado,1.0
gráficos comprovam brasil próximo imunidade rebanho,0.0
projeto autonomia banco central prevê indicação diretores mercado financeiro,0.0
juíza rondônia suspendeu venda terra indígena ong irlandesa boato,0.0
capital leitos uti ocupados municípios vagas,1.0
idade infelizes segundo ciência,1.0
nigeriano tornar jovem médico mundo ano idade,0.0
stf ministros unem devem confirmar plenário decisão prender deputado,1.0
vambora amor coração escreve regina duarte dizer entrará governo,1.0
áudio suposto médico hospital rio janeiro defende fim quarentena informações falsas,0.0
terço governo quer remanejar cortes educação,0.0
rio atendimento crianças jovens depressão pós covid,1.0
bolsonaro ataca lula diz critica mente desinforma,1.0
fake voluntária tomou coronavac sido entubada barretos após choque anafilático,0.0
anitta ironiza sobre namoro diz gui irá embora antes semanas,1.0
ovnis fazem círculos luz céu caxambu mostra vídeo boato,0.0
lenovo china comprou positivo vai cuidar urnas eletrônicas eleições boato,0.0
tse faz acordo agências checagem combater informações falsas eleição,1.0
ministro tcu terceiro integrante cpmi petrobras ligado propina,1.0
fake nóis bolsonaro fez tudo obra,0.0
fábio assunção chama doria canalha defende bolsonaro critica isolamento social vídeo boato,0.0
bolsonaro área ambiental governo perdeu servidores,1.0
whatsapp deu prejuízo usd dois anos tirado boato,0.0
fux perde força decisão ministros stf atuarem recesso,1.0
interpol descobriram paulo coelho nunca vendeu quantidade livros divulgada boato,0.0
damares brasil precisava presidente macho contra violência doméstica,1.0
festa virtual comida delivery raro reencontro especialistas contam dia mães,1.0
discoteca gay lima peru reabre supermercado causa pandemia novo coronavírus,1.0
menino indiano prever coronavírus antar pandemia,0.0
vai funcionar vacinação contra coronavírus brasil segundo governo,1.0
fake mensagem fala abono emergencial natal,0.0
estudo identifica casos síndrome guillain barré associados covid,1.0
governo confirma milhões vacinas consórcio internacional maio,1.0
rendimentos todos trabalhadores caíram novembro aponta ipea,1.0
motociata promovida bolsonaro gerou renda milhões,0.0
casos covid casa branca complicam mensagem trump seguro voltar trabalho,1.0
fake texto manda beber água quente evitar coronavírus,0.0
josias capitã cloroquina versão saia presidente bolsonaro,1.0
anvisa autoriza fiocruz produzir ifa insumo vacina astrazeneca,1.0
cartão atacadão negativados disponível site whatsapp boato,0.0
jogadores nba aceitam redução salários durante pandemia,1.0
fundo eleitoral repartido partidos boato,0.0
hackers fazem ligação próprio número celular clonar telefone boato,0.0
governo santa catarina municípios estado devem informar execução orçamentária março,1.0
ministro defesa forças armadas estarão lado lei democracia,1.0
reforma tributária deve vir antes autonomia câmara diz maia,1.0
justiça manda secom retratar chamar herói acusado tortura,1.0
chino executar contaminar pelar coronavírus,0.0
senado aprova nova ampliação atuação codevasf,1.0
pacientes lúpus imunes novo coronavírus,0.0
afirmações falsas doutor petrella vídeo sobre covid,0.0
detran vai multar punir pontos dirigindo máscaras boato,0.0
maria flor ganhou milhões lei rouanet boato,0.0
filho dono água sanitária dragão xinga nordestinos vídeo boato,0.0
pai sertanejo cauan alta uti após quase duas semanas internado,1.0
província china vacinou mil pessoas contra novo coronavírus,1.0
mesário flagrar preencher voto ilegalmente parir joe biden,0.0
ministério saúde fecha acordo pfizer janssen milhões doses vacinas covid,1.0
lula recebido recife sob gritos ladrão chegou mostra vídeo boato,0.0
médicos provaram vacina precisa anos pesquisa segura,0.0
supostos crematórios enviados países durante pandemia equipamentos industriais,0.0
vacinas contra covid usadas brasil passaram testes segurança contrário diz deputado,0.0
coronavírus mundo onde casos subindo onde caindo,1.0
morte voluntário relacionada alterações neurológicas causadas vacina,0.0
lula agora vai resguardar entrar varejo luta política,1.0
fake padre marcelo empurrado após atacar mulheres,0.0
washington post confirma infecção coronavírus surgiu laboratório wuhan boato,0.0
frança vacinação usa ivermectina hidroxicloroquina boato,0.0
fake vídeos mostrem pessoas passando agentes saúde contaminar população,0.0
neta vocalista narazeth dan mccafferty canta love hurts homenagem avô boato,0.0
aliado bolsonaro pacheco elege presidente senado turno,1.0
notícia manipulada colocar brasil economia mundo,0.0
veja novos ministros assume novas pastas após reforma bolsonaro,1.0
nota oficial governo paulo dicas sobre covid coronavírus fala sobre fechamento fronteiras boato,0.0
variante brasileira pode virar monstro diz governadora italiana,1.0
cientista oms vai condenada morte recomendar ivermectina boato,0.0
registram panelaços durante anúncio demissão teich,1.0
veja íntegra dito live bolsonaro hoje,1.0
obstetra coronavírus faz grávidas serem isoladas argentina,1.0
bem ivermectina pílula mágica contra covid,1.0
país vai explodir propostas votadas diz maia,1.0
vasco prepara volta treinos aguarda sinal verde prefeitura,1.0
crianças menos propensas covid,1.0
vacina pfizer faz mortalidade covid aumentar israel boato,0.0
brasil investe recursos pesquisas estudos sobre gênero,0.0
lewandowski nega ptb audiência sobre obrigatoriedade vacinação,1.0
lula negou deixar flores museu holocausto jerusalém boato,0.0
fedex samsung galaxy grátis compartilhar link whatsapp boato,0.0
deputado mostra dados enganosos sobre mortes outras doenças pandemia,0.0
fake crianças morreram senegal após receber vacina contra covid,0.0
guia turismo sueco oferece marchas contra peste estocolmo,1.0
doria fábrica butantan começa produção industrial coronavac,1.0
casos coronavírus eua passam milhões diz universidade,1.0
exaltar bolsonaro vídeo omite várias gestões tocaram transposição,0.0
fake vídeo mostre doria joice hasselmann dançando festa meio pandemia coronavírus,0.0
site distorce notícia australiana alegar china testou coronavírus arma biológica,0.0
projeto bolsonaro plantar confusão colher caos social,1.0
documento prova bolsonaro venceu turno fraude eleições boato,0.0
veto perdão dívidas igrejas alta arroz bolsonaro contra homens maus thaís oyama,1.0
ibge garante vai conseguir divulgar taxa desemprego abril,1.0
redução multa fgts valerá jovens deverá contrato,0.0
ceasa belo horizonte desabastecido causa quarentena coronavírus boato,0.0
covid mil mortes constrangimento brasil diz gilmar mendes,1.0
jardim tibet himalaia floresce cada anos traz sorte boato,0.0
menino arthur neto dono marisa lula,0.0
previsão retorno semana presidente sbt apesar projeto,0.0
índio acorrentar militar durante construção transamazônica,0.0
fiocruz alinhada traficantes esquerda controlar ministério saúde boato,0.0
mutação coronavírus oito coisas precisa saber sobre nova variante covid,1.0
políticos oposição criticam jair bolsonaro intimidação jornalista,1.0
reforma deve rever benefícios imposto renda diz secretário,1.0
covid gilmar mendes apoia paga logo cobra governo sobre,1.0
casal bandidos kombi vem passando funcionários sabesp assaltar casas,0.0
apesar tombo recente investidor ainda hesita ver preços atrativos mercado brasileiro,1.0
vivara dando mil alianças grátis site whatsapp boato,0.0
arrecadação federal cai junho pior mês anos,1.0
ligação telefone sobre vacina golpe hackear celular boato,0.0
pcdob sugere projeto legaliza casamento pais filhos incesto poliamor boato,0.0
lula fhc dilma farão discursos ato maio sindicatos,1.0
mercados abastecidos preparados alta demanda diz associação,1.0
ciro sobre aliança moro fascista huck apresentador doria mentiroso,1.0
enganoso expor população melhor contra pandemia vacinação,0.0
batman apareceu manifestantes pró trump washington filadélfia,0.0
mourão diz desconhecer plano controle ongs conselho preside,1.0
existe estado mínimo ministros precisam rever posições diz kassab,1.0
joão doria votar umar máscara bandeiro chino,0.0
dra marcela pereira médica infectologista conduz estudo sobre cloroquina covid boato,0.0
índios prendem incendiários ongs enquanto membro mst preso incendiando floresta boato,0.0
bolsonaro copiou slogan collor usou eleição presidencial,0.0
ficha integrantes cpi covid inclui ações iniciadas outras homônimos,0.0
dia campanha vacinação crianças adolescentes acontece hoje,1.0
covid bolsonaro muda discurso diz apoiadores pode tomar vacina,1.0
delivery vendas vizinhos setor alimentação adapta resistir pandemia,1.0
luis fernando verissimo autor texto fim árvore genealógica boato,0.0
fake vídeo mostre projeto ponte sobre rio xingu,0.0
coronavírus médico anos continua visitando pacientes apesar pandemia,1.0
tuíte diz matemática aceita fake news erra comparar salários,0.0
cidades registram carreata defesa bolsonaro neste domingo,1.0
globo vai entrevistar lula hoje jornal nacional boato,0.0
pelé diz fez brasil sérgio moro boato,0.0
almanaque féria relembrar algum vídeo publicar instagram,0.0
esquema três poderes levou afastamento witzel aponta mpf,1.0
atenção pessoa síndrome down tema curso oferecido ministério saúde,1.0
covid pfizer biontech vão vender doses vacina japão,1.0
amazon pede justiça eua interrompa contrato microsoft pentágono,1.0
doria votar máscara estampada bandeira chinesa,0.0
bayer basf condenadas eua pagar milhões agricultor,1.0
saúde admite frustração adiamento dados completos coronavac,1.0
dirigir máscara proteção contra covid figura infração trânsito,0.0
casal vegetariano adotou brócolis filhar carnar osso,0.0
vale combustível petrobras divulgado redes sociais golpe,0.0
joice hasselmann recebe alta após diagnosticada covid deve ficar isolamento diz gabinete,1.0
general pujol diz pandemia maiores crises vividas brasil,1.0
lázaro barbosa aparece foto lula filiado boato,0.0
veja bolsonaro mente dizer supremo imobilizou pandemia,1.0
falso enfermeira recebeu primeira dose coronavac imunizada,0.0
butantan reforçará dados sobre aplicação coronavac evitar perdas,1.0
foto mostra cisnes rosados chegando canal veneza itália boato,0.0
joice projeta turno quadro tragédia,1.0
plano biden conter mudanças climáticas inclui consumo carne estados unidos,0.0
fake imagem mostre homem morto cidade deus fuzil mão,0.0
investir saúde solução crise social econômica diz pesquisador,1.0
eleições lista tcu pode barrar contas irregulares,1.0
fake foto mostre morador rua cachorro mortos frio cidade,0.0
maia cumpre dever rebater boçalidades ditas bolsonaro fux silencia,1.0
alexandre moraes volta atrás permite posse alexandre ramagem boato,0.0
casal caçadores atacado leão após posar foto animal morto boato,0.0
psol pede afastamento filipe martins gesto controverso senado,1.0
medo coronavírus preso deixa cadeia prezando saúde,1.0
após decisão judicial ministério divulga dados sobre violência policial excluídos relatório,1.0
nasa avisar vassourar ficar equinócio,0.0
manaus perdida diz pesquisador pede envio missão internacional,1.0
orçamento vira salve puder,1.0
ativista greta thunberg grava vídeo após apelo prefeito manaus,1.0
feriadão rio cariocas descumprem isolamento fazem festa lotam praias,1.0
escola especializada autismo gonçalo vazia falta procura boato,0.0
abc segue capital libera reabertura concessionárias escritórios,1.0
fake áudio diz einstein internados coronavírus sírio dobro disso,0.0
mara gabrilli apresenta projeto autoriza sessão virtual cpi,1.0
vírus gambarelli whatsapp gold novas ameaças telefones boato,0.0
capacete bolsonaro carona moto luciano hang ministro tarcísio freitas,1.0
fake foto mostra cleo usando camiseta inscrição crítica moro,0.0
contrário afirma deputado estudo vencedor nobel prova eficácia ivermectina contra covid,0.0
fake bolsonaro criou lei transformou dia bruxas dia evangelho,0.0
mandetta trocas ministros ritmo contágio covid ajudaram aumentar casos doença brasil,1.0
maranhão registra pacientes recuperados covid,1.0
cacique raoni transferido hospital após piora estado saúde,1.0
prefeitos esvaziam comprimidos cloroquina provar remédio funciona boato,0.0
excesso sal pode diminuir capacidade realizar tarefas simples aponta estudo,1.0
bolsonaro nega interferência petrobras dia após indicar presidente,1.0
baixa adesão campanha vacinação contra pólio termina sexta feira,1.0
falso marcelo crivella lidere última pesquisa prefeitura rio,0.0
navio greenpeace chegou nordeste após vazamento óleo,0.0
fake vídeo mostre reportagem sobre idosa morta após vacina contra covid,0.0
dia prova unicamp aluno barrado suspeita covid,1.0
vídeo prova papa francisco besta apocalipse boato,0.0
foto umar menino máscara segurar coala verdadeiro falso,0.0
gugu liberato morre vítima infarto anos boato,0.0
espírito santo morte coronavírus homem anos,1.0
fake beneficiários bolsa família vão ganhar comprar produtos limpeza máscaras contra coronavírus,0.0
veja fato fake declarações ministro marcelo queiroga cpi covid,0.0
foto leão rua tirada áfrica sul relação pandemia novo coronavírus,0.0
saúde definir semana vem ofereceremos vacina estados diz doria,1.0
substituir chip exclui informações armazenadas celular vender aparelho segurança,1.0
confirma autorização comércios bares academias abrirem,1.0
estranho máscara cônicas méxico durante gripar espanholar,0.0
mulher auxílio emergencial negado morta,1.0
vivo desconto fatura conta paga pix cnpj descrito sms boato,0.0
nubank faz aniversário envia cartões crédito consulta spc boato,0.0
fake vídeo mostre centrão tentando derrubar reforma previdência bolsonaro,0.0
prejuízo doenças cigarro deve crescer brasil pandemia,1.0
médico curado covid emociona ver pôr sol após dias internado goiânia,1.0
voluntário morreu covid tomou vacina oxford boato,0.0
inca precisa doação toucas tricô crianças internadas boato,0.0
polícia apura suposto uso nebulização hidroxicloroquina idosa morreu,1.0
papa francisco visitará brasil congregação cristã ccb boato,0.0
usando seringas vazias vender vacinas mercado negro prova vídeo boato,0.0
jazzista ellis marsalis morre anos vítima coronavírus,1.0
pec imunidade vai comissão debatida ajustada diz lira,1.0
nicolelis vacinação milhões pessoas dia ano,1.0
brigadistas icmbio colocam fogo mata pantanal prejudicar bolsonaro boato,0.0
cientista brasileiro descobrir proxalutamida curar covid,0.0
umar mulher engravidar sabonete cunhar,0.0
tipo sanguíneo genes ligados risco covid grave diz estudo,1.0
metade pacientes internados uti covid sus morre,1.0
parir lançar almanaque féria parir criança comparar bolsonaro nazista,0.0
aviões pandemia pátio aeroporto vira grande cinema drive,1.0
trevisan bolsonaro fala contra isolamento vai contra economia,1.0
cerimônia vergonha planalto marcou passagem bastão saúde,1.0
localiza hertz vagas emprego site whatsapp boato,0.0
falsar urna eletrônicas fraudar parir prejudicar carlos bolsonaro,0.0
patrimônio jair bolsonaro aumentou milhões dez anos,0.0
coronavírus neymar marquinhos perderão clássico têm volta incerta,1.0
algum antigo sacrificar mau político parir combater pandemia,0.0
armar energia dirigir iraque causar megaexplosão beirute,0.0
covid receio justificável efeitos adversos vacina atrapalha campanha imunização,1.0
dilma escreve carta temer após prisão presidente boato,0.0
fake critério mudou doses vacina contra covid enviadas municípios acordo cadastros site vacina,0.0
filho apresentador band belém pará morto causa celular boato,0.0
correção inflação dólar sob bolsonaro caro desde plano real,0.0
coronavírus brasil país mortos casos oficiais,1.0
vídeo mostrar berinjela cheio escorpião verdadeiro falsar,0.0
três países têm vacinados casos confirmados covid,1.0
após pressão governo câmara mantém veto congela reajuste servidor,1.0
cidades austrália nova zelândia saem lockdown após zerarem novos casos coronavírus,1.0
governador pará hélder barbalho escondeu toneladas cloroquina galpão boato,0.0
paciente infectado cepa indiana piora intubado,1.0
governo zera iof sobre crédito adia entrega declaração irpf anuncia novo diferimento tributos,1.0
bolsonaro insulta daniela lima apresentadora cnn brasil quadrúpede,1.0
antropólogo preso terra indígena esquerda boato,0.0
tecnologia causou morte centenas pássaros causa radiação boato,0.0
jornal globo faliu parque gráfico entregue prefeitura duque caxias boato,0.0
novo vai redes dizer decisão formada sobre impeachment,1.0
pesquisa dezembro ibope bolsonaro aparecia aprovação,0.0
reino unido relata número diário recorde mil casos coronavírus,1.0
modo escuro whatsapp disponível usuários versão beta,1.0
times aterrorizados apoiar retomada futebol diz gary neville,1.0
carlos alberto apresenta praça casa primeira vez,1.0
forte onda calor fará fevereiro mês quente história boato,0.0
contágio novo coronavírus cai china país mortes,1.0
queimadas amazônia governo ideia atacando entrevista,1.0
vídeo mostra avião israelense apagando incêndio amazônia brasil boato,0.0
lady gaga pede tim cook doa milhões combate coronavírus,1.0
fake vídeo mostre execução cometida policiais jacarezinho,0.0
cpi covid detalha falhas pandemia torna obstáculo reeleição bolsonaro dizem analistas,1.0
trecho texto anvisa sobre evidências uso máscaras retirado contexto,0.0
deputados pedem maia retomada virtual comissão pec instância,1.0
fake loja carrefour brasil destruída grande incêndio protesto assassinato joão alberto,0.0
turma stf decide lei anticrime beneficia denunciado estelionato,1.0
ative videochamadas whatsapp grátis convite boato,0.0
pib francês recua trimestre pior resultado desde,1.0
brasil supera mil casos coronavirus mil óbitos,1.0
saiba limpar celular evitar torne foco coronavírus,1.0
menino cogitar matar causar bullying adulto ano,0.0
decisão tribunal superior eleitoral sobre inelegibilidade lula,0.0
semáforo paulo punho cerrado homenagem comunismo boato,0.0
pandemia registra pior dia mil mortes quase mil casos,1.0
esposa aécio neves grava áudio sobre bolsonaro reforma política brasil boato,0.0
carteiro ladrão procurado assaltar pessoas compartilhe foto boato,0.0
enganoso post facebook sobre morte médico covid após tomar vacina,0.0
covid bate recorde média móvel mortes cidades têm leito uti,1.0
faculdade unipec paulo usa fotos ministros stf outdoor boato,0.0
bolsonaro diz idoso presta pra gastar farmácia boato,0.0
ator indiano amir khan doar pacote quilo farinha rúpia,0.0
uol folha sabatinam jilmar tatto martha rocha rio,1.0
ministério saúde orienta estados sobre medidas preventivas função nova variante sars cov,1.0
fake ministro stf ayres britto publicou carta pública fala moro infiltrado governo conspiração,0.0
delegados depoimento evidenciou ramagem eminência parda órgão,1.0
alemanha prorroga regras distanciamento social junho,1.0
chrome recebe nova atualização corrigir falha segurança dia zero,1.0
stf relator envia plenário ação pede medidas contra fogo pantanal,1.0
fake nostradamus fez profecia novo coronavírus livro,0.0
paes ironiza carioca ruas dia superferiado tudo normal,1.0
china mata pessoas recusam tomar vacina contra covid boato,0.0
vídeo mostra lula sendo expulso bahia protesto rio grande sul,0.0
amazônia post usa foto antiga madeireiros acusar ongs incêndios,0.0
conmebol agradece bolsonaro cbf abrir portas brasil copa américa,1.0
câmara aprova texto principal reestrutura embratur trata leasing aéreo,1.0
nada celebrar dia combate corrupção,1.0
fake mensagem diz placa mercosul vai destinar dinheiro entidade cuba,0.0
anuncia doação milhões doses vacinas contra covid,1.0
márcio frança vota colégio itaim bibi paulo,1.0
instagram expande função aproxima rede social tiktok,1.0
fake fórmula caseira maçã inhame água coco proteja coronavírus,0.0
foto ivete sangalo marido rodeados pessoas anterior pandemia,0.0
china confirma novas mortes novos casos coronavírus,1.0
estranho criatura flagrar umar árvore nicarágua seriar demônio,0.0
boa vista turno arthur henrique ottaci,1.0
sertanejo mariano dupla munhoz coronavírus,1.0
pfizer anunciou acordo microsoft sátira artigo sobre chip vacina covid,0.0
pintura imitar estrar motorista bater murar verdade,0.0
adidas dando sapatos camisetas máscaras causa aniversário boato,0.0
fake entrou ação stf impedir redução preço gás,0.0
vacinas sendo aplicadas seringas agulha boato,0.0
flamenguista doando esposa troca ingressos libertadores boato,0.0
falso polícia prendido enfermeiro impostor hospital onde bolsonaro internado,0.0
bolsonaro ajudou número mortos covid explodir brasil diz revista paris match,1.0
escolas estaduais terminam ano letivo aulas recomeçam fevereiro,1.0
donald trump umar camisa parir bolsonaro,0.0
mobilização dia internet deixa poderosos congresso judiciário preocupados boato,0.0
coronavírus eua têm mortes casos confirmados,1.0
lei furar fila vacina sugere acordo sujo bolsonaro congresso,1.0
méxico eua prorrogam restrições fronteira mês devido covid,1.0
motoqueiros brasil lançam nota repúdio omar aziz defesa bolsonaro boato,0.0
gabinete covid questiona ministério sobre uso cloroquina,1.0
fake vídeo mostre mãe mortos jacarezinho segurando brincando fuzil,0.0
servidor palácio planalto morre covid,1.0
londres perdendo população êxodo precedentes,1.0
grupo air france klm perde bilhão euros trimestre devido coronavírus,1.0
mundial clubes china deve ficar diz jornal espanhol,1.0
promotor mandar prender garoto ano atirar invasor suar fazenda,0.0
coreia sul confirma primeiro caso nova pneumonia,1.0
missionários irmã gislaine outros condenados morte afegãos islâmicos boato,0.0
mangueira vai falar mal jesus cristo samba enredo carnaval boato,0.0
máscaras china vindo número marca besta brasil boato,0.0
criança atravessar diariamente rir saco plástico verdade,0.0
gil diniz douglas garcia dizem perseguidos psl apoiar bolsonaro,1.0
empresas frança fazem equipamentos proteção contra coronavírus,1.0
verdade globo expulso japão mau parir futuro geração,0.0
semanas continuo forças síndrome fadiga crônica causada coronavírus,1.0
deputadas psol denunciam deputado novo associá las crime,1.0
guiar humoristicamente macabro sobrar amputação realmente autêntico,0.0
joão pessoa ibope aponta cícero nilvan,1.0
eleição desta terça maioria independentes reduz espaço aras conselho superior,1.0
annita nitazoxanida descoberta cura covid coronavírus boato,0.0
brasília desconhece gravidade crise vivemos diz economista,1.0
fake vídeo mostre toffoli comemorando festa após decisão stf contra prisão segunda instância,0.0
aulas economia entender brasil transformá,1.0
paulo bom exemplo neste momento diz vice presidente fpf,1.0
butantan enviará resultados testes coronavac anvisa diz doria,1.0
dilma pede michelle bolsonaro potes tupperware palácio alvorada boato,0.0
torre eiffel reabre homenagem vítimas covid mostra vídeo boato,0.0
charge criticar trans suzy oliveira feito pelar cartunista carlos latuff,0.0
pressão cpi carlos bolsonaro retoma comunicação aconselha jair radicalizar discurso,1.0
vacinará pessoas deficiência comorbidades partir anos,1.0
web teorias conspiração apontam china eua criadores covid,1.0
coronavírus ciência diz sobre uso cloroquina contra covid,1.0
fake news envolver explosão líbano,0.0
segurança acusado assassinato atirar homem máscara eua,1.0
luciano hang havan anuncia doação cilindros oxigênio manaus boato,0.0
multar parir máscara carro verdade,0.0
senadores pedem dados sobre rebanhos pantanal tereza cristina,1.0
homem pateta chamado jonathan galindo psicopata induz crianças suicídio boato,0.0
basílica aparecida reúne pessoas missa páscoa após liberação cerimônias religiosas,1.0
fake vídeo mostra deputado marcando presença colegas câmara,0.0
eleições passo passo votar segurança,1.0
amor quarentena após dias namoro online viram vivo,1.0
tuíte usa afirmações falsas médico canadense negar pandemia,0.0
luciano hang dono havan internado covid paulo,1.0
saúde anuncia novos leitos uti covid custo milhões mês,1.0
eduardo bolsonaro exalta encontro netanyahu erra uso máscara,1.0
economia aceita volta auxílio quer atrelar medida corte gastos,1.0
mulher alegar encontrar artefato alienígena eua verdade,0.0
ambev dando canecas carnaval grátis site whatsapp boato,0.0
falso pesquisadores harvard concluíram isolamento pode piorar situação,0.0
animação the midnight gospel ajuda atravessar pandemia,1.0
fake foto mostre césar tralli patins máscara orla rio meio pandemia,0.0
imagem surfista detido descumprir medidas isolamento feita costa rica,0.0
união estado devem regularizar insumos combate covid,1.0
carta psicografada alex bardonnie revela data fim pandemia coronavírus boato,0.0
filmar sobrar marighella wagner mouro milhão lei rouanet,0.0
convenção republicana trump onipresente tentar recuperação pesquisas,1.0
pazuello ganha aparência boi piranha,1.0
foto mostra luiz fux ministro stf beijando pés adriana ancelmo mulher sérgio cabral boato,0.0
fake software urnas eleitorais pode manipulado estrangeiros detêm código equipamentos,0.0
desenganado médicos diz juiz recuperado covid após dias internado,1.0
contraído covid dias antes eleições municipais proibido votar,0.0
homem fez segurança lula atacou manuela ávila vídeo boato,0.0
falsa corrente fala etapa máxima infecção novo coronavírus abril,0.0
umar estranho criatura espalhar pânico cidade ilhéu bahia,0.0
brasil mortes covid últimas supera mil óbitos,1.0
melancia vendida brasil contaminada chineses coronavírus boato,0.0
trump sugere combater covid desinfetante,1.0
marta temido ministra saúde portugal dicas sobre covid boato,0.0
confira boatos sobre eleições verificados comprova,0.0
ritmo treino fla bate boavista pode campeão antecipado,1.0
bolsonaro pede pacto nacional preservação vida empregos,1.0
libera milhões doses coronavac ministério saúde,1.0
exame sorológico prova vacinas deixam proteger,0.0
surto sarampo continua casos aumentam paulo,1.0
texto sobrar morte umar geração pertencer escritor augusto cury,0.0
itália encontrou cura covid outras afirmações falsas mensagem viral,0.0
astrazeneca reúne anvisa define prazo pedir registro vacina contra covid,1.0
pede fim bloqueios reino unido evitar desabastecimento,1.0
cédulas enterradas eua haviam sido preenchidas devolvidas antes votação,0.0
lixo migra rua casa quarentena veja dicas reduzir resíduos,1.0
brasileiro inventou carro movido água faz litro boato,0.0
querem devassa estados cpi competência nisso diz petista,1.0
avatar facebook culto demônio hinduísmo boato,0.0
pandemia deixa milhões trabalhadores remuneração maio,1.0
bolsonaro responde joe biden mencioná debate lamentável,1.0
márcio rocha operador nasdaq critica cobertura mídia relação coronavírus boato,0.0
homem recebe auxílio emergencial milhões eua,1.0
ursene estados nordeste unem formam república socialista boato,0.0
após guedes cobrar bndes diz verba micros depende ministério,1.0
verdade fábricas trocando argentina brasil,0.0
fake fotos mostrem governador ronaldo caiado sendo agredido goiás,0.0
rio mortes coronavírus segundo dia seguido,1.0
neymar doou milhão lucas penteado bbb boato,0.0
página usa texto janeiro louvar feitos governo bolsonaro,0.0
roberto klaus médico virologista albert einstein diz coronavac imuniza vacina muda dna ivermectina eficaz boato,0.0
armar população desqualificar papel forças armadas diz jungmann,1.0
vídeo mostrar ônibus manobrar beirar precipício verdade,0.0
filho bolsonaro renan vai ganhar mil consultor secretaria cultura boato,0.0
legalizar incesto poligamia insanidade diz deputado após fake news,0.0
refugiados brasileiros ajudam aliviar efeitos pandemia sobre vulneráveis,1.0
codevasf área atuação ampliada vai operar estados,1.0
crivella quer agora pesquisa popular definir réveillon copacabana,1.0
joe biden recebe dose vacina contra covid,1.0
deputado luiz martins preso corrupção rio boato,0.0
itália muda critério contar casos coronavírus,1.0
relembrar fake news envolver nome ayrton senna,0.0
lava jato lewandowski amplia acesso lula delação odebrecht,1.0
drama petrobras bom sinal pro brasil diz agência internacional,1.0
vacinação crianças despenca pandemia volta aulas preocupa,1.0
fake uso máscara aumenta taxa cérebro risco trombose altera flora boca intestino,0.0
doria volta atacar bolsonaro vacina vira costas butantan,1.0
samuel jackson adapta livro grita fiquem casas,1.0
saraiva diz salles fez pseudoperícia legitimou ação criminosos,1.0
médico usa dados enganosos sugerir conspiração sobre covid,0.0
coisa bundão explicar dinheiro queiroz mulher diz major olimpio,1.0
vídeo distorce dados sobre queimadas amazônia,0.0
jovem adesivou carro simular autoescola dirigir ano cnh,0.0
vacinas evitam mortes minuto poupam milhões dia,1.0
ibope abilio emanuel pinheiro marca turno cuiabá,1.0
igreja universal vender álcool ungir gel,0.0
rita mundim grava áudio defendendo bolsonaro pedindo fim quarentena boato,0.0
justiça solta acusado matar idosa anos pauladas maranhão boato,0.0
ashley biden revela diário abusada joe biden infância boato,0.0
estrear fake nóis fake news sobrar tomar pino,0.0
trem dois andares brasil relação governo bolsonaro,0.0
rachel rodriguez presa texas eua funcionária eleitoral biden boato,0.0
países atingidos covid têm apenas casos importados doença,1.0
fake hospital central polícia militar rio pacientes internados covid,0.0
falta crise pânico coronavírus saiba diferença,1.0
coronavírus atual pode versão contagiosa original diz estudo,1.0
mourão reforma administrativa pronta envio depende decisão política bolsonaro,1.0
tribunais contas têm anos anular aposentadoria servidores decide stf,1.0
fake imagens mostrem saque supermercado salvador durante medidas isolamento social,0.0
governo criou programa vote casa eleições boato,0.0
médica escreve filhos durante pandemia quero saibam tentei,1.0
nelson mandela convidou homem torturou almoçar boato,0.0
ministro stj suspende investigação sobre presidente corte,1.0
bolsonaro contraria ministério saúde faz tour ruas,1.0
cronograma vacinação contra covid veja datas escalas faixa etária,1.0
morte coronavírus cair manaus visitar ministrar saudar,0.0
ivermectina descoberta cura contra coronavírus covid boato,0.0
gleisi hoffmann vai camarote fortal hostilizada foliões boato,0.0
governador diz justa causa pedidos impeachment,1.0
conferência anual desenvolvedores apple apenas line,1.0
coisa brasil brutal bolsonaro cidade campo floresta,1.0
governo infectado vírus falta nexo,1.0
vídeo mostra desfile setembro roma música amo brasil boato,0.0
fake riachuelo anunciou suspensão comerciais globo,0.0
rio preto fecha supermercados fim semana tentar conter covid,1.0
moro crê sistema prisional relativamente seguro apesar coronavírus,1.0
coronavírus últimas notícias sabemos quinta feira,1.0
fake israel vacina contra novo coronavírus,0.0
governo passará testar covid país,1.0
urnas brasileiras hackeadas eua,0.0
homem preso atear fogo mata amazonas pago mtst,0.0
tuíte diz bolsonaro derrotaria moro eleição publicado conta satírica,0.0
fake vídeo soldado filma carro explodindo durante selfie sido feito irã,0.0
prudence lançar umar camisa sabor churro,0.0
morcegos crisântemo filmados telhado china principal fonte coronavírus boato,0.0
pai governadora professor história negava holocausto,1.0
anvisa autoriza laboratórios agropecuários fazer testes coronavírus,1.0
asteroide gigante vai bater terra abril fim mundo boato,0.0
médicos refugiados oferecem combater coronavírus inglaterra,1.0
máscaras provocam falta oxigênio causam danos coração,0.0
barragem belo monte acaba romper mostra vídeo boato,0.0
policiar francês jogar algemar chão protestar fechamento comércio,0.0
programa redução jornada salário prorrogado meses,1.0
telefone gratuito auxílio lista boato,0.0
ativistas direito humano preso tráfico drogar bahia,0.0
eua criarão linhagem coronavírus testes risco humanos diz agência,1.0
sobe total pessoas bolsonaro eua têm coronavírus,1.0
verdade filtrar cristal permitir avistar ovni invisível olhar,0.0
globoplay virá pré instalado nova linha tvs samsung,1.0
avião cai honduras missionários cristãos sobrevivem queda boato,0.0
martinelli owande criticam decisão stf lula acij joinville boato,0.0
lei seca anunciada governador paulo rio janeiro etc boato,0.0
fachin valida acordo pgr operador diz ter repassado verba destinada renan calheiros,1.0
instituto vencer câncer lança movimento sobre doença pandemia,1.0
esporte parece irrelevante diz eto sobre pandemia coronavírus,1.0
datafolha mostrar aprovação presidente jair bolsonaro bater recordar,0.0
episódio série vidente prever coronavírus cloroquina,0.0
fake mensagem diz médico analisou testes positivos covid detectou vírus causador doença nenhum,0.0
enfermeira primeira vacinada contra covid bolívia,1.0
witzel admite colapso saúde critica bolsonaro gripezinha,1.0
pesquisa brasileira sobre hidroxicloroquina contra coronavírus pode ter resultado semanas diz médico,1.0
emissoras globo mandaram matar bolsonaro bancam defesa adélio boato,0.0
fake nóis fase fake news envolver coronavírus,0.0
governo prorroga meses programa permite redução jornada salário,1.0
fake foto mostre agência caixa lotada após sanção auxílio emergencial,0.0
wigu animal árabe vive cemitérios grita humano boato,0.0
maratona berlim adiada devido coronavírus prova setembro,1.0
após parto bbb fica dias internada covid mioma,1.0
pilotar airbus evitar atentar terrorista argélia,0.0
ministro rogério marinho fez exame covid resultado negativo,1.0
troca comando petrobras pôs fim flerte bolsonaro mercado,1.0
post distorce informações insinuar china usará própria vacina,0.0
agu diz bolsonaro usa redes cidadão tentar afastar responsabilidade presidente posts,1.0
coisa provado moralista estridente antes tudo depravado,1.0
vida morte tempos covid realidade parece ficção,1.0
pazuello vai deixar comando região militar informa ministério saúde,1.0
podemos simplesmente abrir portas prisões diz sergio moro,1.0
descobriu erro pontiac após reclamação cliente sobre sorvete baunilha boato,0.0
soro instituto vital brazil eficácia cura covid boato,0.0
josé carlos ganhou concurso física vai representar brasil olimpíadas boato,0.0
trump diz papa fará lula respeitado boato,0.0
contrário afirma post ivermectina altas doses pode causar convulsão,0.0
fake pagamento antecipado dpvat garante desconto,0.0
enganoso fábricas fechando filiais argentina vir brasil,0.0
vídeo mostra queda estrutura supermercado assaí aracaju boato,0.0
bolsonaro volta alvo panelaços xingamentos pedidos renúncia,1.0
esquece mandetta diz bolsonaro questionado sobre ministro saúde,1.0
nunes marques arquiva ação pedia análise impeachment moraes,1.0
mortos coronavírus belgica maior taxa mortalidade covid mundo,1.0
barroso diz bolsonaro imunidade atos ilícitos improbidade pandemia,1.0
grupo senadores vai stf contra reeleição maia alcolumbre,1.0
vírus martinelli whatsapp gold vão hackear celular boato,0.0
bolsonaro disse ludhmila duvida colapso utis recusou lockdown,1.0
fake vídeo mulher diz pessoas morreram após tomar vacina contra covid país,0.0
pressão ampliar gasto gera desconforto equipe guedes temor perda credibilidade,1.0
ministro damares cervejar bock apologia sexo oral,0.0
coronavírus nunca situação oposição unidas ideal diz tebet,1.0
mst escritório bairro manhattan nova york boato,0.0
média mortes dia coronavírus prova histeria coletiva boato,0.0
meio aberturas sul casos coronavírus subirem semana,1.0
vacina precisará obrigatória pois todo mundo quer dizem médicos,1.0
frança ainda registra casos covid dia população deixa lado medidas proteção,1.0
assine petição impeachment bolsonaro compartilhando link whatsapp boato,0.0
rússia alcança milhões casos covid bate novo recorde mortos,1.0
ministro sérgio morar flagrar conversar ministrar stf alexandre moraes,0.0
fake filme chamado coronavírus previu pandemia atual,0.0
enfermeiro mata namorada médica acusá passar covid,1.0
lista veículos recuperados morro chapadão rio divulgada boato,0.0
coren anuncia enfermeiros técnicos mandados missão eua irã boato,0.0
médicos chineses chegaram itália divulgam dicas sobre novo coronavírus boato,0.0
pfizer planeja testar vacina reforço variante sul africana covid,1.0
anvisa entrega stf lista documentos faltam análise sputnik,1.0
antifa esquerda vão colocar black blocs camiseta bolsonaro agredir mulheres manifestação boato,0.0
china novos casos covid maior número desde abril,1.0
lula imitando críticos bolsa família falando mal programa vídeo,0.0
acontece após brasil anunciar casos suspeitos coronavírus elevar risco iminente,1.0
bolsonaro depara imagens lula presidente museu dallas boato,0.0
deltan dallagnol vai retirado lava jata nesta semana pede oração boato,0.0
texto usa dados falsos defender previdência chile apoiar guedes,0.0
janaína paschoal grava áudio atacando moro defendendo bolsonaro denunciando operação storm eua boato,0.0
texto engana afirmar autópsias itália indicado problema principal coronavírus,0.0
nelson mandela convidou guarda torturou prisão mesa,0.0
pneu estourar matar primar porteiro atestar óbito coronavírus,0.0
resultado exame secretaria saúde liga todos dias pessoas suspeita coronavírus goiás,1.0
marinheiros navio eua testam positivo coronavírus,1.0
foto mostra rodrigo maia toffoli alcolumbre bill blasio prefeito nova york boato,0.0
filhar governador joão dório festa parir convidar pleno quarentenar,0.0
preocupados ambiente político empresários apressam brasil eua assinar acordo comercial,1.0
membro grupar antifas agredir homem avenida paulista esquartejar mãe,0.0
bia kicis bolsonarista vai assumir comissão importante câmara,1.0
fake isolamento social faça contaminados respirarem próprio vírus aumentando assim carga viral,0.0
jeito corretar comer abacaxi gomar gomar,0.0
entidades científicas mobilizam incentivar vacinação contra covid,1.0
alexandre nardoni roger abdelmassih braço direito pcc soltos causa decisão stf beneficia lula boato,0.0
coronavírus saúde anuncia centro vigilância fronteira venezuela,1.0
dia mentira seis boatos checados fato fake continuam circular redes,0.0
personagem cascão tomar banhar pelar causar coronavírus,0.0
fernando pessoa escreveu texto começa amigos todos assim boato,0.0
bolsonaro quer editar hoje novos decretos sobre armas vida continua,1.0
ana anos trazida motorista van procurando família boato,0.0
virgína doralice anjos ganhou olimpíadas matemática vai nepal boato,0.0
análise bolsonarismo perde força país militarismo esvai paulo,1.0
médico michael yeadon vice pfizer diz vacina agente transfecção células material genético boato,0.0
flordelis chora alega inocência conselho ética processo segue,1.0
jogadores flamengo exibem camiseta haddad após título libertadores boato,0.0
fake mesário voluntário perde direito auxílio emergencial bolsa família,0.0
ministério defesa pede pgr avalie fala gilmar sobre exército,1.0
saiu comprovação científica ivermectina fda aprova uso hidroxicloroquina boato,0.0
ação uns poucos instalará temor fraqueza juízes afirma cármen lúcia,1.0
surpreendente imagem milhares aves migrando captada radar meteorológico,1.0
vídeo mostrar tirotear apreensão drogar armar baía guanabara verdade,0.0
eleitor anos precisa votar justificar boato,0.0
ministro educação abraham weintraub fez plágio fala hitler boato,0.0
coronavírus aeronáutica entrega hotel quarentena pessoas,1.0
brasil registra mortes covid chega estados atualizaram dados,1.0
senador heinze citou meme mia khalifa discurso cpi,0.0
maia ataca acm neto críticas doria fica bolsonaristas,1.0
notícia falso envolver mundo entretenimento adulto,0.0
operação verde brasil deve prosseguir fim diz mourão,1.0
celso mello aposentou stf invalidez,0.0
estudo avalia dispositivos fitbit apple watch detectam sinais covid,1.0
rodrigo maia pede prisão bolsonaro após reunião secreta alcolumbre stf boato,0.0
guedes contra ataca manter controle sobre orçamento,1.0
vai remarcar casamento causa quarentena saiba quais direitos,1.0
mandetta embolsou bilhões destinados compra vacinas contra covid boato,0.0
governo colocará figuras família imperial notas real,0.0
choveu austrália hoje incêndios apagados bombeiros comemoraram boato,0.0
bruno covas comprou mil caixões causa covid mil empilhados boato,0.0
médicos proibidos prescrever tratamentos eficácia comprovada anti covid,0.0
fake decreto presidencial obriga homens servir exército durante carnaval,0.0
especialistas restrição vacina pfizer alérgicos medida preventiva,1.0
banco mundial escolhe brasil melhor país combate coronavírus boato,0.0
american journal medicine recomendou hidroxicloroquina contra covid janeiro,0.0
arraiá prêmios mercado livre presentes site whatsapp boato,0.0
foto mostra exposição salvador chamada lindo financiada boato,0.0
quais direitos trabalhador feriados antecipados paulo,1.0
empresário usa meme caixão outdoor pedir isolamento social,1.0
post usa outras estradas afirmar exército arrumou transamazônica,0.0
vídeo mostrar esquerdo destruir asfaltar rodovia parir obter verba público,0.0
facebook youtube twitter firmam acordo anunciantes combater discurso ódio,1.0
fake foto mostre governador rio janeiro furando quarentena passear angra reis,0.0
capivara morto tiro lago sul distrito federal,0.0
indígena morreu causa vacina chinesa coronavac contra covid boato,0.0
titular dias saúde omite total mortes covid redes,1.0
desmentir foto assustador deep web,0.0
vezes eua brasil tantas mortes bebês covid,1.0
huawei presentes ano novo site whatsapp boato,0.0
china mata mil pacientes coronavírus após pedir autorização tribunal boato,0.0
redes carlos bolsonaro excluídas ordem gilmar mendes,0.0
popularidade bolsonaro despenca impeachment ainda distante,1.0
missão tiriós leva suprimentos médicos alimentos profissionais saúde indígenas norte,1.0
paulo antecipa vacinação idosos anos sexta feira,1.0
navio japão casos coronavírus china soma mortes,1.0
paro alunos rua pedir voltem aula desafio educadores contra abandono escolar pandemia,1.0
facebook admitir cometer errar censurar hidroxicloroquina,0.0
russomanno tenta evitar sombra cavalo paraguaio,1.0
uol debate vacina vai demorar briga política atrapalha combate vírus,1.0
japão confirma primeira morte covid segunda china,1.0
rafael nunes ministério público saúde faz agendamento vacinação whatsapp boato,0.0
deve retomar aulas presenciais fevereiro diz secretário,1.0
bolsonaro demite ministro defesa inicia reforma ministerial,1.0
carta bolsonaro biden oportunidade perdida diz negociador,1.0
pib zona euro sofre contração trimestre confirma eurostat,1.0
homem enterrado vivo aumentar número mortes covid boato,0.0
morre mãe perda absoluta diz médica paliativista sobre ameaça coronavírus,1.0
agência europeia medicamentos recomenda autorização vacina oxford,1.0
autoridades japão orientam gritar montanhas russas conter coronavírus,1.0
anitta disse admira homem matou hitler post twitter boato,0.0
freixo defende entrada psol bloco maia eleição câmara,1.0
brasil registra mortes motivações políticas,1.0
verdadeiro bolsonaro liberado auxílio milhões asilos,0.0
fake edição revista veja falasse covid,0.0
cristãos moçambique sendo queimados vivos rebeldes boato,0.0
fake doce turco vendido brasil pílulas causam paralisia,0.0
tesla elon musk divulga entregas recordes trimestre supera expectativas,1.0
vídeo argentina fazendo sobre covid hackeia telefone segundos boato,0.0
fake foto mostre soldados obra rio francisco durante governo bolsonaro,0.0
jbs aumenta produção eua após reabertura unidades,1.0
marco ricca segue uti lúcido respirando espontaneamente,1.0
bolsonaro diz brandão deve novo presidente vou falar guedes,1.0
bolsonaro parabeniza polícia após operação deixou mortos jacarezinho,1.0
fake vídeo mostre confronto polícia argentina razão restrições impostas pandemia,0.0
josias exército cedeu politicagem presidente livrar pazuello,1.0
polícia eua usa música filme terror alarme toque recolher,1.0
coronavírus avança presídios estados unidos alertam estudos,1.0
indulto natal libera mil presos ruas partir hoje boato,0.0
saúde distribuiu milhão agulhas seringas mato grosso sul,1.0
cai parcela idosos acima anos síndrome respiratória grave após vacinação covid,1.0
morador cruzeiro alegar covid verdade,0.0
abril seis dicas identificar mensagens falsas meio pandemia coronavírus,0.0
homem algemar soltar policiar descobrir agente fbi,0.0
pcc divulga nota repúdio após citar ligação facção boato,0.0
saiba paralisia sono problema sofrido maisa,1.0
choveu amazônia hoje cerca fogo apagado boato,0.0
globo vendeu título carnaval viradouro boato,0.0
eua tabela risco transmissão covid divulgada governo,0.0
trava redor cpi briga sujos mal lavados política nacional,1.0
hidroxicloroquina inventada médico paraense gaspar vianna boato,0.0
testemunhar joão deus morrer misteriosamente,0.0
vereador josé rainha agride repórter vivo mostra vídeo boato,0.0
espanha sacrificará quase mil visons causa coronavírus,1.0
relação vibração alta covid comprovação científica,1.0
itália registra primeiro caso mutação britânica coronavírus,1.0
mortes covid brasil maior registro óbitos ano pandemia,1.0
verdadeiro história umar boneca envelhecer comer humanar,0.0
aluno ufes recolher vário pino cocaína campus verdade,0.0
tse destranca ação penal contra perillo crimes campanha,1.0
fhc fundador oposição lula apenas teatro boato,0.0
imagens dezenas sacos cadáveres gravadas equador nova york,0.0
messina subestima déficit prefeitura sabatina,1.0
fake vídeo mostre show fogos artifício olimpíadas tóquio,0.0
cinco escolas estaduais suspendem atividades após infecções coronavírus,1.0
vídeo mostra bahia pedindo renúncia rui costa protesto boato,0.0
bolsonaro deixado cúpula clima itamaraty tenta solução,1.0
reino unido supera três milhões casos coronavírus mortos,1.0
áudio vazado suposto assessor governador ceará falso,0.0
remédio asma mostra promissor tratamento contra doença alzheimer,1.0
recursos desviados hospitais valores lei rouanet muitos captados,0.0
imagem doria tomando vacina antes uso máscara obrigatório,0.0
fake apresentadoras repórteres globo usaram vermelho após lula sair prisão,0.0
roupeiro equipe sub vasco morre complicações covid,1.0
foto prisão falso enfermeiro hospital onde ficou bolsonaro,0.0
bolsonaro acaba renunciar meio crise boato,0.0
governadores cobram governo cronograma vacinação contra covid,1.0
coronavírus ações latam despencam governo diz movimento planejado,1.0
rondônia vacinou mil pessoas contra sarampo,1.0
red bull deu positivo covid vídeo demonstra ineficácia testes,0.0
tratar guarda filhos pais separados durante quarentena,1.0
áfrica ultrapassa mil casos coronavírus mil mortes,1.0
marília arraes eleita vaga mesa disputa expôs racha,1.0
gustavo borges academia supercontrolado torce reabertura,1.0
resultados testes vacina oxford devem entregues ano diz cientista,1.0
karol conká fuma cigarro maconha durante edição bbb mostra vídeo boato,0.0
covid voltar treinar corpos sendo empilhados diz rizek,1.0
fake print mostra telegram admitindo alteração textos mensagens hackers,0.0
marcelinho reclama mesquinhez críticos após reunião bolsonaro,1.0
post cápsula vazia prova conspiração contra cloroquina,0.0
conselho recomenda revogação portaria funai abre brecha contato índios isolados,1.0
foto mostrar presidente trump segurar bandeiro brasil real,0.0
ceo euro exim bank disse ciclistas desastre economia boato,0.0
primeiro debate presidencial estados unidos verificado,0.0
agência espacial brasileira zera orçamento inpe pesquisa,1.0
verdade boicote brasileiros fez compras china caírem,0.0
bolsonaro indica tenente coronel reserva cargo diretor anvisa,1.0
entenda centrão bloco câmara bolsonaro tenta aproximar,1.0
site pacote internet compartilha whatsapp boato,0.0
população china vacinada contra covid precisou fazer lockdown boato,0.0
arthur lira evita anunciar candidato bolsonaro alfineta maia,1.0
michelle bolsonaro intervém favor animais atingidos brumadinho boato,0.0
goiás recebe mil doses vacinas covid,1.0
falso urnas eletrônicas fabricadas venezuela,0.0
freixo pede tcu bolsonaro investigado orçamento secreto,1.0
conselho quer saber jairinho ligou castro após morte henry,1.0
festa joão vira delivery drive thru cidade interior paulista,1.0
facebook instagram proibir emojis berinjela pêssego,0.0
fake itamaraty alterou regras apenas agora bagagens tripulação comitiva presidencial podem revistadas,0.0
fake vídeo mostra multidão protesto contra morte bahia,0.0
falso vídeo mostre sabotagem governo ceará canal inaugurado bolsonaro,0.0
homem fica mês caverna após ter sido atacado urso boato,0.0
russomanno tenta reunir voto bolsonarista,1.0
membros agricultura reúnem chineses falar frango covid,1.0
lula pede licença stf tirar lua mel dubai janja boato,0.0
registros online violência doméstica crescem veja funcionam,1.0
sargento guarda bolivariana atira coronel desobedece ordem maduro venezuela boato,0.0
brasil liderando novas vítimas pandemia registra meio milhão mortos mundo,1.0
delfim netto bolsonaro pior casa civil história república,1.0
deve indiciar envolvidos tragédia brumadinho dolo eventual,1.0
líbia confirma primeira morte decorrência novo coronavírus,1.0
brasil registra mortes covid dia passa mil,1.0
flamengo vai doar renda jogo libertadores limpeza óleo praias nordeste boato,0.0
professorar salvar criança creche declarar herói nacional bolsonaro,0.0
governador nova york eua disse pessoas precisam voltar trabalho voltou atrás lockdown boato,0.0
covid igrejas interditadas betim fazerem cultos aglomeração,1.0
enganoso trecho ferrovia obra governo bolsonaro,0.0
kate middleton seleciona fotos sobre vida pandemia exposição virtual,1.0
coronavírus leva média dias desaparecer corpo mostra estudo italiano,1.0
fake novo coronavírus causa pneumonia tratamento pode feito casa casos graves,0.0
experiência saúde wizard quer cloroquina fala ajudar gestão,1.0
marinheiros testam positivo coronavírus porta aviões francês,1.0
verdade clipe musical registrar umar tentativo suicídio,0.0
parque lançado japão mostra vídeo boato,0.0
fake bandeira israel projetada torre dubai celebrar paz israel emirados árabes,0.0
presidente pfizer recusa suspender patentes vacinas contra covid,1.0
fake chá mistura jambu limão alho paracetamol cura covid,0.0
coronavírus covid mata dia tuberculose doença infecciosa letal mundo,1.0
governo pede líderes câmara prioridade renegociação dívida estados,1.0
cada pessoas vive famílias restrição acesso saúde diz ibge,1.0
fake foto praia lotada rio publicada jornal antiga retirada arquivo,0.0
lamento bolsonaro entenda dimensão problema diz presidente argentino,1.0
cnn acaba noticiar sérgio moro recebia mil mês doleiro boato,0.0
gargarejo limão bicarbonato sódio água morna mata coronavírus garganta boato,0.0
postagens alegam erroneamente vacina moderna contém ingrediente inseguro,0.0
lewandowski pede parecer pgr sobre reunião defesa flávio gsi,1.0
ministrar saudar israel contrair coronavírus doença castigar divino homossexual,0.0
discute vai estender fase emergencial mensagem população preocupa,1.0
imagem joice hasselmann máscara tirada antes deputada diagnosticada covid,0.0
hungria encerra polêmico estado emergência coronavírus,1.0
umar águia congelar morte derreter quebrar sobrar pato,0.0
filha presidente santander disse pai morreu milionário buscando algo grátis boato,0.0
guilherme boulos imóvel desocupado vila mariana vale milhões boato,0.0
covid guangzhou suspende importação congelados após testes positivos,1.0
governo troca secretário ciência tecnologia ministério saúde,1.0
doria confirma liberação insumos produção coronavac,1.0
fake anvisa liberou ivermectina ainda ampliou dosagem tratamento covid,0.0
fake unidade carrefour onde joão alberto morto fechou após protestos antirracistas,0.0
candidato psdb policial elogia bolsonaro após vacinar,1.0
pros destitui presidente nacional partido,1.0
fake foto mostre multidão protesto contra fraude eleitoral eua favor donald trump,0.0
bolívia compra milhões doses vacina suptnik,1.0
enfermeira flagrada paciente covid hospital amazonas mostra vídeo boato,0.0
rio crivella recicla promessas cumpridas,0.0
menino diz lula bolsonaro país estaria quebrado boato,0.0
brasil registra mortes covid horas tendência estabilidade segundo dia,1.0
uol debate reúne especialistas discutir vivo reflexos pandemia,1.0
indulto natal temer editado tirar lula cadeia boato,0.0
ordem enterrar renda brasil veio técnicos detalhavam medidas,1.0
liga decide retomar campeonato espanhol junho diz jornal,1.0
conselho suspende vale mil concedido promotores ministério público,1.0
réveillon camboriú aglomeração praia festa clandestina,1.0
estudo aponta divulgação casos covid pode demorar semanas,1.0
china aval provisório vacina sinopharm permitindo uso massa,1.0
fátima bernardes questiona excesso polícia morte lázaro barbosa boato,0.0
cnn deixa esquerda vai direita porque sob nova direção boato,0.0
vou cantar apresentar artistas diz anitta sobre festival oms,1.0
fenômeno equinócio atingirá próximos dias trará calor brasil boato,0.0
pede multa mil crivella descumprir ordem sobre isolamento,1.0
perdi mãe fake news diz filha após idosa morrer covid,1.0
oxford vai testar vacina criança adolescente,1.0
lula nunca opção psdb diz aécio neves,1.0
bolsonaro volta criticar oms questiona número mortos covid,1.0
descubra adicionou whatsapp nova função boato,0.0
coronavírus chefe pesquisa vacina brasil isolamento,1.0
teste covid elogiado trump geraria muitos falsos negativos diz estudo,1.0
vacinou apenas público alvo contra gripe veja imunizar,1.0
opas risco faltar insumos intubação hospitais brasileiros,1.0
texto manipula dados fazer parecer aprovação bolsonaro cresceu,0.0
índia supera mil mortes coronavírus,1.0
luiz fernando guimarães conta marido internado covid,1.0
pni coronavac estados planejando vacinação contra covid,1.0
abin afasta servidor anuncia processo jornalistas caso sobre flávio,1.0
oms diz barreira imune vacinas ainda distante,1.0
dor sempre passa diz médica sobre perder pacientes covid,1.0
ministrar sérgio morar mandar retirar tomar presídio,0.0
hospitais lotados ambulâncias los angeles transportarão pacientes poucas chances sobrevivência,1.0
fake bill gates cia obtiveram patente novo coronavírus,0.0
bandeira china hasteada lugar brasileira votuporanga sebastianópolis sul paulo boato,0.0
twitter apaga publicações jair bolsonaro violarem regras rede,1.0
acaba pedir prisão wilson witzel governador rio janeiro boato,0.0
polícia prendeu falso enfermeiro dentro hospital onde presidente internado,0.0
fake governadora rio grande norte determinou distanciamento carros conter propagação coronavírus,0.0
julho trump exalta eua chama pandemia praga china,1.0
artigo sancionado bolsonaro lei contra stalking contra ação governadores,0.0
general walter braga netto fio desencapado grava áudio sobre comunistas bolsonaro boato,0.0
juízes atribuem bolsonaro crimes contra saúde menosprezo pandemia,1.0
vacinas contra coronavírus sabemos sobre eficácia sobre poderão disponíveis,1.0
lexa guimê dispensam empregados mantêm chef quarentena,1.0
padre fábio melo posa foto usando sunga vermelha boato,0.0
unimed alerta covid delta tosse febre sintomas boato,0.0
eua anunciam vacina roche medical company cura coronavírus três horas boato,0.0
verba específica percentual prefeitas eleitas fica estável,1.0
comissão ética presidência intima weintraub explicar fala sobre ministros stf,1.0
boato erra acusar greenpeace navio ong chegou nordeste após vazamentos,0.0
liga planeja pessoas participem jogos retorno torneio,1.0
umar menino recusar cumprimentar presidente jair bolsonaro,0.0
estoque alto dona itaipava anuncia férias mil trabalhadores,1.0
pazuello notificado defender subir palanque lado bolsonaro,1.0
médicos veem flexibilização precoce quarentena,1.0
tereza cristina ministra agricultura grava áudio sobre setembro greve caminhoneiros intervenção militar boato,0.0
jovem coloca adesivo autoescola carro dirige cnh três anos boato,0.0
fake tossir pode ajudar sobreviver infarto,0.0
tre alterar resultar candidato voto belford roxo,0.0
fake governador alagoas participou evento dias testar positivo covid,0.0
falso manuela ávila liderado protestos carrefour porto alegre,0.0
carnaval covid capitais cancelam festas pontos facultativos,1.0
eua selecionam candidatas vacina contra covid finalistas diz nyt,1.0
gleisi revela vídeo quer desemprego massa brasil boato,0.0
irã passa mil casos mortos coronavírus,1.0
fake foto mostre monumento berlim lotado manifestação contra regras conter covid,0.0
cievs municipal estadual fazendo teste coronavírus covid casa boato,0.0
beneficiários bolsa família ganharão causa coronavírus site whatsapp boato,0.0
fake ministros stf deram declarações favoráveis pedofilia estupro tráfico assassinato corrupção,0.0
polícia faz buscas operação investiga irregularidades compras respiradores pará,1.0
farmácias drogarias privadas passam oferecer vacina contra gripe comum,1.0
defensores impeachment bolsonaro buscam entidade neutra assinar ação,1.0
pix pode virar tipo identidade digital futuro diz presidente,1.0
ministro justiça sofre mal diagnóstico inflamação cardíaca,1.0
conselho ética câmara define relatores casos silveira flordelis,1.0
venezuela testará vacinas russa cubana diz maduro,1.0
após briga bolsonaro doria coronavac entra plano vacinação,1.0
rede particular sobe utis ocupadas após dias estabilidade,1.0
pfizer inicia testes humanos possível vacina contra coronavírus,1.0
osmar terra publica fake news sobre coronavirus twitter,1.0
hackers colocando boneca momo meio vídeos youtube kids boato,0.0
pazuello diz stf liberou milhões mensais mil leitos covid estados,1.0
exibir provas eua dizem laboratório chinês origem covid,1.0
humanos artificiais aposta empresa futuro interação pessoas tecnologia,1.0
the wretched iguala marca avatar bilheterias meio pandemia,1.0
fake vídeo mostre encontro toffoli glenn greenwald restaurante,0.0
bolsonaro vai suspender concessão globo abril boato,0.0
vascaíno aposta esposa river plate contra flamengo chora arrependido boato,0.0
post mostra imagens outras estradas afirmar exército arrumou transamazônica,0.0
youtube influencia jeito falar filha,1.0
falso irmãos morreram após vacinarem contra covid,0.0
começa vacinar idosos professores contra gripe amanhã,1.0
frança fez testes nucleares ásia processada poluição,0.0
arrumar ficar casa ajuda rotina quarentena,1.0
justiça proíbe corte luz água internet,1.0
alerta oms sobre testes pcr covid admissão falta eficácia,0.0
mário luís perdeu carteira identidade auxílio emergencial boato,0.0
doria negou vacinas prefeita bauru pedir bolsonaro boato,0.0
fake mensagem diz ambev distribuindo álcool gel grátis população,0.0
noiva diz lula traz esperança brasileiro declara amo,1.0
restaurante famiglia mancini faliu vai fechar portas causa lockdown boato,0.0
casos novo coronavírus mundo passam milhões diz universidade,1.0
maria rosário comemora fato ter sido assaltada porto alegre boato,0.0
pacientes fila uti saúde mato grosso entra colapso,1.0
senado aprova auxílio mil mensais escolas particulares suspensão impostos,1.0
estudo parceria unesp botucatu prevê pandemia forte interior três semanas,1.0
filiar psl fake news sobrar casar militar fab presar cocaína,0.0
incêndio ala covid deixa quatro pacientes mortos upa aracaju,1.0
frio impõe maiores cuidados vírus doenças respiratórias,1.0
braço direito witzel cobrou pagamentos primeira dama diz mpf,1.0
tse tre anulam eleições diversas cidades devido falha sistema apuração votos boato,0.0
lira maia batem boca reunião definir cargos mesa diretora,1.0
cadeia superlotada registra primeiro caso covid preso ceará,1.0
butantan adia maio conclusão entrega milhões doses coronavac,1.0
secretário critica imprensa noticiar redução salários prevista,1.0
médico morreu covid efeitos adversos vacina oxford,0.0
pib ações proteção economia evitaram queda superior diz governo,1.0
stf impediu bolsonaro combater pandemia covid brasil boato,0.0
fraude mega sena milhões descoberta casa caiu boato,0.0
ajudar filho manter motivado reta final ano letivo,1.0
fake ufmg fez estudo diz suco inhame corta efeitos dengue apenas quatro horas,0.0
mourão diagnosticado covid veja lista autoridades infectadas,1.0
artistas autoridades repercutem saída regina duarte comando secretaria cultura,1.0
vídeo íntimo jeanine añez vazar rede social,0.0
fake moro afastou promotor investigava flávio bolsonaro delegado caso marielle,0.0
whatsapp facebook instagram bloqueados causa tragédia suzano boato,0.0
boticário kit dia mães grátis site whatsapp boato,0.0
carlos bolsonaro chama regina duarte comunista desaprova decisão pai boato,0.0
premiê china diz economia global enfrenta muitas incertezas,1.0
falso eleitor levar caneta proibido votar,0.0
boulos diz vai colocar moradores rua casa pessoas lockdown diferente boato,0.0
coronavírus bolsonaro anuncia liberação imediata bilhões emendas saúde,1.0
veja fato fake discurso wilson witzel após afastamento cargo stj,0.0
menos metade adultos adota todas medidas prevenção covid,1.0
uso cloroquina explica situação pandemia senegal,0.0
caminhoneiros todo brasil farão greve causa quarentena coronavírus boato,0.0
provas eduardo bolsonaro questiona apuração eleições eua,1.0
cemitério tailândia amanheceu túmulos abertos ninguém consegue explicar boato,0.0
amazonas recebe mil doses vacinas covid,1.0
montagem foto presidente dilma jovem lado fidel castro,0.0
fake foto mostre flávio dino velório pai máscara cumprir distanciamento social,0.0
frase sobrar segredo universo pertencer nikola tesla,0.0
pará pode receber profissionais programa médicos brasil,1.0
joelma sobre covid fiquei maior grávida meses,1.0
volta boeing max deve adiada pandemia diz jornal,1.0
capitais suspendem dose coronavac falta doses nesta quarta feira,1.0
pré olímpico durante pandemia deixou atletas infectados covid,1.0
nova york quer dar dose única vacina turistas pontos famosos,1.0
marca cria máscara hashtag nãosecale contra abuso sexual infantil,1.0
hospitais japão suspendem tratamentos eletivos evitar colapso pandemia,1.0
fake reforma previdência retira pensão morte dependentes síndrome down autismo,0.0
randolfe pede devassa sigilos pazuello,1.0
post força comparação vacinas teste cloroquina eficiência comprovada contra covid,0.0
george soros diz bolsonaro ganha eleições brasil boato,0.0
usuários tentam derrubar portão entrar hospital belém,1.0
eua têm milhão casos covid mil mortes diz universidade,1.0
respiração meditação cristais dicas ter foco home office,1.0
chico xavier escreve carta sobre mortes coletivas nova boato,0.0
governo exclui vacina texto facilitava negociação pfizer,1.0
stj negar liberdade umar mãe filho furtar leite,0.0
lote mil doses vacina astrazeneca oxford chega brasil,1.0
gilmar mendes critica derrubada decisão fux diz atuação presidência stf caso faz sentido,1.0
umar porco vítima experimentar cruel envolver queimadura,0.0
herpes zóster doença causada vírus catapora afeta pessoas anos,1.0
fake teori zavascki disse método juiz moro medieval envergonha sociedade,0.0
fake foto mostre papa francisco chorando pedindo fim pandemia coronavírus,0.0
gringo assanhado date online volta mundo tinder passaporte,1.0
bolsonaro opta recuo estratégico crise coronavírus,1.0
definir data maia diz votará prisão instância ainda,1.0
sistema publicidade comete fraude captura links mil aplicativos ios diz empresa,1.0
horroroso flamengo fazendo diz comentarista fox sports,1.0
após vídeo senador nega saber decisão fachin antes ridículo,1.0
fake mensagem manda prender respiração segundos verificar coronavírus causou fibrose pulmões,0.0
lacta diabo porque bombom chamado feitiçaria boato,0.0
stf deve julgar decisão nunes marques esvaziou lei ficha limpa,1.0
itamaraty vira bunker olavistas governo,1.0
índia processa oms esconder eficácia ivermectina boato,0.0
ana maria braga saiu globo lançou produto emagrecer boato,0.0
covid médico pode processado receitar tratamento ineficaz alertam especialistas,1.0
chef cozinha francês processado após colocar sêmen sobremesas restaurante boato,0.0
covid erros comuns uso máscara tocar parte externa,1.0
mulher disfarça enfermeira ver pais internados covid,1.0
china comprou sabesp cptm comgas anel mineradora band globo boato,0.0
fake nóis verdade chover dia finar,0.0
onix lorenzoni vidar perdido significar trabalhar valer,0.0
iniciado mês hospital campanha bolsonaro fechado,1.0
título eleitor prazo regularizar documento termina nesta quarta feira,1.0
culinária cavaquinho livros muralha mata tempo quarentena,1.0
fake idosos voto facultativo fizerem biometria cpf cancelado benefícios bloqueados,0.0
saúde envia milhões doses vacinas covid todo brasil,1.0
lotes cerveja glacial contaminados substância tóxica boato,0.0
novo atentado contra bolsonaro sendo tramado mourão maia toffoli boato,0.0
câmara aprova texto base pec orçamento guerra turno,1.0
fake foto mostre respiradores abandonados governadores piorar pandemia desgastar imagem governo federal,0.0
tucanato precisa higienizar salão festas,1.0
fake voto facultativo nesta eleição todos eleitores anos razão pandemia,0.0
eduardo braga grava áudio falando sobre falta oxigênio amazonas boato,0.0
china tenta evitar segunda onda infecções coronavírus,1.0
nordeste ongs registradas amazônia apontam institutos,0.0
covid anvisa muda regras uso emergencial sputnik pode facilitado,1.0
foto secreta joão paulo momento atentado divulgada vaticano boato,0.0
torre eiffel iluminada empresa ximénez faz homenagem vítimas covid boato,0.0
covid brasil repensar estratégia sair crise alerta oms,1.0
diz testar mil dia promete chegar níveis espanha itália,1.0
deputada cita médico japonês defender ivermectina eficácia comprovada contra covid,0.0
dallas jones chefe campanha biden preso fraude eleitoral boato,0.0
argentino lançar selo homenagem presidente lula,0.0
bebê encontrado vida soldado israelense brumadinho mostra vídeo boato,0.0
bolsonaro citou mail antigo fauci prova máscaras recomendadas todos,0.0
kevin greeson morrer chocar testículo durante invasão capitólio,0.0
falso jogador dinamarquês vacinado antes sofrer mal súbito,0.0
covid professora morre após paramédico dizer ataque pânico,1.0
dois casos suspeitos coronavírus descartados segue investigação,1.0
três filmes prontos onde passar lamenta daniel filho,1.0
estudo recomenda uso máscara contra covid contrário sugere deputada,0.0
casos coronavírus número mortes brasil junho,1.0
stf julga dezembro reeleição presidentes câmara senado,1.0
vacina contra coronavírus soberana fórmula cuba começa testar humanos,1.0
bairros menos empregos formais têm mortes coronavírus,1.0
fake imagem mostra doria usando máscara bandeira china,0.0
força tarefa investiga contratações hospital campanha,1.0
luciano hang condenado pagar mil post ofensivo contra oab,1.0
fake capa revista time silhueta hitler trump bigode,0.0
paulo registra casos novo coronavírus últimas horas,1.0
mãe filho casar cerimônia íntimo áfrico sul,0.0
inss vai cobrar multa suspender aposentadoria coronavírus,0.0
fake vídeo mostre descarte alimentos ceagesp causado bloqueio caminhões após novo coronavírus,0.0
após morte indígenas apelam funai exército expulsem garimpeiros,1.0
rodovias paulo têm trânsito intenso após feriado praias cheias,1.0
congresso deve votar terça feira projeto readequar cortes orçamento diz lira,1.0
congresso decide manter vetos bolsonaro trechos ldo sobre orçamento impositivo,1.0
umar enfermeiro agredir bolsonaristas voltar trabalhar,0.0
pgr pede investigação homens defenderam intervenção militar stf,1.0
tocilizumabe eficaz redução mortes internados covid grave aponta estudo oxford,1.0
indonésia aprova uso emergencial coronavac diz vacina eficácia testes país,1.0
fabricantes roupas bangladesh perdem fazem apelo marcas,1.0
anúncio reabertura orla feito dia após homem implorar praia,0.0
netanyahu pede governo emergência israel conta coronavírus,1.0
cena hospital após incêndio registrada imprensa noticiou caso,0.0
beira colapso quase todos leitos ocupados,1.0
banco dados eua registra necessariamente mortes vacinas anticovid,0.0
registros gilmar mendes dito sairá stf bolsonaro reeleito,0.0
verdade nenhum político morrer covid chino,0.0
hospital campanha ibirapuera receberá pacientes região campinas,1.0
kit covid parir combater coronavírus verdadeiro falsar,0.0
lava jato descartou grampo sobre tríplex receio ajudar tese lula,1.0
mulher vende panelas carro luxo realizar sequestros estacionamentos boato,0.0
dilma diz óleo chegou paulo após notícia sobre contaminação morro paulo boato,0.0
próximo veículo espacial nasa pode descobrir vida marte,1.0
mpf quer investigação homem agrediu enfermeiras protesto,1.0
fake vídeo mostre irmão evo morales hostilizado avião destino miami,0.0
garantirá vacinação contra covid estado governo federal virar costas diz doria,1.0
datafolha consideram uso cloroquina contra covid decisão médicos políticos,1.0
estados norte americanos afetados podem pico covid diz fauci,1.0
pai deixa vacinar quer bem filho diz mãe último caso pólio brasil,1.0
brasil aplicou menos dose vacina milhões aponta consórcio veículos imprensa,1.0
eficácia global vacina coronavac boato,0.0
campeonato espanhol deve reiniciar dia nova temporada setembro,1.0
brasil mil mortes porque médicos oferecem enterro graça coloca covid atestado óbito boato,0.0
prisão cientista norte americano charles lieber relação venda covid,0.0
duarte nogueira suely vilela disputam turno ribeirão preto,1.0
relator vota derrubar condenação salles improbidade,1.0
senhor josé macedo perdido cinco dias rodoviária belo horizonte boato,0.0
hospital campanha anhembi paulo vazio pacientes boato,0.0
governo nega relação compra vacinas privadas defende iniciativa,1.0
gleisi hoffmann diz ayrton senna significou nada brasil boato,0.0
fake mensagem diz iniciar banho cabeça pode provocar ataque cardíaco,0.0
moscou adota permissão digital controlar confinamento coronavírus,1.0
casos confirmados coronavírus sobem brasil mortes,1.0
fake imagem aérea mostre santiago chamas durante protestos,0.0
culto evangélico terminar pancadaria pastor cobrar dízimo sacar fgts,0.0
manaus recebe reforço médicos atendimento população,1.0
beto preto secretário saúde paraná escreve mensagem sobre pico pandemia boato,0.0
família koslov umar família humano mutante morar chernobyl,0.0
fake benedita silva embaixadora brasil nova york,0.0
avó michelle bolsonaro entubada após piora quadro covid,1.0
mercado medo volta lula reação bolsonaro,1.0
falso votos recebidos candidata vereadora tocantins reduzido longo apuração,0.0
pesquisa brasileira usou doses letais matar pacientes atacar cloroquina,0.0
fake chá casca quina quina eficaz contra coronavírus,0.0
bebê nasce rabo cidade santarém pará mostra foto boato,0.0
defensoria pública recomenda medidas proteger moradores rua coronavírus,1.0
após decreto witzel fechamento pontos turísticos trem corcovado funciona nesta terça,1.0
zema pni cumprido vacinará toda população outubro,1.0
dem avalia lançar candidatura mandetta presidência,1.0
ministério saúde divulga manual fazer máscara caseira,1.0
rio grande sul solicitou prorrogações leitos uti ministério saúde,1.0
vídeo engana mostrar resultado parcial enquete intenção voto presidente,0.0
filha maria rosário faz convite maconhaço democracia petista boato,0.0
fake foto mostre caixão enterrado vazio inflar dados mortos coronavírus manaus,0.0
centrão espera reforma ministerial prevê nomes onyx voltará planalto,1.0
ministério saúde negocia milhões doses vacina moderna ano,1.0
pasta saúde agora comandada cinzas,1.0
conspiração conversa criminosa bolsonaro aposta tudo nada,1.0
porta voz diz deve isenta quarentena reino unido diz site,1.0
magazine luiza faz doação condicionado comentar foto facebook boato,0.0
cotado substituir mandetta nelson teich chega brasília reúne bolsonaro planalto,1.0
povos indígenas particularmente risco devido covid alerta oms,1.0
joão amoêdo diz apoia fim operação lava jato boato,0.0
boulos testa positivo covid pede debate virtual globo,1.0
povo cubano toma poder camaguey prende secretário partido comunista declara cuba livre boato,0.0
pagar conta pode ter plano saúde cortado meio pandemia,1.0
governo alemanha envia cobrança bilhões libras china boato,0.0
bolsonaro dando certo brasil líder mortes covid mundo,1.0
criança vítima supor desafiar momo,0.0
detran abre inscrições cnh social site whatsapp boato,0.0
mariana ferrão pede desculpas após polêmica vizinhos condomínio,1.0
gilmar mendes deve decidir favor governo sobre missas cultos,1.0
alexandre garcia diz texto sobre coronavírus quarentena bolsonaro sociedade escolheu sacrificar almas boato,0.0
reforma tributária guedes admite rever alíquota proposta enviada congresso,1.0
jovem morto polícia jacarezinho posou foto fuzil boato,0.0
laura sita jovem anos desaparecida paulo boato,0.0
coral gay san francisco cria música visa converter crianças gays boato,0.0
volta fake nóis mentiras bolsonaro,0.0
estudo revisão falhas prova uso máscaras ineficaz contra covid,0.0
pfizer biontech aceitam pedido milhões doses vacina,1.0
fake senegal usa cloroquina desde primeiro caso apenas cinco mortes covid,0.0
coronavírus eua pagam caro ficam remessa máscaras chinesas destinadas frança,1.0
falsar esquilo posar super herói cair chão,0.0
coca cola propaganda nazista olimpíada,0.0
coronavírus los angeles pode pagar infectados respeitarem quarentena,1.0
fake repórter disse vamos visitar filha cadeia antes ameaçado bolsonaro,0.0
whatsapp instagram facebook usar redes sociais negócio,1.0
fake farmácias italianas distribuam hidroxicloroquina gratuitamente população combater covid,0.0
reforma tributária deve aprovada câmara abril diz maia,1.0
estado rio janeiro registra mortes covid,1.0
panfletos distorcem frase marília arraes sobre bíblia,0.0
bombeiros vagas emprego compartilhar whatsapp boato,0.0
vacina contra covid perigosa vírus mostra vídeo boato,0.0
apesar mensagens greve caminhoneiros confirmada dia,0.0
declarações emissário oms sobre lockdown tiradas contexto,0.0
volta pazuello governo recado bolsonaro exército,1.0
idoso ganhador mega sena virar morrer sufocar vagina suar namorar,0.0
falso escultura diva feita dinheiro público patrocínio sebrae,0.0
bolsonaro diz ato rio viés político cogita fazer outros,1.0
eduardo bolsonaro diz ter recebido mensagem desejando morte filha,1.0
citada exemplo bolsonaro suécia admite erros combate novo coronavírus,1.0
cloroquina adotada china continua comprovação científica,0.0
união europeia acusa amazon usar dados obter vantagem indevida sobre parceiros,1.0
foto apresentadora renata vasconcellos máscara junto outras três mulheres,0.0
diferença resultados pesquisa eleição implica fraude,0.0
silveira cita família criticado placa marielle quebrada,1.0
filipe sabará candidatura indeferida justiça eleitoral,1.0
prefeitura abre inscrições programa vale mercado whatsapp boato,0.0
revista time elege bolsonaro idiota ano boato,0.0
contágio classes paulo vezes maior,1.0
fake café substâncias combatem coronavírus,0.0
coronavírus congresso stf decretam luto mil mortes brasil,1.0
câmara aprova alterações projeto obriga uso máscara país,1.0
vacina contra covid matou três jovens anos destruiu família boato,0.0
fake bolsonaro publicou decreto proibindo consumo drogas universidades,0.0
lula diz bolsonaro deveria tomar sopa feita cloroquina,1.0
fotógrafo flagra golfinho voando durante furacão dorian boato,0.0
discurso sobre climatismo araújo apoia erros dados imprecisos,0.0
brasil quase milhões pessoas acesso internet diz ibge,1.0
psdb precisam fazer autocrítica,1.0
cristofobia amazônia sete pontos polêmicos discurso bolsonaro onu,1.0
fachin quer mudar turma stf relatoria lava jato fica incerta,1.0
governador bolsonaro vai fazer muita gente vacine,1.0
parlamentares defendem isolamento ministro diz bolsonaro certo,1.0
associação juristas evangélicos mira agenda conservadora stf,1.0
imagens banhistas expulsando guardas municipais praia,0.0
gleisi hoffmann agredir camarote durante micareta fortalezar,0.0
pílula emagrecer unicamp ganha investimento luciano huck boato,0.0
post diz governo liberou milhões tratamento criança omite trata ordem judicial,0.0
cassada tse moro saias ganha sobrevida senado graças crise coronavírus,1.0
china encobriu casos coronavírus wuhan diz cientista investigou origem pandemia,1.0
coronavírus matou pessoas europa,1.0
manifesto entidades critica fala bolsonaro onu envergonha,1.0
falso paciente covid colocado maca ambulância brasil mostra vídeo boato,0.0
paciente zero ficou coma diz agradecido vivo,1.0
bolsonaro sobre ligação kajuru falei coisa naquela conversa,1.0
fake filha maria rosário passou oito anos cursando ciências sociais ufrgs fez tcc enaltecendo visitas íntimas prisões,0.0
mulheres maioria profissionais saúde infectados espanha,1.0
alemanha planeja suspender voos internacionais conter pandemia,1.0
provas fraudes alegadas bolsonaro eleições,0.0
stj nega prisão domiciliar presos grupo risco covid,1.0
governo anuncia repatriação brasileiros marrocos,1.0
menos população mundial mostra ter anticorpos contra coronavírus diz oms,1.0
insumos china butantan retoma produção coronavac,1.0
criança câncer sangue vai ganhar visualização whatsapp boato,0.0
presidente chile anuncia novo pacote contra coronavírus alerta contra populismo,1.0
fluxo pessoas lojas físicas sobe junho shoppings alta,1.0
bolsonaro fez pronunciamento enigmático sobre dias difíceis hoje boato,0.0
capa veja mostra bolsonaro eleito turno pesquisa boato,0.0
gabriel garcía márquez escreveu carta despedida descobriu câncer linfático boato,0.0
excluídos prevenção corona esquece favelas saneamento,1.0
fake embalagens óleo praias nordeste revelem origem manchas,0.0
igreja quadrangular triângulo redondo fundada brasil boato,0.0
silvio santos dando nova nota jogo compartilhar whatsapp boato,0.0
jovem xingar funcionário negro bob espancar belford roxo,0.0
mandetta teich pazuello queiroga ministros saúde pandemia,1.0
fake uso álcool higienização pode causar infecção respiratória matar,0.0
senadores reagem bolsonaro dizer consegue fazer nada,1.0
lote vindo índia coronavac brasil doses vacinar prioritários,1.0
reino unido soma novas mortes coronavírus horas,1.0
rádio band soltou bomba sobre washington post doria china boato,0.0
whatsapp gold vídeo gambarelli vírus bloqueiam telefone conta bancária boato,0.0
diplomatas relatam alívio brasileiros repatriados wuhan veja vídeo,1.0
empresas preveem futuro indicam economia melhor pandemia,1.0
coisa discurso luiz fux desmoraliza justiça apela absurdo,1.0
fake foto mostre paraquedistas motoqueiros ato apoio bolsonaro,0.0
interpretação calendário maio mundo acabar semana verdade,0.0
fake fotógrafo estadão agredido anos anteriores dia liberdade imprensa,0.0
geraldo luís filhar parecer silvio santo suar esposo secretário dono sbt,0.0
chefes forças armadas iriam fazer intervenção militar esquerda tirar bolsonaro boato,0.0
mandetta expõe discórdia bolsonaro diz cpi ciência ignorada,1.0
saiba cirurgia bariátrica indicada,1.0
governo zera tarifas medicamentos usados combate covid,1.0
brasil mortes covid registradas aponta consórcio,1.0
após sinal verde bolsonaro programa social bittar adota outra estratégia,1.0
fake viação itapemirim decretou falência razão quarentena imposta novo coronavírus,0.0
vídeo luz cruzando trilhos trem mostra efeitos visuais gerados computador centelha raio globular,0.0
fake enfermeira morreu tennessee após tomar vacina contra covid desmaiar público,0.0
pesquisa ibope guti psd pietá empatados guarulhos,1.0
costa espanhola estrangeiros experimentam nova normalidade turística,1.0
fake cuba enviado vacina contra coronavírus china,0.0
suécia muda postura aprova lei permite fechar comércio,1.0
ministério diz nova regra armazenamento pfizer vai permitir todos municípios possam receber vacina,1.0
tuítes tiram live contexto insinuar senador defende tratamento precoce,0.0
amazon pagou bilhão doria decretar lockdown paulo prejudicar comércio boato,0.0
estímulo japão tri coronavírus elevará pib diz premiê,1.0
pandemia causa ansiedade mercado sensação vou morrer,1.0
covid cientistas descobrem americano superanticorpos contra coronavírus,1.0
mulher infectada covid cebolinha viaja deve jogar benfica,1.0
sony vai fechar fábrica interromper vendas tvs áudio câmeras brasil pessoas demitidas,1.0
união europeia pede eua reconsiderem decisão cortar relações oms,1.0
ziraldo diz papa fogo amazônia pantanal fome venezuela boato,0.0
homem morre após pegar coronavírus neto respeitou isolamento,1.0
ciro nogueira tira bolsonaro dançar coreografia centrão cpi,1.0
idosa perdida sede cer centro rio janeiro boato,0.0
decisão excluir brasil clube ricos elo corrupção,0.0
exército construiu leitos hospital apenas horas boato,0.0
falta oxigênio manaus porque governador quer comprar oposição dívida fornecedor boato,0.0
brasileiros descobrem vírus zika age dentro cérebro bebês microcefalia,1.0
moraes autoriza inquérito investigar daniel silveira desacatou policial,1.0
coalizão negra direitos anuncia pedido impeachment contra bolsonaro,1.0
villas bôas ironiza crítica fachin sobre pressão stf anos,1.0
governador sergipe permite confiscar propriedade privada descumprir criticar quarentena decreto boato,0.0
braga netto convida sérgio reis trovão desfile setembro brasília boato,0.0
palmeiras faz contas tenta pagar salário integral time durante crise,1.0
marcos rogério aziz protagonizam bate boca discussão sobre tratecov,1.0
papa francisco diz mensagem natal pinheiro decoração sino etc boato,0.0
eua registram casos covid ultrapassam mil mortes,1.0
frança cancelado cogita abrir temporada áustria,1.0
atividades práticas ensino superior voltam segunda veja regras,1.0
psol volta pedir impeachment crivella,1.0
especialistas dão dicas preparar verão,1.0
coronavírus foco imprensa número mortes falta proteção amplia medo geral diz especialista,1.0
brasil país mundo vacinou população contra covid,1.0
pessoas contaminando casa usar máscara limpar compras mercado boato,0.0
china enviando sementes ervas envenenadas eua outros países boato,0.0
pesquisa boca urna goiânia maguito vilela vanderlan cardoso,1.0
vacinas contra covid contêm óxido grafeno boato,0.0
artistas vendem máscaras conseguir doações combate covid,1.0
doria vai gastar bilhões vacina china imunizar paulo boato,0.0
estoques três medicamentos intubação pacientes esgotam,1.0
começou bandalha promotores paulistas querem furar fila vacinação,1.0
caixa paga auxílio informais mei autônomos desempregados,1.0
pacheco diz vai instalar cpi covid critica decisão stf,1.0
idoso covid ficou dias internado paradas cardíacas vem derrubar,1.0
coronavac analisada agência sanitária europa uso emergencial validado oms,0.0
bolsonaro prepara indulto natal alguns policiais condenados,1.0
fake vídeo mostre hospital vazio revele farsa covid,0.0
cientista descobriu vacina cura coronavírus morto casa boato,0.0
enfermeira desmaiou eua após receber vacina contra covid faleceu,0.0
auto hemoterapia cura previne novo coronavírus covid boato,0.0
pagou dpvat direito site whatsapp boato,0.0
fake pesquisa revelou mortes atribuídas covid estados unidos causadas coronavírus,0.0
covid brasil ultrapassa mil óbitos novas mortes,1.0
oms defende vacina astrazeneca após vários países suspenderem uso,1.0
itália prorroga confinamento abril contra coronavírus,1.0
veja fato fake sobre desastre brumadinho,0.0
fake mensagem vídeo diz prender braço minuto vale teste pressão arterial,0.0
enganoso mail fauci prove origem coronavírus laboratório,0.0
fake foto mostre incendiários ongs presos índios meio amazônia,0.0
fake vídeo mostre seringa vacina schwarzenegger tampa fechada momento aplicação,0.0
incêndio atacadão campo grande causada menina colocou fogo prateleira boato,0.0
fake vídeo mostra cobras ratos cães prontos consumo humano gravado china,0.0
mandetta participa coletivas sobre situação coronavírus,1.0
governo define diretrizes retomada atividades escolas,1.0
coronavírus promessa chelsea quebra quarentena imposta clube,1.0
maia pólvora maricas economia frágil estado escuras,1.0
cuidado coronavírus vive dias temperatura ambiente mostra estudo,1.0
brasil termina agosto mortes covid apontam secretarias saúde especialistas alertam pandemia acabou,1.0
existem mil ongs amazônia zero nordeste boato,0.0
datena critica paulo guedes sei bolsonaro mantém,1.0
alexandre frota feliciano namorados dois anos boato,0.0
ciro gomes anuncia diagnóstico positivo covid,1.0
desenvolvedores vacina russa defendem críticas exterior,1.0
saúde transporta oito pacientes câncer mama manaus rio janeiro,1.0
datafolha brasileiros apoiam restrição comércio serviços contra covid contrários,1.0
donald trump denúncia eleição eua sendo fraudada,0.0
jogadores precisarão treinar máscara retorno futebol inglês,1.0
whatsapp celulares app funcionará partir fevereiro,1.0
amapá pode receber profissionais programa médicos brasil,1.0
vídeo rui costa jaques wagner otto alencar dançando forró anterior pandemia,0.0
ministério saúde anuncia compra direta milhões máscaras cirúrgicas,1.0
oposição pede aras investigue ofício mec sobre manifestação política,1.0
espanha impõe segundo bloqueio local coronavírus dois dias,1.0
eleições capitais cada candidatos tempo veja divisão cada cidade,1.0
governador pará helder barbalho vai colocar presos vigiar população quarentena boato,0.0
carlos bolsonaro gay mora junto primo namorado boato,0.0
moro emite nota deveria envergonhar cármen fachin vai,1.0
lula hostilizado governador valadares ontem boato,0.0
americanas contrata pessoas vendas online notebook compartilhar link whatsapp boato,0.0
espectáculo torre eiffel homenagem vítimas novo coronavírus,0.0
usina itaipu alerta vermelho pode estourar causa chuvas boato,0.0
todas vacinas teste brasil passaram fase pré clínica contrário diz médico,0.0
artistas torraram bilhões dinheiro escolas hospitais,0.0
votem prefeitos comprometidos deus pátria família diz bolsonaro,1.0
eleitor deve usar álcool gel após votar antes diz presidente tse,1.0
fake vídeo mostre execução repórter pará após reportagem denúncia superfaturamento,0.0
disney diz autorizou joice usar imagens muppets campanha,1.0
diretor hospital josé fortaleza alerta todos devem estocar comida causa coronavírus boato,0.0
defesa diz temer pedirá bretas autorização participar missão oficial líbano,1.0
policiais italianos negam agredir população tiram capacete protesto contra lockdown boato,0.0
michelle bolsonaro usou sapato bandeira brasil exclusivo setembro boato,0.0
cpi covid chance muita gente limbo reaparecer diz mourão,1.0
ricardo certi assessor camilo santana grava áudio sistema verdes mares pedindo ataques bolsonaro ceará boato,0.0
candidato vereador palmar voto reduzir parir,0.0
milícia fará atentados manifestação pró bolsonaro dia culpar esquerda boato,0.0
vídeo mostrar mst destruir torre transmissão amapá verdade,0.0
fake casos mucormicose decorrentes uso máscaras contra covid,0.0
veja fato fake declarações candidatos prefeitura semana campanha turno,0.0
bolsonaro muda postura diálogos apoiadores evita dar respostas,1.0
fake companhias energia país programaram cortes luz horário jogo flamengo river final libertadores,0.0
itália ainda atingiu pico contágio coronavírus diz autoridade,1.0
evidência conclusivo vacinar pfizer causar paralisia bell voluntário,0.0
bolsonaro acaba agredido tapa cafeteria rio janeiro boato,0.0
fake dados cartórios provem mil mortes covid brasil,0.0
ambev distribuindo álcool gel graça site whatsapp boato,0.0
vídeo agentes imitando meme caixão gravado colômbia paraguai,0.0
andré kfouri questiona volta futebol risco tolerável,1.0
vídeo plandemic contém afirmações falsas enganosas sobre covid,0.0
fake mulher faz denúncias sobre investigação assassinato marielle vídeo tia vereadora,0.0
coronavírus especialista recomenda evitar abraços beijos,1.0
vídeo mostrar camaleão trocar cor verdadeiro falsar,0.0
toffoli diz fará teste próximos dias verificar coronavírus,1.0
oliver kahn defender pênaltis umar campanha beneficente iriar ajudar órfão,0.0
usar máscaras proteção provoca falta oxigênio,0.0
portaria decretou fim todas indenizações anistiados políticos ditadura boato,0.0
vitória biden barra escalada autoritária eua impacto global,1.0
arnaldo jabor diz jamais vou entender carnaval texto crítico boato,0.0
entrevista lula dizia elite brasileira enxerga população negra,0.0
sardenha libera banhos mar distanciamento social,1.0
maioria stf confirma decisão fachin torna lula elegível,1.0
xiaomi atualiza navegadores após especialistas denunciarem apps coletavam informações usuários,1.0
junte mandetta divida dois pede bolsonaro teich,1.0
brasileiros ganham prêmio app aliviar hospitais pandemia,1.0
homem aparecer vídeo dono pousar brumadinho morrer rompimento barragem,0.0
consigo desbloquear iphone faceid usando máscara proteção,1.0
médico alemão walter weber acerta falar máscaras protegem pcr erro covid existe vacina altera dna boato,0.0
prefeito duque caxias flagrado aplicando vacina alega encenação,1.0
ator fábio porchat investigado denunciado fraude lei rouanet,0.0
exército envia áudio bombástico ministros stf boato,0.0
foto mostrar centena chinês morto pelar coronavírus umar praça verdade,0.0
onyx pagamento parcela coronavoucher sairá próxima semana,1.0
josé dirceu diz trilhando caminho vitória derrotamos trump twitter boato,0.0
jbs friboi seara maturatta vagas compartilhar link whatsapp boato,0.0
bolsonaro acaba anunciar renúncia aguentar crise coronavírus boato,0.0
fake presos liberados cadeia conta pandemia covid cometeram homicídios país mês abril,0.0
regra silêncio incômodo usada grandes executivos jeff bezos tim cook,1.0
unicamp confirma caso hepatite medicamentosa relacionada kit covid,1.0
covid segunda vez felipe viaja isola pais,1.0
fake vídeo mostre telhado cheio morcegos fonte coronavírus china,0.0
próximos passos processo impeachment contra wilson witzel,1.0
fake nenhum militar enviado ajudar combate fogo pantanal,0.0
montagem elogia governo bolsonaro mostra obra,0.0
limpar pincéis maquiagem veja dicas truque thássia naves,1.0
paula rousseff filha dilma condenada justiça federal boato,0.0
brf diz complexo testar produtos covid garante segurança,1.0
classe média partida texto escrito chico buarque boato,0.0
descoberto esquema propina globo ministros stf stj tst boato,0.0
câmara aprova prazo cinco dias anvisa autorizar vacina registrada país,1.0
governo respiro atendimento prevê regiões estagnadas sobre flexibilização,1.0
arnaldo jabor diz bolsonaro cara etiqueta inteligente passa gostar boato,0.0
caixa econômica federal gastar bilião publicidade,0.0
fake foto mostre pessoa fingindo carregar corpo vítima covid,0.0
ministério saúde divulga edital processo seletivo simplificado unidades hospitalares rio janeiro,1.0
coronavírus festas tornaram alvos polícia após participantes testarem positivo covid,1.0
alcolumbre reforça cassação isolux ministro fala apuração antes,1.0
bolsonaro inaugurar bandejão planalto demitir chefe francês,0.0
polícia prende oito vereadores rondônia após invadir sessão boato,0.0
correios contratam têm vagas emprego site whatsapp boato,0.0
votar lula bolsonaro presidente psdb diz prefere levar tiro,1.0
molon psb vai esforçar unir nomes centro esquerda,1.0
idoso empurrado policiais protesto eua ator forjou cena boato,0.0
fake vídeo mostre profissionais saúde dando costas prefeito bruno covas,0.0
josias bolsonaro faz recuo tático recalcular copa américa brasil,1.0
fake chapecó zerou internações utis covid adotar tratamento precoce,0.0
oms coronavírus pode nunca desaparecer virar doença endêmica,1.0
copa américa argumentos argentina recusar competição país,1.0
tantas pessoas insistem usar máscara freud explica,1.0
equilíbrio fiscal país atingido diz mourão,1.0
vídeo ônibus sendo atingido ovos feito miguel iguaçu,0.0
melhor ajuste segurança segurança wpa pode fraca,1.0
tentando ajudar moro dallagnol amigos reforçam suspeição então juiz,1.0
curso obrigatório professores ensina atrapalhar governo bolsonaro boato,0.0
coronavírus governo diz trará todos brasileiros quiserem sair wuhan china,1.0
juan guaidó responde bolsonaro após indireta josé abreu twitter boato,0.0
podendo elevar estatura arthur lira rebaixa direito câmara,1.0
brasil copatrocina iniciativa omc ampliar produção distribuição vacinas,1.0
britney spears faz adaptação bem humorada hit tempos pandemia,1.0
lucas rangel distribui mil unidades álcool gel,1.0
rosa exige resposta bolsonaro ação assédio judicial contra mídia,1.0
butantan planeja vacina registro outubro início distribuição janeiro,1.0
bruno covas morreu anúncio feito dia maio boato,0.0
umar enfermeiro flagrar transando paciente infectar coronavírus,0.0
brasil mil mortes covid curvas queda estados,1.0
filhos tenores plácido domingo josé carreras luciano pavarotti gravam vídeo boato,0.0
prefeitura josé rio preto anuncia lockdown data definida,1.0
fiocruz aposta vacinação contra covid partir fevereiro,1.0
cubano alexis valdés escreveu poema conhecido tempestade passar,0.0
após criticado ricardo salles chama maia nhonho twitter,1.0
mil brasileiros ainda esperam repatriação desamparo dinheiro,1.0
santa catarina pacientes espera leitos uti,1.0
ministro marco aurélio mello aparece foto fidel castro boato,0.0
pagamento instantâneo serviço transferência bancária code destaque,1.0
fake oms considere desnecessário uso máscara infectado coronavírus,0.0
fake vacina canina mostrada vídeo destine novo coronavírus humano,0.0
ibge informalidade atingiu milhões pessoas semana junho,1.0
mpf identificar jean wyllys repassar parir advogar esfaqueador bolsonaro,0.0
vezes bolsonaro criticou medidas distanciamento social combate covid,1.0
caminhoneiros farão greve geral dia março vão parar brasil boato,0.0
homem xinga médica hospital dedicado covid louca,1.0
gilmar brinda lira suspensão ações,1.0
falso número casos covid menor oficial,0.0
dilma desfila som beijinho ombro setembro,0.0
segurança alimentar global ameaçada baixa exportações alta importações,1.0
falso tse anunciado voto online eleições,0.0
chino eliminar robô rebelar comunismo,0.0
bretas suspeita compra avião casa baldy,1.0
cloroquina aumenta risco morte eficaz contra covid diz estudo,1.0
outdoor santos manda transeuntes casa devido coronavírus,1.0
bbc censurar umar cientista falar possibilidade sinal umar civilização alienígena,0.0
tcu determina militares devolvam auxílio emergencial,1.0
covid líder psl tenta pautar projeto amplia poderes bolsonaro,1.0
eua zoológico testa vacina anticovid macacos após contaminação,1.0
luiza trajano diz presidenciável pede união contra fome covid,1.0
amazon vale presente natal site whatsapp boato,0.0
canário mata eleva asas faz oração nascer sol mostra vídeo boato,0.0
rei bahrein chega dubai robô guarda costas incrível mostra vídeo boato,0.0
investiga sobrepreço compra kit intubação durante pandemia,1.0
zelador construir veículo soprador folhar guarda chuva,0.0
europa mil mortes covid diz agência,1.0
governo federal investe milhões ampliar cuidado prevenção prematuridade,1.0
post usa foto antiga madeireiros acusar ongs incêndios amazônia,0.0
polícia ceará atira surfistas praia futuro mando camilo santana boato,0.0
muda google fotos fim armazenamento ilimitado,1.0
boneco ventríloquo guerra mundial piscar mexer bocar,0.0
eua registram novo recorde casos covid horas,1.0
presidente mdb fala sobre saída centrão significa ruptura,1.0
assessor bolsonaro utiliza informação desatualizada insinuar fraude registro óbitos causados covid,0.0
presidente josé sarney morreu anos boato,0.0
moro defende lava jato após carreatas pró operação legado povo,1.0
conflitos bolsonaro causam vítimas diz frente nacional prefeitos,1.0
governo vai usar aplicativo cadastrar informais têm direito auxílio,1.0
lula defende moro diz juiz sempre lutou contra corrupção colocou bandidos cadeia boato,0.0
enganoso doria recebeu bolsonaro combate covid,1.0
fake rodrigo maia pediu minuto silêncio plenário homenagem general iraniano morto,0.0
público levou sim bandeiras brasil posse presidencial lula,0.0
canetada poderes bolsonaro controláveis diz professor,1.0
aras defende abertura templos olho apoio vaga stf,1.0
spotify obriga trocas senha após ataque mirar mil usuários reciclaram credenciais acesso,1.0
corpo homem vaca achados estação cedae deve beber água torneira boato,0.0
presidente bolsonaro recebe dono ceo cnn dono jovem pan,1.0
ocupação leitos limita horário bares restaurantes,1.0
imagem protesto contra dilma rousseff atribuída ato pró bolsonaro maio,0.0
falso hospitais recebem mil cada óbito registrado covid,0.0
petrobras cancela patrocínio fórmula globo ordem bolsonaro boato,0.0
asteroide enorme atingir terra abril acabar vidar planeta,0.0
militantes têm número marcado ferro boato,0.0
filha aldir blanc grava vídeo alertando coronavírus ativo mês após doença boato,0.0
tudo aberto franceses vão cafés madri fugir pandemia,1.0
entenda polêmica lagosta liberada kassio nunes stf,1.0
funcionário budweiser admite ter feito xixi cerveja durante anos boato,0.0
volkswagen caminhões ônibus volta produzir dia retomada gradual,1.0
quarentena crise causa coronavírus aproximam grandes,1.0
projeto aster dilma putin traria exército rússia ufa brasil boato,0.0
paulo guedes acaba anunciar fim auxílio reclusão boato,0.0
boneca annabelle fugiu museu eua veio parar brasil boato,0.0
grandes empreiteiras ligadas doria esquerda forçam funcionários gritar bolsonaro boato,0.0
charlie chaplin ficar terceirar concurso sósia charlie chaplin,0.0
mpf pede ministério saúde envie maior número vacinas rondônia,1.0
denúncia onu bolsonaro aliados realizaram ataques contra imprensa,1.0
mpsf pedem responsabilização bolsonaro quebrar isolamento acre,1.0
lula diz contra prender menor porque matou porque morreu volta boato,0.0
fernando santa cruz pai presidente oab morto companheiro guerrilheiro carlos eugênio paz boato,0.0
vacina coronavírus microchip rastrear população,0.0
famosos lamentam morte ator eduardo galvão lástima,1.0
itália bate novamente recorde mortos coronavírus,1.0
tramontina kit completo panelas comentar post facebook boato,0.0
fake bolsonaro xingou apoiadores reunião ministerial disse precisar pedir balançarem bandeira frente planalto,0.0
paulo gustavo desastre civilizatório mata vírus meio,1.0
brasil mortes coronavírus diz ministério saúde,1.0
registra mortes novos casos covid horas,1.0
governo quer criar escola superior defesa capital federal,1.0
fase vermelha comerciantes praias santos falam prejuízo,1.0
lava jato empresário mariano marcondes funcionário petrobras denunciados corrupção,1.0
ronaldo caiado cercado povo goiás após anunciar rompeu bolsonaro boato,0.0
líderes novo modelo articulação ajudará aprovação auxílio emergencial renda brasil,1.0
recomenda missa culto público suspende taxa água pobres,1.0
fake vídeo homem agride joga bebê chão sido gravado brasil,0.0
hildon chaves psdb bate cristiane lopes reeleito porto velho,1.0
covid mandetta lamenta mil mortes pede respeito tempo ciência,1.0
primeira vacinada diz cansada negacionismo pandemia,1.0
pazuello descarta vacina russa diz dados rasos,1.0
bolsonaristas provocam mbl após prisão empresário ligado grupo,1.0
ursal união repúblicas socialistas américa latina vai implantar comunismo brasil boato,0.0
apple vai fechar todas lojas china pandemia coronavírus,1.0
fake foto mostre larva morango capaz provocar hepatite,0.0
post tira fala cármen lúcia contexto dizer lula inelegível,0.0
criança fila cirurgias urgentes fotografada desnutrição iêmen,0.0
governador paulo joão doria virar chacota umar americano,0.0
bolsonaro conta milhões suíça diz polícia federal boato,0.0
coronavírus prefeitura suspende ônibus pms grande pedem carona,1.0
vídeo sobre rodrigo maia passou tarobá censurado congresso boato,0.0
jorge aragão internado uti covid,1.0
vídeo mostra cristãos enforcados talibã ter bíblia casa boato,0.0
foto mostra pessoas voando meio nuvem fumaça após explosão beirute líbano boato,0.0
falso eficácia coronavac contra covid somente superior placebo,0.0
perfil amigo todos facebook função impede envio solicitações amizade,0.0
vez vacinas gênicas tecnologia mrna,1.0
ruim andar hospital ver colegas chorando conta infectologista,1.0
djokovic diz contrário vacina obrigatória voltar competições,1.0
vai demorar recuperar brasil bolsonaro diz doria,1.0
bruno maranhão líder mst braço direito lula preso drogas armas grana boato,0.0
motos carros queimados guerra civil venezuela mostra vídeo boato,0.0
neste vídeo apresentadores riam joão doria coronavac gato,0.0
manchester city cinco desfalques covid contra chelsea,1.0
hollywood pode dispensar roteiros papel retomada após pandemia,1.0
fala médicos sobre vírus perder força apoio órgãos saúde,0.0
abc construção dando materiais graça sofreu perdas chuvas boato,0.0
stf despesas valor bilhões,0.0
podemos dizer curados imunes coronavírus alerta oms,1.0
preciso aceitar esporte presença público tão cedo,1.0
regina duarte recebe mil pensão filha solteira militar boato,0.0
covid astrazeneca diz ter encontrado fórmula eficaz vacina,1.0
river plate vendeu libertadores flamengo fifa boato,0.0
coronavírus escancara desigualdade social brasil diz gilmar mendes,1.0
gravação reportagem sobre rotina coveiros circula enterro falso covid,0.0
rosa vai analisar recurso defesa cabral contra arquivamento inquéritos,1.0
bolsonaro primeiro presidente visitar marajó ministros,0.0
governo quer privilégio usar hospitais privados caso escassez,1.0
witzel processo penal brasileiro tornando circo,1.0
akon jogar palco rapaz jogar umar banana verdade,0.0
órgão direitos humanos pediu soltura assassinas menino rhuan,0.0
fake foto mostre caixão sendo segurado apenas dois dedos comprove enterros corpos manaus,0.0
fake ministros stf podem mudar voto durante julgamento,0.0
pressão ala militar governo decisiva restringir uso aviões fab autoridades,1.0
fake fotos multidões alemanha mostrem protesto contra restrições impostas covid,0.0
centrão aliado acm neto joão roma nomeado ministro cidadania,1.0
paraíba recebe mil doses vacinas covid,1.0
rio transborda manaus alaga hospital campanha mostra vídeo boato,0.0
lei obriga uso máscaras dentro casa aprovada congresso boato,0.0
oms mundo milhões casos novo coronavírus mil mortes,1.0
psg anuncia jogador diagnosticado novo coronavírus,1.0
dados junho julho mostram retomada indústria comércio diz ministério economia,1.0
desempenho covas fica abaixo votos brancos nulos abstenções,1.0
stf faz maioria limitar ações helicópteros sobre favelas,1.0
decretos assinados biden primeiro dia presidente branco,0.0
vai supremo liberar saque fgts razão pandemia coronavírus,1.0
instagram vai desativar contas enviarem mensagens privadas discurso ódio,1.0
grandes líderes aparecerem máscara diz presidente einstein,1.0
vídeo mostrar menino pendurar pelar cabeça verdade,0.0
candidato vereador joão pessoa voto manipular pelar tre,0.0
ministro stf rejeita pedido suspensão duas mps editadas governo,1.0
coronavírus isolamento feito todos sofrermos buldogue,1.0
prefeito vereador morrem decorrência covid interior,1.0
edifício vídeo parlamento francês conselho regional cidade limoges,0.0
auxílio emergencial atrasado porque milhões brasileiros tentaram inscrever app boato,0.0
pesquisa datafolha aponta perfil grupos sustentam apoio bolsonaro,1.0
papa doa exames covid moradores rua roma,1.0
onça vaca fazem amizade fotografadas fazenda mato grosso boato,0.0
meio pandemia problemas digitais eleição termina estados,1.0
ônibus comitiva lula acabar expulsar pelar itanagra bahia,0.0
governo espírito santo anuncia abono servidores públicos boato,0.0
charles lieber preso eua fabricar vender coronavírus china boato,0.0
panamá planeja alugar contêineres refrigerados amenizar colapso necrotérios,1.0
acordo onyx admite caixa dois pgr deve analisado supremo,1.0
uol folha sabatinam vera lúcia glória heloiza marchezan,1.0
covid ministro pazuello ressalta importância tratamento precoce destaca trabalho profissionais saúde,1.0
eduardo suplicy visto bêbado afro americana metrô nova york boato,0.0
ministra diz cpi pandemia deve politizar crise tão grande,1.0
vídeo mostra dias toffoli comemorando soltura lula decisão stf boato,0.0
fake vídeo mostre fiscais ibama promovendo incêndio criminoso área indígena,0.0
fabiano kipper mai autor ataque saudades foto che guevara forabolsonaro instagram boato,0.0
ministro alemão quer disponibilizar testes covid grátis todos,1.0
primeiras vacinas contra coronavírus entram hoje gaza,1.0
marinella della negro infectologista faz áudio sobre perigo cebola boato,0.0
guarda real britânica toca hino flamengo durante desfile reino unido boato,0.0
skol iphone pro samsung galaxy pesquisa satisfação whatsapp boato,0.0
civilização barbárie eua guerra decidem futuro,1.0
governo amazonas deve milhões white martins,0.0
advogada olga nikolaevna alerta golpe mensagens bom dia números clonam boato,0.0
gabbardo critica aglomeração palmeiras assim combate doença,1.0
post exagera creditar bolsonaro recursos educação amazônia,0.0
algumas variantes sars cov apareceram antes indica cronograma cepas,0.0
comercial banco brasil vetado bolsonaro custou milhões boato,0.0
fux diz guedes stf irá compor conselho fiscal república,1.0
turista apaixona anfitrião após alugar casa airbnb,1.0
william bonner grazi massafera assumem namoro boato,0.0
cada boulos diz erundina após candidato contrair vírus,1.0
lista vacinas oms uso emergencial visa aumentar acesso países pobres,1.0
desinformação sobre supostas medidas trump contra bill gates vacinas covid,0.0
publicação distorce informações sobre protocolos uso medicamentos contra covid,0.0
tubarão acabou encontrado praia cabo frio ilhéus brasil boato,0.0
governo quer comprar microssatélite milhões monitorar amazônia,1.0
paraíso alcance bali ficará fechada turistas estrangeiros,1.0
ciro moro huck doria centro ultra esquerda,1.0
ciro gomes flagrado conversando membro pcc boato,0.0
pense nada doar diz liderança,1.0
pazuello pretende remover mil pacientes amazonas outros estados,1.0
câncer descoberto vez análise fóssil dinossauro,1.0
eleições devolvem psl condição nanico política nacional,1.0
jovem produz máscaras especiais deficientes auditivos eua,1.0
governo quer plataforma venda online responsável recolher eventual novo imposto,1.0
roseau john george basseterre kingstown países embaixadas brasil boato,0.0
maioria fazem enem terminou ensino médio diz weintraub,1.0
fake foto mostre plataforma metrô lotada após adoção rodízio carros rígido quarentena,0.0
vereador jogado esgoto população salvador boato,0.0
toffoli passa bem deve ficar afastado stf menos dias diz boletim,1.0
fachin critica comandante exército afirma pressão militares sobre stf intolerável inaceitável,1.0
fake cientista morreu dois dias após tomar vacina experimental contra covid inglaterra,0.0
enquanto presidente deus tira daqui diz bolsonaro,1.0
enganosa postagem sugere instituto butantan informou morte voluntário vacina coronavac,0.0
kassio marques admite fez pós espanha culpa tradução diz randolfe,1.0
damares contraria bolsonaro sugere home office profissionais sexo,1.0
vídeo orquestra tocando bolero ravel sobre sena paris,0.0
postagens cápsula vazia provam conspiração prefeitos contra cloroquina,0.0
cemitério abre centenas covas após aumentar enterros covid,1.0
álcool adolescência pode causar lesões cerebrais dependência,1.0
decisão libertou lula outros presos gera enganos fake news rede,0.0
unicamp precisa urgência engenheiros mecânicos manutenção respiradores boato,0.0
câmara aprova reduz contribuição empresas sistema,1.0
diagnosticado covid kevin publica foto chorando instagram,1.0
barroso disse voto impresso pode levar judicialização eleições acha danoso,0.0
médico crm cassado caso recuse prescrever hidroxicloroquina,0.0
portugal primeiro dia mortes coronavírus desde março,1.0
enfermeiro desmaiar causar vacinar coronavirus verdade,0.0
maceió macapá únicas capitais utis abaixo,1.0
ministério saúde entrega ventiladores pulmonares,1.0
biden recebeu mil votos pessoas mortas pensilvânia boato,0.0
fake mulheres comandaram arrastão ônibus brt rio,0.0
moderna pede autorização uso emergencial vacina covid eua,1.0
prefeitura abre inscrições programa auxílio natalino whatsapp boato,0.0
fake vídeo mostre ciclistas descumprindo restrições ficando pelados praia rio noite,0.0
fake lima duarte fez anúncio pílula cura qualquer tipo dor articulações,0.0
lula depressão crises choro prisão revela boato,0.0
brasil relação governo trump eua dizem especialistas,1.0
covid moraes prazo estados comprovarem uso verba dívidas união,1.0
china comprou cooperativas riedi moinho iguaçu paraná durante pandemia boato,0.0
internações crianças covid cresceu rede privada,1.0
decidi compartilhar redes momento vulnerável luta contra covid,1.0
fake primeira colheita trigo nordeste ocorreu governo bolsonaro,0.0
virology center moscou rússia descobriu covid imune maior boato,0.0
funai suspende venda terra indígenas estrangeiros mando bolsonaro boato,0.0
charlie hebdo diz capa stf acredita lula santo boato,0.0
brasil bate recorde média móvel mortes sétimo dia consecutivo casos terceiro,1.0
babás virtuais cuidando crianças meio pandemia coronavírus,1.0
cientistas argentinos desenvolvem teste coronavírus barato rápido,1.0
isolamento explosão ajudar sinalizam individualismo crise,1.0
partidos vão stf contra mudança divulgação mortes covid,1.0
cnj autoriza volta atividade presencial tribunais dias,1.0
brasileiros vindos china vão ter cinco refeições dia sairão quarto máscaras durante quarentena anápolis,1.0
evidência nova variante coronavírus mortal diz boris johnson,1.0
fake beber água cada minutos previne covid,0.0
saúde envia mil doses vacinas covid pernambuco,1.0
vídeo bolsonaro desfilando bandeira estados unidos gravado setembro,0.0
mprj pede tutela antecipada contra decreto witzel reabre economia,1.0
brasil ultrapassa mil mortes covid média móvel óbitos dia,1.0
frança incluiu lei novo critério interrupção médica gravidez possível toda gestação,0.0
gripar suíno fatal coronavírus,0.0
moro virou candidato bom saldo bancário,1.0
brasil vacinou milhões meses contra agora patina contra covid,1.0
foto mostrar mau situação hospital mídia noticiar,0.0
tite demitido seleção brasileira recusar jogar copa américa boato,0.0
renato ribeiro diretor recomenda chá erva doce vitamina contra coronavírus boato,0.0
álcool gel inflamável especialistas recomendam usar água sabão casa,0.0
patrick martin dra lidia rota vender publicam dicas sobre novo coronavírus boato,0.0
manifestantes pró bolsonaro criaram faixa dizeres todos hemorróidas boato,0.0
luiz fux stf decreta fim auxílio anistiados ditadura boato,0.0
desembargadores rejeitam ação contra secretário transportes doria,1.0
obedece ordens doria agride idoso saiu rua quarentena boato,0.0
religiosos formam rede desinformação sobre coronavírus,1.0
gleisi hoffmann sugerir faixar frase residência livrar armar,0.0
chineses saíram cidade quarentena coronavírus pedem ficou cuidar animais estimação,1.0
ministério saúde vai comprar milhões doses coronavac colocar vacina programa nacional imunização,1.0
prisão sérgio reis acaba decretada alexandre moraes boato,0.0
lonomia venenosa cascavel existe soro veneno boato,0.0
vídeo mostra caminhada respeito médicos eua gugu liberato boato,0.0
senado adia votação novo fundeb após sessão congresso estender,1.0
fake máscaras inócuas podem causar infecção garganta,0.0
infectologista lembra morte parentes covid emociona vivo,1.0
estudo universidade hamburgo aponta coronavírus menos perigoso outras doenças boato,0.0
chá folhas boldo cura coronavírus boato,0.0
fake alto nível vitamina organismo reduza quase zero chance morte covid,0.0
derek knauss encontra covid testes positivos boato,0.0
integrante mtst preso incendiando florestas amazonas boato,0.0
china mortes provocadas coronavírus casos,1.0
jurgen klopp favorável paralisação futebol inglês conter covid,1.0
senado aprova volta audiências custódia virtuais,1.0
uti hospital universitário pedro ernesto covid deixa marcas doença silenciosa,1.0
operação spoofing arquivo revela vírus origem horror,1.0
fake vacina distribuída brasil empresa chinesa produz coronavac,0.0
havan sorteando polegadas acertar número premiado boato,0.0
milhões animais morrem atropelados rodovias todo ano diz estudo,1.0
fake edição revista publicada fale novo coronavírus,0.0
ministro interior peru propõe manter toque recolher fim ano,1.0
passaporte vacinação passe vida normal afronta liberdades,1.0
tasuku honjo ganhador prêmio nobel diz coronavírus natural boato,0.0
greve caminhoneiros realizada junho boato,0.0
notícias importantes sobre coronavírus agosto,1.0
coronavírus sobe mortos eua casos confirmados,1.0
moro diz continuará defendendo aprovação projetos anticorrupção,1.0
fake nóis black friday surgir época vender escravo,0.0
maracanã dia pouco movimento protestos antes fla boavista,1.0
estudo henry ford health system insuficiente provar eficácia cloroquina contra covid,0.0
exército interceptou diálogo moro valeixo grampeados boato,0.0
tse deve deixar julgamento chapa bolsonaro mourão,1.0
aéreas prazo maior devolver passageiros dinheiro viagens canceladas diz ministro,1.0
fake oms desmentiu recomendações anteriores sobre retomada economia países afetados pandemia covid,0.0
amazônia vendida brasil outros países alemanha frança rússia etc boato,0.0
barroso diz pretende pautar ainda ano tse ação pode cassar chapa bolsonaro mourão,1.0
trump acusa fda reduzir velocidade testes vacina covid,1.0
nuvens jesus cristo anjos vistas maracaibo venezuela boato,0.0
estadão chama esquerda pequena tempo editorial hoje boato,0.0
pedido intervenção militar forças armadas assinado modesto carvalhosa desembargador boato,0.0
assessor bolsonaro médico detalham gabinete paralelo lives,1.0
exame toxicológico obrigatório motoristas aplicativo entregadores partir agora boato,0.0
empresa coreana oferece livros digitais grátis pacientes coronavírus,1.0
cuba irá reduzir voos eua outros países ante alta casos covid,1.0
verdade combustíveis caros causa icms,0.0
fake funcionários guanabara coronavírus trabalhando normalmente,0.0
maia avaliação forte insuficiente candidatar presidência,1.0
amazônia maior desmatamento mês abril década diz imazon,1.0
stf atende pedido psol pcdob dem psdb proíbe hospitais militares atenderem pacientes covid boato,0.0
fake pesquisa mit concluiu coronavírus transmitido locais temperaturas acima,0.0
cuba recebe repasse novo sistema placas mercosul veículos,0.0
benjamin netanyahu recebe vacina contra covid israel,1.0
falar voz alta pode deixar coronavírus minutos diz mit,1.0
papai genocida,1.0
provas ivermectina testada apenas vitro possa curar novo coronavírus,0.0
coronavírus sabe sobre vacina resultados preliminares positivos eua,1.0
tonel rompe causa vazamento vinho vinícola aurora boato,0.0
bolsonaro elogia collor alagoas homem luta interesse brasil,1.0
frança aprova empréstimo bilhões euros resgatar renault,1.0
fake vídeo mostre brigadistas icmbio provocando queimada criminosa reserva pantanal,0.0
vacinas contra covid brasil passaram testes segurança,0.0
ganhou loteria bélgica recebeu mail boato,0.0
tre proíbe atos campanha aglomeração causa covid,1.0
eua autorizam armazenamento vacinas pfizer temperatura normal congeladores,1.0
dinheiro pode ter dispensar servidores combatem covid,1.0
fake governo ceará enviou ninguém receber carga vacinas contra covid aeroporto,0.0
luis fernando verissimo escreveu texto sobre depilação masculina boato,0.0
balanço global coronavírus passa mortos mil contaminados,1.0
bolsonaro rivais unem extremismo mediocridade abertura congresso,1.0
fake mortes atribuídas covid itália causadas outras patologias,0.0
fake comer fruta estômago vazio pode curar câncer,0.0
durante reunião ministra italiana descobre contraiu covid,1.0
acontece antes coronavírus estudo inédito revela lições aprendidas casos graves wuhan,1.0
fake vídeo mostre petistas abrindo buraco estrada conseguir verbas,0.0
auxílio emergencial benefício parcelas veja regras,1.0
bateria tesla explode carro acaba partido meio mostra vídeo boato,0.0
lojistas temem retrocesso doria fase amarela prejudique natal,1.0
aeroporto laguardia inaugura novo terminal plena pandemia,1.0
mundo passa milhões vacinas contra covid aplicadas brasil aparece vez ranking,1.0
compre pequenos produtores comerciantes durante quarentena,1.0
lula vaiado expulso feira importados brasília boato,0.0
parece governo passa tempo comendo alfafa lambendo sal mascando,1.0
shopping funcionará horas cinema praça alimentação,1.0
foto obra tempos lula usada elogiar bolsonaro verificamos,0.0
disputa nomes urna lula ganha bolsonaro,1.0
foto manifestante cartaz contra saúde pública montagem,0.0
enfermeira khalilah mitchell paralisia facial após tomar vacina contra covid eua boato,0.0
bolsonaro deu mal base apoio progressistas encolheram,1.0
coronavírus transmissível através vinho itália boato,0.0
fundação palmares vai mudar prédio avarias,1.0
vídeo verdade sobrar foto pessoa máscara pandemia gripar espanholar,0.0
presidente lula ganhar umar estátua suar homenagem washington,0.0
presidente promove aglomeração deveria bancar oxigênio próprio bolso,1.0
covid brasil registra recuperados,1.0
reportagem italiana sobre vírus criado laboratório chinês relação covid,0.0
carta shell década mostra raridade sobre lula boato,0.0
teste anticorpos feito médico prova coronavac protege contra covid boato,0.0
frase sobrar vastidão ignorância homem pertencer nietzsche,0.0
cartão construção valor mil distribuído site boato,0.0
otimismo vacina nível diz diretor instituto butantan,1.0
sputnik veto anvisa político diz chefe comitê científico,1.0
mec culpa medo covid mídia contra abstenção enem,1.0
pazuello ganha passaporte diplomático itamaraty viaja eua boato,0.0
exército manifestantes cercaram stf prender ministros corte boato,0.0
nomeação militar defesa temer abriu brecha atual crise,1.0
sob bolsonaro tubaína pesa currículo escolha titular stf,1.0
papa francisco disse família lugar perdão existe família perfeita boato,0.0
fake invasão sistemas tse prova fraude urnas manipulação votos,0.0
foto mostra caixões vítimas coronavírus enfileirados bergamo itália boato,0.0
várias falhas nesse caso diz gilmar mendes sobre andré rap,1.0
fake mensagem atribuída robert kennedy sobre efeitos irreversíveis causados vacinas contra covid,0.0
domínio público urltoken vai desativado falta acessos boato,0.0
fake felipe neto incentivou crianças acessarem fóruns promovem pedofilia,0.0
médico elsimar coutinho morreu decorrência covid boato,0.0
covid estudo italiano propõe uso cloroquina tratamento,0.0
aplicativo sugere troca carona sexo vai chegar brasil boato,0.0
josé dirceu george soros iriam fantasiar militantes mst índios protesto brasília boato,0.0
posts opositores governistas desinformam sobre atos contra bolsonaro,0.0
falso pernambuco copiado bolsonaro bolsa família,0.0
congresso assume protagonismo inédito crimes contra vida prescrevem antes punição,1.0
brasil mil mortos covid média móvel óbitos dia,1.0
vinícola aldegheri itália cria vinho homenagem bolsonaro boato,0.0
quase insuportável brasileiros enfrentam lockdown alemanha,1.0
coronavírus mundo ultrapassa marca milhões casos diz oms,1.0
descarga tampa aberta pode espalhar vírus mostra estudo,1.0
foto mostra lula joelhos evo morales hugo chávez boato,0.0
joão doria maracanã assistir final taça libertadores bruno covas sim,0.0
padres aparecida redentoristas passam surto covid após semana santa boato,0.0
fake beber vodca uísque mate coronavírus garganta,0.0
fake general mourão fez post dizendo livros dirão bolsonaro lembrado libertar mil cubanos escravidão,0.0
senhor chegou pindamonhangaba procura mãe maria aparecida neves boato,0.0
bolsonaro precisa fazer auxílio emergencial outra vez diz lula,1.0
lula bolsonaro ciro fortaleza vira microcosmo eleição,1.0
douglas garcia pagar mil dossiê contra antifascistas,1.0
riachuelo anuncia suspendeu veiculação comerciais globo boato,0.0
familiares buscam cilindros oxigênio salvar pacientes manaus,1.0
bolsonaro ignora pesquisas mantém confiança trump fala lealdade,1.0
brasil pode descartar bilhões máscaras tecido,1.0
vazamento gás indústria química índia deixa cinco mortos centenas intoxicados,1.0
stf autorizou monitoramento chamadas mensagens whatsapp partir amanhã boato,0.0
reabertura economia anunciada grande diz meirelles,1.0
globo mostra bastidores enaltece cobertura pandemia documentário,1.0
defender ivermectina bolsonaro omite artigo recomenda estudos,0.0
bolsonaro sugere paulo guedes reforma tributária fatiada,1.0
lira presidência câmara esperem pior estarão certos,1.0
vacinas contra covid imunização massa aponta queda infecções internações israel,1.0
brasil registra média móvel casos maior desde início pandemia,1.0
viúva médico chinês alertou sobre coronavírus luz,1.0
fake governador pernambuco proibiu missas online durante pandemia coronavírus,0.0
agu entregou stf exames bolsonaro coronavírus,1.0
juiz arquiva ocorrência desacato advogado contra policiais,1.0
coronavírus segue deixando marca mundo,1.0
paes defende parceria bolsonaro contra covid flávio vai ajudar,1.0
covid avião lote chega viracopos brasil totaliza doses vacina pfizer,1.0
hospital campanha manaus luta contra covid,1.0
doria presta solidariedade moro lava jato divisor águas,1.0
mãe irmã adélio trabalhavam gabinete maria rosário boato,0.0
oms diz covid pior emergência global saúde enfrentada entidade,1.0
marcos nobre eleição deixou todos menos tamanho,1.0
google lança tradutor hieróglifos baseado inteligência artificial,1.0
espanha registra aumento mortes desde início pandemia,1.0
alemanha nova queda número casos diários covid,1.0
stf proíbe venda livro escrito rodrigo janot boato,0.0
privatização eletrobras virá poder veto união diz lira,1.0
israel derruba prédio hamas grupo islâmico dispara contra tel aviv,1.0
falsar tre anular eleição diverso cidade tocantim,0.0
eua tocam hino nacional brasil times square homenagem setembro boato,0.0
plano reabertura veja poderá fazer partir queda casos,1.0
secretário critica interior flexibilizar banalizar isolamento,1.0
pepsi celebra aniversário prêmios pesquisa whatsapp boato,0.0
beber suco cebola impede desenvolvimento problemas próstata,0.0
fake sucuri metros sido encontrada rio xingu,0.0
estados unidos vacinaram população contra covid,1.0
fake vídeo mostre ataque aéreo comboio general iraniano,0.0
livro aparelho sexual cia faz parte kit gay distribuído mec,0.0
fake kits testes covid comprados países,0.0
florianópolis justifica flexibilização confia enfrentamento coletivo,1.0
donald trump colocou abraham weintraub sob proteção fbi eua boato,0.0
ministério saúde divulgará dados covid plataforma interativa,1.0
mortes brasil bate novo recorde média móvel óbitos covid,1.0
bolsonaro reúne chefes fla vasco apelo volta futebol,1.0
câmara aprova pagamento lives recurso público,1.0
fux derruba liminar liberava abertura bares interior,1.0
manifestantes esquerda colocaram fogo banco sangue hospital chile boato,0.0
postagem sugere motivação política anvisa recusar vacina sputnik especialistas apontam critérios técnicos,0.0
cidinha campos descobriu freixo psol têm milícia secreta policiais boato,0.0
câmara rejeita requerimento tirar pec imunidade pauta,1.0
bandeiro líbano projetada pirâmide egito solidariedade vítima beirute,0.0
tse acaba censurar comentário arnaldo jabor sobre lula dilma mensalão stf boato,0.0
google manterá trabalho remoto funcionários julho diz jornal,1.0
china vacina todo mundo curou boato,0.0
brasil pode tornar epicentros pandemia diz presidente butantan,1.0
saúde autoriza leitos uti covid alagoas,1.0
imposto federal sobre gasolina cobrado nota fiscal deve devolvido boato,0.0
marcelo bretas flagrado andando bicicleta máscara queixo,1.0
defunto solto pum velório pessoa hospitalizar verdade,0.0
vídeo distorce informações sobre cloroquina usando bula novalgina,0.0
glenn greenwald internar pressa overdose cocaína,0.0
fake print conversa moro dallagnol sobre sentença lula,0.0
lula aparece bêbado vídeo após decisão fachin anula condenações boato,0.0
ford desiste fechar fábricas vai sair brasil boato,0.0
ter milhões doses vacina prateleira usar doloroso,1.0
brasil mortes covid aponta consórcio veículos imprensa atualização,1.0
verdade jeanine añez declarar traço ariano nórdico,0.0
ciência levará anos compreender dinâmica riscos covid diz pesquisadora,1.0
carlos bolsonaro expulso redes sociais facebook instagram twitter ordem gilmar mendes boato,0.0
deputado daniel silveira cometeu burricídio,1.0
homem provocar manuela ávila policial escoltar presidente lula,0.0
bolsonaro chama renan vagabundo diz cpi covid comete crime,1.0
comprovação vacina pfizer causado paralisia bell voluntários,0.0
receita federal libera inscrição novos cpfs mail custo qualquer idade,1.0
fake foto mostre renata vasconcellos máscara aglomeração virada ano,0.0
romário critica desafio tik tok faz piada aparência pessoas,1.0
fake foto mostra doria pichando símbolo comunista muro,0.0
coronavírus prefeito paraguai reforça fronteira brasil cavando trincheiras,1.0
lenta retomada china indica rota difícil economia global,1.0
paraíba recebe doses vacinas covid,1.0
spit first escrito tatuagem anitta boato,0.0
lula primeiro ranking líderes corruptos história boato,0.0
estudar pessoa letra feio inteligente,0.0
foto umar idoso participar umar manifestação maio,0.0
fake vídeo mostre filha ator josé abreu agredindo verbalmente funcionários quiosque rio,0.0
verdade sobrar umar sacola parecer caminhar mear ruir,0.0
nuvem gafanhotos desvia brasil vai twitter forma memes,1.0
verdadeiro vídeo publicado bolsonaro mostra comboio levando alimentos araraquara,0.0
bombeiros defesa civil alertam pessoas retirem eletrodomésticos tomadas causa calor boato,0.0
filho novo bolsonaro ganhou cargo secretaria especial cultura,0.0
bolsonaro descobre roberto carlos usou lei rouanet tira coroa rei boato,0.0
oswaldo eustáquio alvo mandado prisão domiciliar usará tornozeleira,1.0
friends causa crise jen aniston lisa kudrow nada tão bom,1.0
reino unido inicia nova abordagem teste massa covid liverpool,1.0
saúde antecipa vacinação contra covid parte forças segurança salvamento forças armadas,1.0
postagens enganosas sobre riscos cada vacina contra covid consideram benefícios,0.0
charlie hebdo publica charge bolsonaro fazendo cocô bandeira brasil boato,0.0
china fase coronavac porque quer brasileiros cobaias boato,0.0
fake governo alemanha recomendou substituir tapete pano água sanitária evitar covid,0.0
bolsonaro sabia manifestante morreu usar foto post diz família,0.0
site tse sofre instabilidade vésperas eleições,1.0
papa francisco disse vacinado sangue cristo oração boato,0.0
stf valida lei mato grosso permite venda bebida alcoólica estádios,1.0
aplicativo conecte sus controle vacinação contra covid palma mão saiba usar,1.0
fugitivo polícia esconder ferrari caminhão verdade,0.0
cruzeiros voltam veneza após ano viagens restrições pandemia,1.0
ditador comunista angola amigo lula matando crianças cristãos boato,0.0
tabela datasus mostra mortes ocorridas aponta covid grave boato,0.0
freira fala verdade denunciar vacinas plano papa bill gates exterminar população boato,0.0
portal transparência registro civil mostra pandemia covid brasil boato,0.0
porcentagem candidatos paulo prova fraude eleições boato,0.0
bill gatar criar umar vacinar chip líquido parir controlar humanidade,0.0
fake imagem mostre ferimentos causados vacina pfizer biontech pés voluntária eua,0.0
coronavírus milhões pessoas mundo árabe impossibilitadas lavar mãos,1.0
fake trump mandou tocar hino nacional brasil setembro nova york,0.0
deixamos ninguém atendimento pandemia diz covas,1.0
funciona paciência diz pesquisador novo estudo cloroquina,1.0
datena vai programa rádio desiste candidatura neste ano,1.0
mec publica portaria permite suspender pagamento parcelas fies,1.0
eua têm hospitalizados covid agora onda diz opas,1.0
israel prorroga confinamento vez tentar conter covid,1.0
agora assim fadiga vídeo reuniões presenciais devem diminuir,1.0
vídeo mostrar chinês cuspir parir espalhar coronavírus pelar mundo verdade,0.0
butanvac teste inclui vacinados total condição analisar eficácia dizem especialistas,0.0
fake foto mostre bolsonaro jovem uniforme exército abraçando outro militar,0.0
vila olímpica jogos tóquio custou milhões rio valor milhões boato,0.0
goleiro sidão voltar parir escuro triste constrangimento viver,0.0
instagram muda regras fotos seios após protesto influenciadora plus size,1.0
defensoria pública pede stf conceda regime domiciliar presa anos,1.0
ibama coloca fogo mata culpar governo bolsonaro mostra vídeo boato,0.0
lula agradece marcola pcc discurso após sair prisão boato,0.0
fake imagem livro cristalizado bíblia encontrada fundo oceano,0.0
covid governo anuncia chegada mil doses coronavac,1.0
seringas soro fisiológico sendo aplicadas idosos brasil boato,0.0
aurora espera confirmação oficial sobre frango coronavírus china,1.0
toffoli defende isolamento evitar avanço coronavírus,1.0
após pressão congresso ernesto araújo deixa comando itamaraty,1.0
bolsonaro castigou carrefour multas após morte cachorro boato,0.0
véspera reunião bolsonaro pacheco cita caminho união caos,1.0
fake imagem mostra bolsonaro comitiva contemplando lula museu,0.0
david almeida avante vota discrição manaus após falecimento mãe,1.0
fake cidade itaperuna curado pacientes covid,0.0
diz escandalosa mensagem astrônomo carl sagan enviou extraterrestres,1.0
bundesliga planeja retorno maio encerrar campeonato junho,1.0
mutação identificada brasil pode afetar alcance proteção vacinas,1.0
fake água abacaxi quente mata células cancerígenas,0.0
coronavírus esgoto revela deficiências saneamento brasileiro,1.0
mpe favorável live caetano veloso campanha manuela ávila,1.0
bolsonaristas fazem campanha coronel exército mec,1.0
prefeitura rio veta piscinas mantém uso praias,1.0
prefeitura recebe mil inscrições mães trabalhar escolas,1.0
pesquisadores criam ferramenta analisar cérebro bebês recém nascidos objetivo prevenir doenças,1.0
silêncioestratégico forte antídoto venturinis sikêras,0.0
médico denuncia vacina chinesa aplicada teste brasileiros boato,0.0
base americana intercepta mísseis irã sistema rastreamento mostra vídeo boato,0.0
celular adélio bispo autor facada contra bolsonaro sim periciado,0.0
vida única província italiana coronavírus,1.0
áustria implementará terceiro confinamento rígido natal,1.0
fake pesquisa mostra vapor eucalipto protege ambientes coronavírus,0.0
janeiro ultrapassa dezembro número mortes covid indicam secretarias saúde,1.0
senado aprova indicações agências reguladoras anpd,1.0
decisões stf contra bolsonaro dentro atribuições corte,0.0
hospitais beirute líbano vivem situação crítica após explosão aumento casos covid,1.0
bolsonaro início projeto amazônia conectada leva internet fibra ótica região mostra vídeo boato,0.0
governo ceará municípios estado devem informar execução orçamentária março,1.0
apenas devemos escrever data completa documentos boato,0.0
andré esteves presidente btg trás revista veja editora abril boato,0.0
doses janssen doadas eua brasil aprovadas anvisa,0.0
rússia soltou leões ruas pessoas fiquem casa quarentena boato,0.0
vídeo plandemic viraliza informações falsas sobre covid,0.0
oito bebês orfanato tóquio diagnosticados coronavírus,1.0
fake bebê anos morreu após receber vacina pfizer durante teste,0.0
pedidos empréstimo setor elétrico somam bilhões diz aneel,1.0
vídeo italiana rai prova coronavírus covid criado laboratório china boato,0.0
oyama colapso saúde manaus faz pazuello gaguejar cpi,1.0
sete jogadores bayern incluindo lewandowski testaram positivo covid boato,0.0
vídeo mostra aparelho bolinha faz movimento perpétuo verdade,0.0
copa américa pode gota água onda estourar brasil diz miguel nicolelis,1.0
brf vagas emprego compartilhar link whatsapp boato,0.0
empreitada criminosa saúde pará atuação essencial governador diz ministro stj,1.0
covid pazuello elogia stf autonomia estados contraria bolsonaro,1.0
fake homem ateou fogo agência poupatempo bangu,0.0
sérgio moro acaba escolhido maior líder mundo fortune boato,0.0
vídeo mostra fogo aeroporto dubai emirados árabes unidos boato,0.0
fachin vota restrição política segurança pública wilson witzel,1.0
macron proporá transferir vacinas países ricos áfrica,1.0
capes suspende dias pagamento dívidas bolsistas,1.0
frança prepara força policial manter quarentena feriado páscoa,1.0
eua crise clube strip aposta delivery show drive through,1.0
sargento detido cocaína voo fab espanha vira réu tráfico internacional,1.0
google lança bicicleta anda sozinha mostra vídeo boato,0.0
ministros países pedem campanha vacinação conjunta,1.0
mulheres decoram unhas combinar máscaras tecido veja exemplos,1.0
nebulização hidroxicloroquina cura covid boato,0.0
live moro diz conservador liberal prova reacionário,1.0
arminio fraga critica intervenção estatal petrobras pede privatizações,1.0
fake vídeo mulher jogando lixo rua gravado durante enxurrada rio,0.0
ministério saúde estado amazonas atuam juntos enfrentamento covid,1.0
fake foto mostre criminosos passando eletricistas meio pandemia coronavírus,0.0
homem recusa usar máscara preso rio diz guarda municipal,1.0
covas aposta inexperiência boulos mira gestão pandemia,1.0
azul personalizou avião cores flamengo fazer transportes aéreos boato,0.0
governo groenlândia dará duas esposas cada homem mudar boato,0.0
joice hasselmann bateu carro festa clandestina boato,0.0
senado aprova projeto institui canal contra maus tratos idosos,1.0
checamos afirmações sobre lei aborto aprovada nova zelândia,0.0
incrível foto animar realmente verdadeiro falso,0.0
auxílio emergencial parlamentares defendem voltar pagar mês,1.0
senado aprova autoriza união repassar bilhões estados municípios,1.0
mansão lula uruguai citada delação palocci boato,0.0
casos ativos coronavírus itália caem dia seguido,1.0
renan aponta contradições nise yamaguchi cpi covid,1.0
sebastião melo mdb eleito prefeito promessa reabrir porto alegre,1.0
fake uso prolongado máscara contra coronavírus leva quadro intoxicação baixa oxigenação organismo,0.0
comprovação reações adversas notificadas anvisa causadas vacinas,0.0
governo amazonas estuda acolher pacientes covid outros estados,1.0
strip balada las vegas ainda voltou cidade pecado,1.0
fbi cia descobrem professor espião governo chinês brasil boato,0.0
presidente fhc movimento terra farão aliança contra bolsonaro,0.0
lula dilma consequências menos negativas bolsonaro,1.0
comediante dave chappelle covid shows cancelados,1.0
fake bolsonaro aposentou exército insanidade mental,0.0
álcool gel ungido contra coronavírus vendido universal boato,0.0
trump faz oração saúde bolsonaro mostra vídeo boato,0.0
onu pede vacina contra coronavírus acessível todos,1.0
cinco imagens atribuídas marcha pró trump novembro apenas verdadeira,0.0
policiais chile flagrados cheirando cocaína antes manifestação boato,0.0
nasa afirmar asteroide atingir terra outubro,0.0
avicultores suinocultores atacados população faminta argentina boato,0.0
morto fumando caminhão mostra pandemia fraude boato,0.0
fabricante busca eua avião levar carreta oxigênio manaus,1.0
rússia introduz período quarentena semanas chegadas reino unido,1.0
saúde monitora eventos adversos pós vacinação covid,1.0
falcão tirou mário quintana ruas após poeta despejado hotel boato,0.0
inss agu recorre decisão suspendeu retorno peritos trabalho presencial,1.0
câmara aprova texto base linha crédito micro pequenas empresas,1.0
compete governo causar pânico diz mourão sobre atuação federal pandemia,1.0
fake médico chinês morreu tomar coronavac,0.0
enganoso afirmar resultado enquete sobre voto impresso reflete opinião população,0.0
google fecha acordo milhões empresa comunicação australiana após resistência nova lei,1.0
doria máscara primeiro tomar vacina chinesa contra covid boato,0.0
alta casos variante britânica faz itália manter estações esqui fechadas,1.0
relator diz reforma administrativa constitucional defende aprovação,1.0
novo surto china sinais coronavírus pode mutação,1.0
coronavírus anuncia redução tarifa gás natural partir maio,1.0
sob bolsonaro brasil restaurou monarquia,1.0
grupo whatsapp resistência psol uepa planeja infectar pessoas coronavírus boato,0.0
correlação aumento casos covid chile uso coronavac enganosa,0.0
foto mostrar bolsonaro trump telão times square real,0.0
paulo guedes sapatos apenas meia durante pronunciamento bolsonaro boato,0.0
minas gerais estuda criar mil leitos atender pacientes covid,1.0
arrecadação federal cai maio pior dado mês desde,1.0
após covid doria testa funcionários palácio bandeirantes,1.0
vamos rebaixar diz eduardo leite após acionar stf contra bolsonaro,1.0
brasil países doses vacina covid reservadas,1.0
fake peru suspendeu testes coronavac problemas neurológicos voluntário,0.0
coronavírus oms afirma pandemia controlável pede esforço mundial,1.0
covid mortes país bate média óbitos vez,1.0
bolsonaro presidentes fla vasco descumprem normas meio pandemia,1.0
vídeo mostra chuva granizo shopping maringá botucatu boato,0.0
fake covid plano internacional controle redução população lançado,0.0
liga campeões jogo volta city real madrid pode sofrer mudanças,1.0
fake imagem mostra inscrição covid vagão trem,0.0
pastor milton ribeiro mec vitória bancada evangélica,1.0
funcionário gol flagrado roubando bagagens avião mostra vídeo boato,0.0
inicia fase restritiva colapso mantém missas jogos,1.0
após ameaças corte doria anuncia investimento fapesp,1.0
corinthians calote padaria donos vão justiça cobrar mil boato,0.0
enem sim alunos prejudicados diz presidente inep,1.0
papa manifestou sobre legalização aborto argentina boato,0.0
telegram admitir converso vazar lavar jato adulterar hackers,0.0
ministros stf tom ameaça nota heleno desviar foco vídeo,1.0
semana brasil setembro impulsionar economia apesar pandemia,1.0
prefeito impõe toque recolher melhor quebrar perder vida,1.0
coronavírus imigrantes sendo expulsos eua cerca minutos,1.0
governo bolsonaro flexibilizou março exigências exportação madeira brasileira,1.0
entidades recomendam vacina contra covid gestantes diabetes obesidade hipertensão arterial,1.0
nino cita erros flu critica carioca protocolo seguro,1.0
eua devem liderar retração pib global,1.0
brasil ultrapassa marca mil mortes covid,1.0
cpi covid barra tentativa governista levar malafaia depor,1.0
checamos pronunciamento bolsonaro sobre ações governo contra covid,0.0
revista veja prova covid novo coronavírus existia desde mostra vídeo boato,0.0
imagem circula web comprova venda cloroquina trem,0.0
dino diz esperar queiroga mantenha palavra sobre compra sputnik,1.0
bolsonaro pede união contra esquerda após lula pregar aliança,1.0
stf autoriza casamento homem jumenta ceará boato,0.0
lei criada bolsonaro acaba dia bruxas brasil boato,0.0
fake foto mostre estrada pré moldada construída apenas horas japão,0.0
fake oms mudou classificação idoso pessoa anos,0.0
reinfecção grave variante coronavírus traz novo alerta sobre mutações diz cientista,1.0
pesquisa medirá nível propagação coronavírus brasil,1.0
companhias aéreas cancelam voos hong kong após exigência testes,1.0
adidas dando mil tênis camisetas grátis aniversário boato,0.0
fbi acusa hackers china atacar pesquisa covid promete provas,1.0
quatro dúvidas ainda restam sobre todas vacinas contra covid,1.0
atacadão distribuindo cestas básicas dia crianças site whatsapp boato,0.0
após reunião toque recolher suspenso quarta feira,1.0
papa francisco disse jesus pecou deus bárbaro boato,0.0
falso cloroquina salvado mil vidas diz bolsonaro,0.0
reino unido rússia farão primeiras vacinações contra covid próxima semana,1.0
pandemia brasil registra abertura loja virtual minuto,1.0
erro dosagem abre caminho aprovação vacina contra covid astrazeneca oxford,1.0
dia mães pode gerar nova onda contágios alerta epidemiologista,1.0
decreto lei criar tribunal constitucional militar enganoso inconstitucional,0.0
rogério lins prefeito osasco coronavírus,1.0
fake vídeo mostre mulher viva caixão durante velório paulo,0.0
eua padre comungou fiéis testa positivo coronavírus,1.0
coronavírus sindicatos inquilinos convocam greve aluguel espanha,1.0
demissão ministro defesa põe mesa carta radicalização,1.0
ministrar sérgio morar exigir ipva,0.0
brasil registra casos pessoas recuperadas,1.0
lula expulsar jornalista larry rohter publicar presidente alcoólatra,0.0
estudo sugere cobra hospedeiro coronavírus china,1.0
verdade gambá resistir picar cascavel cobrar coral,0.0
vídeo mostrar robô caminhar igual humano verdade,0.0
fake homem colocado vivo saco fúnebre inflar mortes coronavírus,0.0
ministro nelson teich aceitar cargo secretário saudar paulo,0.0
fake vídeo mostre posto gasolina paraguai,0.0
dallagnol critica processo contra cnmp cita caso desembargador,1.0
lionel messi contratar mickey deep web parir animar aniversário filhar,0.0
mcdonald dando milhares big macs grátis causa anos boato,0.0
coronavírus avança parar américa novos focos surtos,1.0
bolsonaro derruba bolsonaro tudo dominado aparelhado brasil,1.0
governo federal pode responsabilizado mortes covid dizem médicos cientistas,1.0
vídeo mostra forte chuva granizo muriaé boato,0.0
seis passos rebater fake news voto impresso,0.0
mario kozel filho assassinado dilma tiros boato,0.0
homem vacinar vezar covid argentino,0.0
idoso suspeita covid foge hospital morre cair janela,1.0
programa merenda casa paga auxílio compartilhar whatsapp boato,0.0
mulher grita jesus avião expulsa voo atrasa avião pega fogo boato,0.0
fake sargento fab detido cocaína filiado algum partido político,0.0
enfermeira denuncia nova ordem mundial desligando oxigênio pacientes covid boato,0.0
coronavírus deixa países risco escassez remédios hiv,1.0
criatura estranha comeu homem lavoura soja paraguai boato,0.0
bolsonaro admite falou reunião interferência visou segurança familiar,1.0
covid teste remédio vitro significa funciona humano,1.0
espanha proíbe funerais cremações três acompanhantes,1.0
professor quer trabalhar pandemia diz ricardo barros,1.0
médicos manifestam interesse atuar manaus,1.0
papa francisco convoca todos urgência benção praça pedro boato,0.0
george floyd violentou bebê boato,0.0
tuíte contra transferência recursos fundão eleitoral publicado rodrigo maia,0.0
fake hospital campanha anhembi pacientes médicos têm sido liberados plantões,0.0
fake foto mostre escada rolante abandonada carrefour usina,0.0
redar mostrar fraudar eleição norte americanas eleitor nascer,0.0
estudo belga comprova eficácia tratamento precoce hidroxicloroquina covid diferentemente afirma deputado,0.0
miriam leitão pensão mil bolsa ditadura cortada governo boato,0.0
bill gates preso exército americano tráfico crianças outros crimes boato,0.0
daniela mercury diz irada juíza gabriela hardt mal saiu casca ovo boato,0.0
gleisi hoffmann disse seca nordeste cultural falso tuíte viralizado,0.0
joe biden perder status presidente eleito mudança pensilvânia,0.0
falso tuíte afirmando pazuello viajou eua passaporte diplomático,0.0
estudo henry ford health system prova eficácia cloroquina,0.0
cada crianças covid internadas hospital brasília precisou suporte oxigênio diz pesquisa,1.0
greta thunberg neta george soros posou foto avô esquerdista boato,0.0
café brasileiro sangue boi,0.0
litoral casos dengue dificultam trabalho médicos pandemia,1.0
sindicato escolas particulares entra recurso volta aulas,1.0
checamos afirmação equivale número óbitos covid brasil liberação leitos,0.0
fake padre fábio melo fez texto defendendo quer seguir trabalhando tempo isolamento social,0.0
missionárias cristãs afeganistão colocadas sacos plásticos praça pública boato,0.0
irã registra recorde mortos covid,1.0
paula fernandes apoiar show cancelar falto público,0.0
hackers podem clonar impressão digital fotografada selfies boato,0.0
coronavírus governo federal reconhece estado calamidade pública tocantins,1.0
cinco propostas retomar economia após coronavírus,1.0
desembargador advogados acionaram forças armadas contra stf,0.0
caixa amplia horário agências atender auxílio emergencial,1.0
goldman alerta recessão pior década,1.0
falso enfermeiros usem testes covid crianças golpe,0.0
corregedoria câmara vai tentar notificar deputado wilson santiago nesta terça feira,1.0
sarampo último fim semana campanha vacinação,1.0
marilena chauí flagrada bêbada após causar acidente trânsito mostra vídeo boato,0.0
stf retoma julgamento sobre anulação condenações lula nesta quinta,1.0
eua triunfará contra pandemia diz trump evento fim segunda guerra mundial,1.0
sigilo telefônico lula adélio bispo mantidos enquanto bolsonaro quebrado boato,0.0
falso zonas eleitorais paulo registrado resultados iguais,0.0
venezuela preparada combater coronavírus,1.0
contrário dito bolsonaro especialistas veem subnotificação covid brasil,0.0
ministério saúde ainda padrão desejado apoio estados diz doria,1.0
covid atinge coração inflamação músculo achada semanas após recuperação apontam estudos,1.0
fake moro cunhado aécio avô ministro fundadores psdb,0.0
fake fotos mostrem joe biden assediando crianças,0.0
kalil libera reabertura bares comércios academias belo horizonte,1.0
reino unido admite sistema rastreamento covid viola privacidade,1.0
salvador vacinação dose contra covid suspensa falta estoque,1.0
máscaras contaminadas china chegando porto santos itajaí boato,0.0
general heleno diz ministro abandona governo bolsonaro canalha frouxo boato,0.0
rodrigo maia clarissa garotinho lançam candidatura prefeitura rio janeiro boato,0.0
trump bolsonaro hitler compararam imigrantes índios judeus animais boato,0.0
ator preso fbi promover cura coronavírus internet,1.0
fake vídeo mostre criatura andando meio rua ilhéus,0.0
vacina brasileira contra covid mantida segredo bolsonaro pazuello fiocruz boato,0.0
foto mostrar mão queimar álcool gel verdade,0.0
descoberto vazador conversas moro diogo castor mattos boato,0.0
algo grave acontecendo argentina desinformação vídeo viral sobre pandemia,0.0
boris casoy diz bolsonaro deve mandar globo inferno boato,0.0
disponibilidade kit intubação preocupante diz presidente fnp,1.0
vídeo erra dizer escritório endereço caro nova york mst,0.0
bruno covas engrossa coro contra racismo destaca desigualdade brasil,1.0
bar brahma centro paulo vai fechar definitivamente causa isolamento social boato,0.0
fake chá artemísia considerado cura covid,0.0
coronavírus funai atende mpf garantir saúde indígenas isolados,1.0
fake coronavírus matou nenhum político brasil china,0.0
vídeo mostra adega sérgio cabral descoberta polícia federal boato,0.0
falso enfermeira sido demitida após filmar leitos vazios hospital bahia,0.0
baixo clero eleições eua renda cidadã rachadinhas flávio bolsonaro,1.0
estádio mané garrincha brasília pegou fogo após incêndio criminoso boato,0.0
elenco barcelona reapresenta faz testes voltar treinos,1.0
cnpq nega qua plataforma lattes irá acabar sendo modernizada,0.0
maior taxa mortalidade coronavírus país diz estudo,1.0
flávio bolsonaro diz vítima campanha difamação patrocinada grupo político,1.0
câmara aprova permitir compra vacinas estados municípios empresas,1.0
mãe quebra tédio quarentena desenhando sobrancelha filha,1.0
placar acachapante punição bretas indica justiça ainda respira,1.0
psol vai stf recursos proporcionais candidatos negros,1.0
fake testes vacinas covid sido cancelados brasil conta mortes voluntários,0.0
vídeo motoristas caminhão pipa descartando água anterior governo bolsonaro,0.0
record ignora pesquisa pediu exibe outra favorável crivella,1.0
coronavírus eua ultrapassam mil mortes registram casos,1.0
empresas precisam publicar balanços jornais após bolsonaro boato,0.0
ministério saúde autoriza leitos uti covid santa catarina,1.0
uol folha sabatinam candidatos joão arruda bruno reis marília arraes,1.0
metrô londres amanhece cheio após anúncio relaxamento isolamento,1.0
fake governo anunciou adoção lei seca março ampliar confinamento,0.0
bolsonaro manda tratores bahia rui costa entrega boato,0.0
manter mente períodos crise atual,1.0
vídeo mostra filha julia roberts hazel cantando voz incrível boato,0.0
ganhe diamantes passes créditos free fire compartilhando link whatsapp boato,0.0
mírian macedo companheira cela dilma negou tortura presidente,0.0
japão retirou expulsou globo após anos boato,0.0
bolsonaro perfeita harmonia poderes poderia esperar,1.0
foto mostra kit teste covid desenvolvido empresa sul coreana,0.0
servidores dizem depoimento governo toma medidas prejudicar fiscalização ambiental,1.0
deputado pede investigação sobre uso forças armadas pandemia,1.0
exame hiv vazar pelar wikileaks provar steve jobs soropositivo,0.0
foto mostra guardas memorial lincoln capitólio estados unidos,0.0
terapias rna revolucionando tratamento doenças raras,1.0
xuxa sorteando cartões reforma presente mil usuários facebook boato,0.0
ministério saúde falou sobre cidades casos brasil,1.0
cia entregou bolsonaro pen drive denúncias contra esquerda stf boato,0.0
coronavírus orientação oficial funcionários empresas,1.0
kassio sobre lei abuso autoridade sei utilizada,1.0
nobel medicina disse coronavírus criado laboratório,0.0
hospital piauí zerou pacientes covid após uso cloroquina,0.0
jean wyllys acusado desvio verbas públicas polícia federal boato,0.0
conferência merkel defende papel oms luta contra covid,1.0
bolsonaro quer agenda liberal posto ipiranga,1.0
pazuello nega falta seringas iniciar vacinação ataca imprensa,1.0
casos coronavírus china podem fagulha incêndio maior diz oms,1.0
fake joe biden dormiu durante entrevista vivo,0.0
dias semana repetem vezes fevereiro acontece cada anos,0.0
pérolas retiradas amazônia contrabandeadas frança mostra vídeo boato,0.0
meteorito encontrado saara antigo própria terra revelam cientistas,1.0
carrefour dando cupom ajudar população pandemia covid boato,0.0
stj diz arquivos íntegros após ataque hacker prevê normalização terça feira,1.0
mil pessoas recuperaram covid maranhão aponta ses,1.0
prêmio nobel luc montagnier disse todos vacinados morrerão anos,0.0
nelson teich pediu demissão ministério saúde ter recebido ameaças morte boato,0.0
software usado urnas eletrônicas brasileiras eua,0.0
alemanha disse adeus angela merkel seis minutos aplausos boato,0.0
alcance redes mede popularidade bolsonaro qualquer presidente,0.0
ouvir participação farsas podcast hoje,0.0
nft funciona registro coleções digitais valem milhões dólares,1.0
veja fato fake declarações candidatos prefeitura belo horizonte semana campanha,0.0
oab proposta usar precatórios financiar renda cidadã inconstitucional,1.0
bolsonaro volta atacar moro causa denúncia caluniosa,1.0
vídeo mostra golpe cartão itaú personalité passou fantástico boato,0.0
argentina anuncia vai expropriar terras realizar reforma agrária boato,0.0
noivo fantasma registrar câmera segurança birmingham inglaterra,0.0
correios boicotando bolsonaro criação partido aliança brasil boato,0.0
eua gorjeta mil deixada restaurante antes todos serem demitidos crise coronavírus,1.0
operação combate crimes violência contra idosos todo país,1.0
policiais frança jogam algemas chão protesto contra lockdown boato,0.0
flávio bolsonaro anotação corretor imóveis prova nova contra senador diz,1.0
plataforma petróleo afundou maracaibo venezuela causa óleo praias brasil boato,0.0
foto apreende produtos ambulante relação pandemia,0.0
após comunicado governo irlandês ufc dublin pode acontecer,1.0
estudo traz evidências comprovem eficácia hidroxicloroquina prevenção covid,0.0
questionado sobre impeachment maia diz prioridade momento crise coronavírus,1.0
bolsonaro apaga post mostrava votos candidatos aliados,1.0
fake vídeo mostre profissionais hospital messejana fortaleza comemorando fechamento ala covid falta pacientes,0.0
laboratório wuhan glaxo pfizer recebe dinheiro soros gates boato,0.0
vacinação eua chega lares idosos,1.0
governador rio diz haverá carnaval população imunizada,1.0
vestibular faetec baixa adesão cursos podem fechados boato,0.0
ptc décimo partido anunciar apoio reeleição covas,1.0
fake médicos alemães descobriram mortes coronavírus causadas bactéria covid amplificada,0.0
ministério saúde telefonando oferecer álcool gel máscara,0.0
eleições honraram tradição nacional jingles inesquecíveis,1.0
site peticaopublica org redireciona petição página avaaz contra bolsonaro boato,0.0
george soros preso suíça extraditado eua condenado morte boato,0.0
seringas suficientes começar vacinação diz frente prefeitos,1.0
antivírus pode substituir homologações sites cadeado,1.0
fake vídeo mostre hospital clínicas paulo vazio meio pandemia,0.0
maia lançou candidatura presidência,0.0
foto bananeiro cacho falso entender foto,0.0
juliana rodrigues garota xingou funcionário bob espancada belford roxo boato,0.0
empresa mídia interrompe impressão jornais austrália,1.0
coronavírus ameaça pandemia real diz oms,1.0
cauan dupla cleber metade pulmão comprometida covid,1.0
torniquete recomendar parir picar umar cobrar,0.0
baixo clero importante circo carlos bolsonaro quebra sigilo,1.0
especialistas negam covid siga padrão surtos virais acontecem cada anos,0.0
projeto fake news enfrenta resistência câmara pode amenizado,1.0
fake foto mostre enfermeira agredida apoiadores jair bolsonaro,0.0
coronavírus astro nba doa milhões máscaras nova york,1.0
matemático enem vazar rede social,0.0
doses janssen doadas eua brasil aptas uso aprovadas anvisa,0.0
medida fux demanda decisões colegiadas pode congestionar corte,1.0
padre fábio melo diz texto barco defende fim quarentena boato,0.0
justiça bloqueia bens joão doria ação improbidade administrativa,1.0
palmeiras vai doar renda jogo vítimas incêndio flamengo boato,0.0
witzel volta morar casa rio dias após tribunal determinar despejo,1.0
fhc bolsonaro pensa militar baixa patente gosta aumento,1.0
datena esculacha faustão áudio causa críticas bolsonaro boato,0.0
exame presidente stj negativo novo coronavírus,1.0
flávio bolsonaro admite reunião paulo marinho nega vazamento,1.0
tire dúvidas caso febre hemorrágica brasileira paulo,1.0
falso tse atualizou apuração votação baseado site notícias,0.0
fake máscara proteção baixa imunidade potencializa proliferação bactérias,0.0
falso apenas três países inclusive brasil utilizem urnas eletrônicas,0.0
vídeo mostra policiais invadindo casa executando homem jacarezinho boato,0.0
toffoli volta atrás mantém redução valor seguro dpvat veja valores,1.0
toque restrição doria pouco efetivo contra mortes covid,1.0
ibaneis prisão desnecessária cúpula saúde afasta servidores,1.0
monstro formato mulher aparece rio meio itororó bahia boato,0.0
conhecer verdade sobrar manifestante cartaz chegar universidade armar,0.0
falsa mensagem sobre suposta produção vacina fiocruz israel,0.0
pinos cocaína encontrados universidade federal espírito santo ufes boato,0.0
polícia civil fazem ação contra fraude merenda rede estadual,1.0
fake médico samu salvador sido alvo pergunta racista entrevista após vacinação,0.0
cpi pandemia senado amplia pressão sobre governo entenda crise pontos,1.0
texto leva conclusão equivocada ignorar ineficiência medidas defendidas bolsonaro pandemia,0.0
grupos fraudam app inventam mudança votos desacreditar urnas,0.0
israel descobriu cura vacina coronavírus estará disponível maio boato,0.0
fiocruz desenvolve teste rápido capaz detectar variantes coronavírus,1.0
foto fazenda atribuída filho lula verdade campus universitário,0.0
crianças sintomas podem carregar coronavírus semanas,1.0
trump coloca livro histórias bíblicas testemunhas jeová currículo escolas eua boato,0.0
fabricantes gôndolas veneza enfrentam maré baixa pandemia,1.0
prefeitura rio prorroga fechamento escolas julho,1.0
chefes congresso anunciaram comandarão política país,1.0
fake itália mostrou novo coronavírus fabricado laboratório chinês,0.0
bolsonaro diz caos pânico feitos quer voltar poder,1.0
barroso sendo chantageado josé dirceu causa joão deus boato,0.0
senadores querem criminalizar fraudes vacinação contra covid,1.0
umar menino hindu queimar vivo madhya pradesh umar igreja cristão,0.0
verdade câmara federal gastar milhão engraxates,0.0
trump diz incompetência china provocou massacre mundial,1.0
após fechar praias paes promete medidas duras cobra castro união,1.0
ainda bem monstro coronavírus apareceu diz lula,1.0
falta doses suspende vacinação contra covid capitais nordeste,1.0
cinemas china podem falir após fechamento coronavírus,1.0
fake uso máscara contra coronavírus sido desencorajado oms governos outros países,0.0
casa gabigol barra tijuca rio janeiro pegou fogo mostra vídeo boato,0.0
tuíte omite dados comparar plano saúde stf pátria voluntária,0.0
monitoramento encontra dobro mortes índigenas covid número divulgado governo,1.0
fake auto hemoterapia cure covid,0.0
stj confirma arquivamento investigação contra governador,1.0
havana deixa confinamento coronavírus toda cuba volta normal,1.0
manuela ávila lugar porque comprou pesquisa instituto methodus boato,0.0
resistência covid altitude andes surpreende especialistas,1.0
juízes recebem auxílio educação mil,0.0
fake vídeo prove possível fraudar urna eletrônica,0.0
whatsapp impõe compartilhamento dados facebook exceção europa,1.0
anac autoriza venda assentos táxi aéreo conta pandemia,1.0
rússia projeta vacina eficaz metade preço concorrentes,1.0
fake apreendeu baús medicamentos cruz vermelha bilhões dólares dentro,0.0
investiga influencer tossido portas vizinhas prédio,1.0
pessoas vivem crenças arraigadas pior achar merecem felizes diz médico,1.0
tedros adhanom oms flagrado dançando shortinho bar brasil boato,0.0
riva diz maggi pagou juiz troca decisão judicial,1.0
foto cristina kirchner recebendo vacina máscara campanha gripe,0.0
novo coronavírus pessoas lotam praias sul califórnia,1.0
anvisa alerta ações governo pré decreto privatização sus,1.0
fake vídeo chacina mulheres crianças militares gravado angola,0.0
tudo indica recrudescimento covid diz dimas,1.0
prova vida deve feita fevereiro inss porque governo mudou regras boato,0.0
covid brasil contará mil mortes dia bolsonaro chama churrasco,1.0
posse biden casa branca prepara chegada novo presidente,1.0
vídeo mostrar mundo subatômico pontar umar caneta verdadeiro falsar,0.0
médico distorce informações sobre covid vídeo,0.0
pandemia fraude crime contra humanidade diz vídeo,0.0
vídeo mostrar eclipsar lua gigante ártico entrar rússia canadá verdade,0.0
fake vídeo mostre vertedouro barragem três marias,0.0
globo recebe visita polícia federal durante operação peandra boato,0.0
coronavírus crianças menos contagiosas adultos diz estudo francês,1.0
fake george soros preso filadélfia acusado interferir eleições presidenciais eua,0.0
foto manifestação frança movimentos iniciados julho,0.0
vista solução cpmf apenas erro antigo,1.0
igreja universal instalar barrir alumínio suar entrar parir impedir morador ruir,0.0
eua usam agentes saber infectados covid entenda funciona rastreamento contato,1.0
espermatozoides nadam giro pião movimentos paralelos aponta cientista brasileiro,1.0
melhor maneira higienizar celular evitar propagação coronavírus,1.0
site engana afirmar anvisa confessa ineficácia máscaras contra covid,0.0
fake imagens mostrem vacinação obrigatória contra covid peru,0.0
sindicato hospitais montará consórcio comprar kit intubação,1.0
fake vídeo mostre saque supermercado brasil após restrições conta coronavírus,0.0
china comprou todo estoque soja brasil prejudicar bolsonaro boato,0.0
todos animais receberam vacina mrna estudo morreram após reinfecção boato,0.0
ajuda setor privado vacinação imoral diz simon schwartzman,1.0
livrar ensinar comer conversar sobrar homossexualidade comunismo cachorro,0.0
projeto poços artesianos nordeste bolsonaro temer,0.0
fake redes disseminam novo coronavírus,0.0
áudio médico verdadeiro opinião sobre origem coronavírus respaldo científico,0.0
mourão diz cultos possíveis momento diferente balada,1.0
carro usado adélio dia ataque pertence jean wyllys boato,0.0
fake mourão escreveu texto compara políticos artistas insetos,0.0
anonymous cyber ativistas outra vez sob holofotes,1.0
motociata bolsonaro motos bateu recorde guinness book boato,0.0
fake fábio porchat usou milhões lei rouanet financiar passado condena prestou contas,0.0
fake argentina segundo país maior número mortos mil covid,0.0
fragmento arroz resto vendido desde antes governo bolsonaro,0.0
telegram admitiu mensagens divulgadas lava jato alteradas,0.0
fake mensagem sobre cadastramento receber auxílio cidadão causa coronavírus,0.0
byram bridle certo dizer proteína spike vacinas veneno tóxico boato,0.0
boulos participa jantar presidente partido ligado universal,1.0
aversão bolsonaro vacina aposta risco,1.0
vacina chinesa causa dano genético causou reações adversas graves grande número voluntários boato,0.0
governo rio planeja volta futebol capacidade estádios,1.0
anvisa conclui frascos coronavac menos doses,1.0
minions ganha nova data após adiamento coronavírus,1.0
vídeo tomataço frente stf gravado hoje censurado youtube boato,0.0
governo regulamenta novo programa crédito empresas menores,1.0
manifestação setembro intervenção militar fim stf todos caminhoneiros parados horas boato,0.0
general mourão convoca população manifestações quartéis dia abril boato,0.0
planalto vídeo elemento jurídico avalia pgr denunciará bolsonaro,1.0
condenar morrer enganar sangue drenar,0.0
domingão faustão passará ter plateia virtual,1.0
rússia libera primeiro lote vacina contra covid uso civil,1.0
bayer contrata pessoas idade mínima anos programa boa idade boato,0.0
espanha adota estado emergência devido coronavírus,1.0
laisla aparecida silva desaparecida procurada divino boato,0.0
frente prefeitos cobra investigação denúncias ministro moro sobre interferências políticas,1.0
isolamento social melhora feriados antecipados ficou,1.0
noruega financia mapeamento florestas tropicais satélite esforço contra desmatamento,1.0
walter braga netto critica decisão stf sobre receita federal mostra vídeo boato,0.0
verdade óleo cocar eficaz repelente natural,0.0
secretário diz governador exercício recebeu propina diz jornal,1.0
fake fotos ruas montanhas lixo acampamento urbano placas inglês caracas,0.0
planos genocidas bill gates perigos vacinação desinformações vídeo viral deputada italiana,0.0
uruguai recebe mil vacinas contra covid conmebol distribuir,1.0
brasil mil novos casos novas mortes coronavírus diz consórcio imprensa,1.0
rússia certifica remédio ainda testes contra covid veja sabe sobre antiviral,1.0
cristina kirchner tomou vacina covid agulha máscara boato,0.0
desemprego brasil pode passar fim aponta levantamento,1.0
vídeo leão atacar caçador matar irmão real,0.0
senado aprova texto estende auxílio emergencial pais solo mães adolescentes,1.0
ana paula valadão diz perdeu sucesso após apoiar bolsonaro boato,0.0
site omite pesquisa vantagem bolsonaro feita apenas,0.0
pazuello culpa mudança logística atraso entrega vacinas estados,1.0
proposta quer contar dobro tempo contribuição combate covid,1.0
médico atende vítimas covid sai casa proteger filho,1.0
prefeito lisboa grava vídeo falando china espalhou coronavírus mundo boato,0.0
justiça autorizou partilha milhões dona marisa letícia herdeiros boato,0.0
entenda devem feitos exames ginecológicos,1.0
fake banho gelado quente combate novo coronavírus,0.0
lula disse nordestinos ignorantes pobres comparou dilma boato,0.0
entenda risco ofertas office vitalício,1.0
clima festa hotel sauna gay reabre meio pandemia,1.0
após lockdown média mortes covid cai rio preto,1.0
eua cancelam autorização uso hidroxicloroquina tratamento contra covid,1.0
covid reativa vírus ancestral leva agravamento doença diz estudo,1.0
coronel koury alerta lula solto stf próximos dias boato,0.0
metade acusações lava jato curitiba contra lula pode prescrever,1.0
vacinas jovens idosos primeiro prós contras diferentes estratégias imunização contra covid,1.0
falso novo presidente petrobras demitido funcionários companhia,0.0
uber anuncia nova sede brasileira campus osasco grande paulo,1.0
cheiros podem desaparecer sempre,1.0
denúncias violência contra mulheres aumentaram abril diz damares,1.0
excesso mortes eua revela disparidade racial mostram dados,1.0
coronavírus deixa países sob risco escassez remédios aids,1.0
departamento saúde canadá lança boletim dicas sobre coronavírus boato,0.0
doria acaba declarar tomando cloroquina tratar covid boato,0.0
após três meses espanha vive último dia estado alerta causa coronavírus,1.0
falso italo ferreira pedido prisão lula entrega medalha tóquio,0.0
mourão forças indisciplinadas projetos ideológicos comprometem democracia,1.0
fake imagens mostrem vagas ociosas leitos covid revelem farsa montes claros,0.0
trabalhou direito abono site boato,0.0
whatsapp parar carregar causar vírus martinelli whatsapp gold,0.0
assunto vacinas variantes sabemos,1.0
eua têm recorde mortes covid principal causa,1.0
sindicato alerta contaminação massa plataformas petrobras,1.0
fake vídeo mostra aeronave passando torres congresso,0.0
rachadinha miniatura velho patrimonialismo,1.0
brasil vítimas covid últimas horas média móvel mortes bate nono recorde seguido,1.0
enganoso união repassou estados combaterem pandemia,0.0
gravação mostra voo ensaio posse presidente sul africano,0.0
pcdob vai mudar nome movimento adotar verde amarelo boato,0.0
foto mostrar umar mão radiologista destruir raio verdade,0.0
brasil salvação muita cachaça pouca oração brinca papa,1.0
bolsonaro deve jantar trump flórida dizem fontes,1.0
wagner moura jean wyllys assumem namoro berlim boato,0.0
stf adota videoconferência sessões plenárias turmas,1.0
fake bruno maranhão apontado líder mst preso avião cheio drogas,0.0
fla reavalia cenário ante covid possível indicar fim crise,1.0
fake nóis previsão furar vidente sobrar coronavírus,0.0
jeff bezos conheça história fundador amazon fatos,1.0
militares ganham funções estratégicas ministério saúde,1.0
site engana afirmar baixa mortalidade covid cuba conta hidroxicloroquina,0.0
happy dando kits brinquedos grátis site whatsapp boato,0.0
enganosas postagens dizem vacinados coronavac estarão protegidos metade,0.0
cpi covid cúpula define roteiro ouvir queiroga pazuello mandetta teich,1.0
trump cancela projeto bill gates conhecido boato,0.0
falso áudio mostre luana piovani defendendo jair bolsonaro,0.0
whatsapp limitou compartilhamento apenas brasil prejudicar bolsonaro boato,0.0
brasília colunista carla araújo fala sobre silêncio paulo guedes baixo clero,1.0
salada pepino sal cura covid boato,0.0
jogador futsal entra fila vacina alega personal trainer,1.0
pedido desculpas livra punição desembargador humilhou guarda,1.0
sérgio reis escreve carta diário paulo hoje boato,0.0
vacina contra covid programa imunização americano classificado caótico própria casa branca,1.0
exército encontrou água potável caicó mando governo bolsonaro boato,0.0
bispo critica visita bolsonaro pará rejeita novo programa social,1.0
falsa mensagem afirma eleições vendidas esquerda,0.0
bolsonaro diz simpatizar pacheco renova cobranças ruralistas sobre lira,1.0
yanomamis brasileiros exigem expulsão mineradores ilegais frear pandemia,1.0
bolsonaro critica senado reajuste servidores impossível governar,1.0
ricardo amorim grava áudio pedindo fim quarentena apoiando bolsonaro boato,0.0
país servidores suspeitos candidatar tirar licença,1.0
divulgar compromisso agenda oficial bolsonaro chega araguari,1.0
interferons soldados linha frente luta corpo contra coronavírus,1.0
reino unido lança teste fórmula única ibuprofeno tratar covid,1.0
vídeo gravado cemitério barra jucu mostra fraude pandemia boato,0.0
brasil chega mortos média semana maior índice pandemia,1.0
engenheiro superou covid emociona reencontrar equipe hospital,1.0
jovem grávida pai diz importo pai filho pai boato,0.0
george soros preso filadélfia eua fraude eleições boato,0.0
madagascar deixou oms após entidade oferecer milhões sabotar cura covid boato,0.0
lula disse dona marisa ganhou milhões vendendo avon boato,0.0
veja fato fake sobre queimadas amazônia,0.0
hino futebol cantado hospital motivação contra coronavírus,1.0
fake vídeo mostre crianças fugindo vacinação forçada áfrica,0.0
protocolo italiano atendimento domiciliar contra covid relação tratamento precoce,0.0
papa francisco preso sob acusação tráfico crianças fraudes boato,0.0
semestre prioridade número reforma tributária diz maia,1.0
chico xavier fez previsão sobre bolsonaro boato,0.0
determina dados covid enviados governo repassados câmara,1.0
corregedoria apura caso juiz zombou lei maria penha,1.0
planalto registra servidores contaminados covid diz jornal,1.0
carlinhos brown xinga olívia santana após chamado racista mostra vídeo boato,0.0
mandetta paga preço trocas saúde durante pandemia covid,1.0
maia diz covid contaminou pulmão brincadeira,1.0
bolsonaro assina nesta quinta libera quase bilhões vacina,1.0
mil internados coronavírus suspeita infecção,1.0
cerca milhões crianças ainda vacinadas contra paralisia infantil,1.0
conselho arquiva queixa lula contra powerpoint deltan dallagnol,1.0
terremoto valdivia mundo aprendeu maior tremor terra registrado,1.0
estudante biologia preso após fazer cruzamento maconha morango boato,0.0
armani confirma desfile grife setembro milão,1.0
ensaio rejeição coletiva morte registrada história,1.0
vídeo mostra furacão atingindo cidade santa catarina boato,0.0
ministros dizem bolsonaro busca conflito governista presidente defende ataques,1.0
após meses emergência global oms diz avaliou mal capacidade países,1.0
fake cia colocou foro paulo lista organizações terroristas,0.0
banco mundial confirma recebimento indicação diz mandato weintraub termina outubro,1.0
cpi covid investigação quer saber depoimento wajngarten,1.0
país duas notícias sobre bolsonaro davos positiva espanha negativa brasil boato,0.0
entenda brasil fórmula levou lava jato investigar serra,1.0
estudo usp analisa eficácia colchicina contra covid hidroxicloroquina,0.0
câmera infravermelho mostra míssil atingindo porto beirute líbano boato,0.0
lewandowski abre acesso páginas dialogos moro procuradores,1.0
falso repasses estados relação número notificações,0.0
primeira dama canadá sophie trudeau faz piada sobre eduardo bolsonaro indicação embaixada boato,0.0
traficante vence eleição conselho tutelar cidade rio janeiro boato,0.0
covid tira milhão mercado trabalho motivo doença,1.0
fake nóis existir viajante,0.0
fake fazer refeições quentes comer ovo vez dia previnam covid,0.0
coronavírus vigília hong kong tiananmen proibida vez anos,1.0
após desgaste câmara stf deve adiar decisão sobre depoimento bolsonaro,1.0
incrível história medicinar realmente acontecer,0.0
alunos funcionários escolas estaduais covid desde reabertura,1.0
instituto mauricio sousa doando super almanaque turma mônica site whatsapp boato,0.0
projeto compra vacina empresas oportunismo diz senador,1.0
venezuela recebe toneladas ajuda europeia contra covid,1.0
vacinados morrerão dentro três meses boato,0.0
ministro josé dirceu publicou mensagem sobre caçar fascistas direita,0.0
moro vai demitir petistas ganham mil coaf boato,0.0
enganoso enquete sobre voto impresso reflita opinião população,0.0
mesária presa induzir voto eleitores pernambuco,1.0
bolsonaro diz brasil poderá comprar vacina moderna contra covid,1.0
itália dará euros cidadãos fazerem turismo interno,1.0
onu quer enviar missão sobre ditadura brasil responde desde abril,1.0
hidroxicloroquina ajuda pacientes coronavírus diz estudo francês,1.0
cpi vai cobrar ernesto araújo sobre negociações china pandemia,1.0
deputada estadual marina helou disputará prefeitura paulo rede,1.0
mec proibiu divulgação greve geral convocada sexta feira,0.0
ataque hackers maior oleoduto eua fez governo declarar estado emergência,1.0
distribui seringas municípios fiocruz aguarda anvisa vacina,1.0
vazamento óleo cantaura venezuela chegou atlântico deixou marinha prontidão boato,0.0
tubarão branco capturado mongaguá após devorar dois jovens praia grande boato,0.0
mortes testes contágio brasil compara outros países pandemia coronavírus,1.0
jornal eua acusou doria receber propina chinesa sinovac,1.0
perfil falso dias toffoli twitter confunde usuário post oficial,0.0
estudo internacional recente mostra países usam hidroxicloroquina têm taxa mortalidade menor boato,0.0
carvativir gotas milagrosas cura covid boato,0.0
bolsonaro alvo lula ciro dilma ato sindical governo ódio,1.0
fake mst destruiu fábrica vacinas,0.0
fake tigela água alho recém fervida cura coronavírus,0.0
ygona moura piora estado saúde família pede ajuda redes,1.0
corpo jovem beatificar itália encontrar incorrupto,0.0
mandetta sobre saída saúde presidente bateu frente ciência,1.0
verdade jean wyllys fugir país parir presar pelar facada bolsonaro,0.0
dica parir reconhecer fake news,0.0
homem agredido eua falta distanciamento social piscina,1.0
câmara senado diminuem prazo aprovar mps durante pandemia novo coronavírus,1.0
centenas americanos morreram causa vacina contra covid boato,0.0
vídeo flagra ovni disco voador gigante malásia boato,0.0
vídeo adulterado fazer parecer lula deu entrevista bêbado,0.0
richard gere disse tempo nada ninguém escapa vivo desse mundo boato,0.0
tenor andrea bocelli cantará catedral milão vazia domingo páscoa,1.0
florianópolis transporte especial profissionais saúde,1.0
filho lula comprou sinovac pacto dória boato,0.0
toffoli confirma determinação tst petroleiros trabalhem durante greve,1.0
alinne moraes defende dilma diz impeachment golpe boato,0.0
john wick diretor diz série baseada saga expandirá submundo,1.0
dois cada cinco candidatos declaram ter nenhum bem nestas eleições milionários,1.0
toyota celebra aniversário samsung iphone site whatsapp boato,0.0
intérprete banana pijama gay casar ano,0.0
bolsonaro mourão reescrevem história brasil,1.0
stf anula condenações curitiba mantém lula elegível,1.0
consumo bebida gusttavo lima live festas bbb podem comparados,0.0
pirelli volvo syngenta vendidas china durante pandemia coronavírus boato,0.0
foto ato pró bolsonaro maio viraliza associada protesto maio,0.0
lira comemora decisão stf favorável voto presencial eleição câmara,1.0
chinesa presa supermercado austrália após espirrar cuspir frutas boato,0.0
veja fato fake declarações médica nise yamaguchi cpi covid,0.0
foto militares trabalhando obra transposição rio francisco tirada governo dilma,1.0
atacadão doando mil cestas básicas causa coronavírus boato,0.0
fake xuxa bolsonaro discutiram twitter após críticas presidente carnaval rua,0.0
polícia federal apreender fortalezar caminhão urna eletrônicas roubar,0.0
eua passam milhões casos mil mortos coronavírus,1.0
vacina contra covid infectou pessoas hiv austrália boato,0.0
vacina contra coronavírus testada humanos itália durante verão,1.0
pessoas usam maconha imunes novo coronavírus covid boato,0.0
kennedy alencar câmara precisa cassar daniel silveira evitar golpismo,1.0
zico diz nunca viu tanto perna pau seleção brasileira boato,0.0
pede tcu monitore compras vacinas contra covid setor privado,1.0
motociata promovida bolsonaro paulo gerou renda milhões,0.0
suspeição moro selada stf vota hoje esculhamba próprio stf,1.0
príncipe charles beijou rapaz gay boato,0.0
fake fiocruz fabricado vacina brasileira ajuda israel sigilo,0.0
universidade oxford divulga estudo comprova eficácia ivermectina contra covid boato,0.0
mortes covid mundo passam mil segundo universidade,1.0
duas fotos obras rio francisco registradas durante governo,0.0
fake jornalista glenn greenwald preso embarcava voo internacional,0.0
concluindo obras outros dinheiro diz jair bolsonaro,1.0
discussão sobre vacina obrigatória leva corrida projetos lei,1.0
enganoso tuíte acusa bolsonaro acabar bolsa atleta,0.0
partir junho dou permissão facebook boato,0.0
pacheco diz moverá milímetro contra cpi pandemia,1.0
decreto proíbe circulação idosos anos distrito federal boato,0.0
coronavírus mundo passa milhões casos mortes chegam mil,1.0
mortes pretos pardos crescem brancos durante pandemia mostram dados cartórios,1.0
após exame bolsonaro planalto diz segue medidas combate covid,1.0
bolsonaro importar tecnologia israel parir tratamento câncer mamar,0.0
fake vídeo mostre equipe médica forjando caso covid paulo,0.0
governos prefeituras nordeste contrataram máquina destruir asfalto feito exército boato,0.0
flamengo desacelera conversas deixa renovações compasso espera,1.0
bolsonaro herda eleitores moro lula venceria turno aponta atlas,1.0
secretários educação querem volta aulas neste ano,1.0
irã relata casos coronavírus mortes incluindo conselheiro,1.0
dono pousada brumadinho gravou vídeo gente vai embora boato,0.0
atirador campinas euler fernando grandolpho filiado boato,0.0
fake início surto brasil matou novo coronavírus,0.0
acredito sinceridade ciro gomes diz tatto,1.0
olavo diz censurado youtube pede procure central ajuda,1.0
carla prata quebra isolamento cabeleireiro,1.0
arábia saudita suspende peregrinação meca temor novo coronavírus,1.0
mansão fica los angeles governador paulo joão doria,0.0
manda enterrar caixões vazios dar golpe bolsonaro boato,0.0
checamos afirmações sobre máscaras distanciamento lockdown vacina contra covid,0.0
montagem capa revista charlie hebdo supostamente satiriza stf lula,0.0
brasil cidades casos covid confirmados,1.0
lulinha pego lava jato lula surta cadeia boato,0.0
médico bélgica certo falar vacinas têm comprovação mudam dna controlam pessoas boato,0.0
nadal alega falta controle covid após desistir aberto eua,1.0
ipo mosaico dona zoom buscapé bondfaro movimenta bilhão,1.0
enfermeira deu luz internada covid filha primeira vez,1.0
bares restaurantes admitem grande surpresa limitação horário,1.0
federação italiana cria protocolo segurança clubes treinarem,1.0
ministro pazuello libera aplicação imediata todas vacinas entregues estoque reservadas segunda aplicação estados municípios,1.0
ministra damares alves cria projeto limita sexo apenas procriação boato,0.0
irmão fabio schuartz missionários vão mortos afeganistão amanhã boato,0.0
bolsonaro quer desidratar pec congela salários servidores,1.0
tse faz apuração eleições sala fechada forma secreta,0.0
bolsonaro ataca renan defende nise cpi humilhada covardia,1.0
bahia leitos suporte ventilatório pulmonar autorizados,1.0
fake vídeo diz companhia aérea british airways encerrando atividades,0.0
doria tomou vacina chinesa contra covid assim infectado boato,0.0
pfizer anuncia hidroxicloroquina antiviral contra covid boato,0.0
após governador pernambuco secretário chefe gabinete covid,1.0
efeito carestia fura bolha virtual bolsonaro,1.0
políticos lamentam piora bruno covas quadro irreversível,1.0
fake foto mulher segurando pinos cocaína tirada ufes,0.0
governo ceará desativa leitos hospital receber recursos federais mostra vídeo boato,0.0
juiz mandar soltar bandido matar idoso ano paulada,0.0
estudo recomenda uso máscara contrário sugere deputada,0.0
lula hora empresários pressionarem fim isolamento,1.0
alia psl menos cidades rivais integram coligações,1.0
flávio dino governador maranhão ordenou troca bandeira brasil comunista boato,0.0
eduardo pazuello tornou ministro sitiado,1.0
marco aurélio ministro stf manda soltar lula sai férias boato,0.0
carnaval rir janeiro umar escola chamar unir milícia,0.0
fake vídeo bola luz trilhos mostre relâmpago globular,0.0
mensagens whatsapp pagas partir sábado manhã boato,0.0
bia kicis eleita presidente comissão constituição justiça,1.0
bolsonaro cortou quase fundeb professores salário reduzido boato,0.0
vacina coronavírus testada promissora diz unb jornal,1.0
fake diretor cdc eua fez lista dicas inclui evitar uso prolongado máscaras,0.0
flor muguet bois deve enviada dezembro diz tradição francesa boato,0.0
quinina água tônica ajudar combater coronavírus,0.0
oms diz precisa bilhões colocar covax,1.0
fotos chamas austrália califórnia outros anos circulam sendo pantanal,0.0
bolsonaro volta criticar imprensa prevê pronunciamento sobre pandemia,1.0
juiz perde paciência bate competidores durante olimpíadas verdade,0.0
fake vídeo mostre incêndio carro provocado álcool gel interior paulo,0.0
bancos subindo juros reduzindo prazos empréstimos diz,1.0
ação pede stj estenda benefício concedido queiroz outros presos,1.0
bolsonaro retirou emissão carteira estudante une ubes,0.0
inscrições salário bolsa família disponíveis site whatsapp boato,0.0
reconhecimento facial ajuda medir febre automaticamente longe,1.0
cedae alerta ninguém deve consumir água torneira filtro boato,0.0
explica ascensão psol boulos paulo,1.0
vacina mrna contra covid altera dna causa dano genético irreversível boato,0.0
ministrar paulo guedes assinar auxílio reclusão,0.0
casa branca adia visita chanceler áustria devido coronavírus,1.0
conheça ecmo aparelho funciona coração pulmão artificiais,1.0
bolsonaro topo lockdown acabar vírus sabemos vai,1.0
copa américa anos outra copa precedeu protestos mudaram brasil,1.0
apple anuncia computadores processador próprio veja preços brasil,1.0
bolsonaro chama repórter idiota após questionado foto cpf cancelado,1.0
torcida zenit faz mosaico transforma coronavírus bola futebol,1.0
fake mistura pimenta mel gengibre cure covid,0.0
posts inflam impacto doação máquina israelense exaltar bolsonaro,0.0
havia nenhuma influência filhos presidente diz pazuello cpi,1.0
falso lula vetou vacina meningite imunização oferecida sus,0.0
eficácia máscaras depende muitas variáveis pode determinada exatidão,0.0
saúde anuncia orientações evitar disseminação coronavírus,1.0
empresários cuiabá vão cuba tomar vacina sputnik boato,0.0
aras entra ação stf barrar bônus covid procuradores,1.0
espanha reabre fronteiras turistas vacinados brasil fica,1.0
brasil reduziu razão mortalidade materna investe ações foco saúde mulher,1.0
possibilidade onda covid principal risco economias centrais,1.0
chinês trazer maquinário revolucionário parir estrar ferrar maranhão,0.0
policiais salvaram idosa valença investigados ministério público boato,0.0
fake foto corpo porta malas homem matou cachorro facadas,0.0
rodo radiação ultravioleta feito usp mata vírus chão hospital,1.0
governador diz comportamento pessoas pode afetar reabertura,1.0
índia prorroga confinamento duas semanas reduz restrições,1.0
reforma administrativa bolsonaro condiciona aumento servidores prefeituras,1.0
mdb cobra apoio planalto eleição senado,1.0
mortes covid caíram amazonas após visita ministro saúde,0.0
covid riscos contágio poderemos usar condicionado verão,1.0
vendedora anos morre covid semanas após dar luz bebê,1.0
bolsonaro fala marica grande macho diz lula,1.0
fake foto trump kim jong pista skate,0.0
fake lei proíbe sair casa mês prevê multa prisão descumprimento razão coronavírus,0.0
vídeos funcionários transcrevendo cédulas eua mostram processo legítimo fraude,0.0
diagnóstico demência pode fator risco suicídio,1.0
colômbia novo recorde diário chega quase mil casos coronavírus,1.0
fake nóis história cloroquina,0.0
vaticano começa campanha vacinação meados janeiro,1.0
carrefour governador secretário prometem rigor investigação,1.0
médica espancada frequentadores balada clandestina rio,1.0
quatro fatos importantes ocorridos política brasil enquanto mundo olhava eleição eua,1.0
animais usados casacos pele virando preocupação pandemia colocando dúvidas sobre futuro vacinas,1.0
salvador muda cronograma vacinação evitar doses acabem,1.0
desafiar rasteiro umar brincadeira perigoso,0.0
donos globo lista messer estado policial inocentes,1.0
brasil mortes casos coronavírus diz ministério,1.0
traficante armar fuzil morrer coronavírus confrontar polícia,0.0
lula proibiu aplicação vacina contra meningite sus boato,0.0
aceite amizade beatriz carvalho messenger porque hacker boato,0.0
atriz suzy rêgo flagrada bêbada drogada vídeo boato,0.0
bolsonaro deu passaporte diplomático flordelis relações perigosas,1.0
fake governador disse levantamento feito departamento saúde estado provou ineficácia isolamento social,0.0
ministro marco aurélio mello recebe alta hospital após fazer cirurgia joelho,1.0
justiça nega liminar barrar flexibilização quarentena paulo,1.0
stf julga motorista profissional deve ter carteira suspensa homicídio culposo volante,1.0
caminhoneiros farão greve apoio bolsonaro reforma previdência boato,0.0
coronavírus eua adotam plano ajuda suplementar bilhões,1.0
protesto show praia fim semana aglomerações brasil mundo,1.0
estudo comprovar irisina blindar corpo covid segurar voltar academiar,0.0
investiga procurador trabalho peculato organização criminosa,1.0
deixamos ninguém atendimento pandemia diz covas sobre saúde,1.0
cpi médicos defendem substâncias eficácia comprovada covid,0.0
brasil registra novos óbitos covid soma mortes,1.0
deputados articulam criação cpi investigar tratoraço,1.0
bancos negando crédito pequenas empresas diz sebrae,1.0
charlie hebdo critica capa decisão stf soltou lula prisão boato,0.0
luciano hang dono lojas havan ganha carona moto bolsonaro,1.0
motivos permitiram alemanha flexibilizar quarentena,1.0
fake fotos mostram água fluorescente mar santos,0.0
marcas adaptam rapidamente novo normal pós covid dizem especialistas,1.0
fake máscaras podem causar danos neurológicos irreversíveis,0.0
união europeia promete vacinação simultânea contra covid países,1.0
declaração presidente eua joe biden sobre uso máscaras dada após orientação cdc,0.0
biden distribui leite condensado ivermectina vacinar eua boato,0.0
fake gana casais têm vestir noivos divorciar,0.0
fake imagens mostrem drone sobrevoando porto beirute atirando objeto momentos antes explosão,0.0
pesquisadores anunciam testes vacina oxford crianças adolescentes,1.0
china reporta casos covid teme risco ano novo lunar,1.0
ufjf mostra casos covid seguem crescimento juiz,1.0
boato usa frase doria levantar dúvidas sobre extensão pandemia,0.0
inss pagando benefício cidadão lista site whatsapp boato,0.0
ministro sérgio morar vender inquérito parir joão doria,0.0
norte interior nordeste norte centro oeste têm menos leitos condições reagir covid aponta levantamento,1.0
lázaro fugiu caminhão direção outros estados boato,0.0
vacinados poderão viajar avião boato,0.0
chuva alaga ruas rio deixa cidade estágio atenção,1.0
plástico bolha pode transmitir coronavírus porque vem china boato,0.0
câmara aprova projeto endurece controle barragens estipula multa bilhão,1.0
umar faculdade paulista foto ministro stf comer mau outdoor,0.0
comissão juristas critica debate sobre nepotismo,1.0
voto nunes marques revela bolsonaro teme lula moro,1.0
cair meio surto coronavírus itália,1.0
associação portuguesa relevante faz nota repúdio contra bolsonaro boato,0.0
cloroquina alvo conspiração favor remdesivir,0.0
percentual pessoas totalmente imunizadas contra covid maior eua brasil,0.0
fundo epidemiológico estratégia frear mortes conter avanço pandemia amazonas outros estados,1.0
nasa vai medir temperatura população mundial hoje mapear covid boato,0.0
eleições causa pandemia identificação biométrica suspensa,1.0
óleo soja feito soda cáustica criado combustível boato,0.0
bolsonaro sanciona lei permite suspender pagamento parcelas fies,1.0
brasil miséria governo dão cesta básica compartilhar link whatsapp boato,0.0
fake revista the economist deu capa lula eleito maior corrupto mundo,0.0
insolúvel mistério física gatos caem sempre,1.0
presidente lula câncer laringe novamente boato,0.0
alessandro vieira sobre negacionistas podem doidos bestas,1.0
segunda onda covid reino unido bate recorde mortes,1.0
antonio banderas revela quarentena covid fazer anos,1.0
fake áudio mostre gleisi hoffmann pedindo doações campanha lula presidente,0.0
fake nóis pizza curar câncer criar umar fake news,0.0
governo diz rússia procurou estado fazer parceria produção vacina registro previsto agosto,1.0
marco zero coronavírus wuhan veta consumo animais selvagens,1.0
policiais federais civis militares invadiram congresso hoje descobriram golpe contra bolsonaro boato,0.0
usar mensagens lava jato prova próxima batalha lula stf,1.0
roupa nova faz homenagem regina duarte nova versão música dona boato,0.0
união química baseia aprovações mundo sputnik liberada,1.0
ministro trabalho alvo busca apreensão operação polícia federal,1.0
líder governo senado defende reeleição comando congresso,1.0
união europeia acusa apple práticas anticompetitivas loja aplicativos,1.0
bolsonaro concorre personalidade ano enquete revista time boato,0.0
fake míriam leitão recebe anistia benefício mil cortado,0.0
felipe neto falou mal mulheres quase bateu mãe mostra vídeo boato,0.0
fake vídeo mostre helicóptero derrubado fronteira venezuela,0.0
psol pede stf banheiros unissex escolas obrigatoriedade ideologia gênero boato,0.0
pico mortes diárias covid pode chegar mil diz estudo,1.0
manifestante flagrar fumar maconha durante passeata,0.0
jane fonda troca protesto presencial virtual tempos coronavírus,1.0
subprocuradores criticam fala aras sobre estado defesa,1.0
oms fala queda vírus áreas brasil controle mundo anos,1.0
chapecó livrou coronavírus adotando chamado tratamento precoce,0.0
precisamos políticas públicas evitar nova pandemia diz especialista mudanças climáticas,1.0
coronavírus vírus letal mata ninguém nunca matará boato,0.0
moderna quer aumentar capacidade frascos vacinas,1.0
mpf deve denunciar pms amotinados ceará base lei segurança nacional,1.0
queiroga reforça compromisso governo federal vacinar todos brasileiros,1.0
coronavírus afeta programação festas procissões católicas,1.0
mourão demitido após prova traição contra bolsonaro revelada boato,0.0
dias internação uti cresce paulo aproxima colapso,1.0
guilherme boulos tuitou pessoas quartos uso deverão abrigar moradores rua,0.0
patente relação família rothschild registrou testes covid,0.0
antes abatido bahia realizadas negociações,0.0
nobel prêmio irrelevantes ciência troféu bolsonaro trump outros líderes,1.0
pesquisa cidade méxico prova redução internações covid uso ivermectina,0.0
inauguração estação brasileira antártica adiada,1.0
alemanha fecha fronteiras conter variantes vírus apesar críticas,1.0
iniciativa privada mal aproveitada pandemia diz claudio lottenberg,1.0
anuncia apoio pacheco amplia bloco presidência senado,1.0
carla zambelli recebe alta declarada clinicamente recuperada covid,1.0
sobra bolsa família pode salvar orçamento,1.0
carlos bolsonaro publicar foto armar florir morte marielle,0.0
utis usaram remédio eficácia diz infectologista,1.0
avião mil doses vacina pfizer chega brasil viracopos,1.0
dallagnol wassef ver revelado vínculo marido juíza,1.0
enganoso recomendação uso máscara contra covid siga palavras vidente estudos científicos,0.0
preciso desmilitarizar democracia brasileira pec proposta maia,1.0
print whatsapp revela conversa rui costa sobre reforma previdência boato,0.0
imagens ação sergipe circulam secretaria saúde maranhão,0.0
saúde distribui quase milhão vacinas butantan segunda dose,1.0
demora resposta auxílio emergencial tema reclamações,1.0
uso máscara pode reduzir taxa novos casos covid diz estudo,1.0
rio mil mortes mil infectados covid,1.0
homem china come sopa feto mostram fotos boato,0.0
fake agência norte americana liberou uso remédio experimental todos pacientes covid,0.0
talibã estado islâmico faz leilão meninas cristãs afeganistão mostra foto boato,0.0
série warner retomará produção episódio feito distância,1.0
coronavírus luan santana pelé doam itens arrecadar dinheiro,1.0
doria vacina aprovada milhões aplicadas dezembro,1.0
falso votos vai justificar possam transferidos,0.0
uso máscaras diminui vírus ambiente pode frear onda contaminação coronavírus brasil diz médica,1.0
coronavírus argentina volta estender quarentena longa mundo,1.0
globoplay lança série documental mostra pandemia periferias,1.0
greta thunberg pediu chineses pararem usar palitinhos comer boato,0.0
índios mortos brasil primeira semana governo bolsonaro boato,0.0
febraban garante maia bancos focados concedendo crédito,1.0
paulo inicia vacinação idosos anos saiba onde vacinar,1.0
titi muller mostra barriga grávida quarentena retratos espera,1.0
covid diz filha idoso bolsonaro postou curado,0.0
bayern muller testa positivo covid perderá final diz,1.0
bolsonaro autorizar execução dívida globo milhão imposto sonegar,0.0
pix vai substituir ted doc sistemas vão acabar boato,0.0
jean wyllys transferiu mil defesa homem atacou bolsonaro,0.0
fake cédulas eleitorais votos donald trump jogadas lixo encontradas rua kentucky,0.0
joão figueiredo prever instituir comunismo,0.0
barras fundo caixas leite indicam produtos usados,0.0
bolsonaro descobriu bilhões pis pasep escondidos lula boato,0.0
vídeo vacuna show provar vacinar umar fraudar verdade,0.0
protestos contra confinamento deixam feridos líbano,1.0
pokémon criado cia espionar pessoas boato,0.0
foto jair bolsonaro umar camisa verdadeiro falso,0.0
ano pandemia laos registra primeira morte covid,1.0
desinfetante lysol cura novo coronavírus prova doença conhecida boato,0.0
foto mostrar vítima abraçar bombeiro resgatar brumadinho verdade,0.0
melhorar sono crianças adolescentes durante isolamento social,1.0
promotoria alerta covas sobre riscos saques vandalismo,1.0
oms aprova certificado excelência vacina cubana soberana sovereign boato,0.0
restaurante galeto entrou falência fechou portas causa isolamento social boato,0.0
utis improvisadas aumentam mortes covid brasil alerta médico intensivista,1.0
faz sentido comparar danos coronavírus guerra,1.0
fake bolsonaro determinou mudança cores cédulas real,0.0
eua investigam coronavírus criado china diz,1.0
propaganda usp ataca socialismo exalta redes sociais boato,0.0
isolamento secretário diz brincando sorte,1.0
milhões doses vacinas eua seguem uso colocam meta dúvida,1.0
tom brady convida gisele drake desafio arrecadar milhão,1.0
imunidade rebanho oms descarta alcançar imunidade coletiva contra covid vacinas,1.0
consórcio quer milhões doses extras distribuição municípios,1.0
monumento polônia mostra pessoas renascendo após fim comunismo boato,0.0
vacina chega desprezo gripezinha matará muita gente,1.0
maia cobra governo enviar projeto renda brasil congresso,1.0
curas milagrosas vacinas máscaras dados sobre pandemia isolamento social fato fake chega checagens sobre coronavírus,0.0
passageiros cruzeiro francês atracado rio começam deixar navio suspeita coronavírus bordo,1.0
fiat idea branco faz uber táxi realizando assaltos boato,0.0
lula dilma milhões banco suíça boato,0.0
caminhoneiros desafiam doria covas fecham duas faixas paulista,1.0
fake nóis principal fake news envolver ataque setembro,0.0
conta luz bolsonaro diz tarifa social,1.0
flamengo vendeu mundial clubes fifa liverpool boato,0.0
lições pós parto enfrentar isolamento pandemia,1.0
fake teor advertências executivo pfizer expostas vídeo,0.0
líder ong mst dono madeira apreendida exército pará boato,0.0
fake anvisa fez post anunciando link cadastro vacina contra covid,0.0
bolsonaro diz investidores estrangeiros auxílio permanente,1.0
médico petista matou pacientes pesquisa desacreditar eficácia cloroquina boato,0.0
cloroquina doada trump encalha cidade maior lote usa,1.0
brasil registra pessoas recuperadas,1.0
tilibra dando agendas capricho site whatsapp boato,0.0
quase todas fotos mostram doenças pele duas têm relação máscaras,0.0
instagram presentes grátis whatsapp atividade prêmios boato,0.0
fake vídeo sobre incidente barragem jirau atual,0.0
associação juristas evangélicos diz orientará igrejas obedecer stf,1.0
mentiraaaaaaaaa brasileiro adapta festa junina vida quarentena,1.0
registros óbitos cartório mostram mortes primeiros meses ano boato,0.0
cientistas afrouxar isolamento tragédia precedentes,1.0
mãe precisa milhões visualizações conseguir tratamento filha boato,0.0
coronavac quatro países além brasil planejam usar vacina contra covid,1.0
castro nega estado guerra fala cumprir obrigação,1.0
bolsonaro promete harmonia receber rodrigo pacheco arthur lira,1.0
anvisa autoriza retomada testes coronavac,1.0
guedes elogiado apoiador bolsonaro zomba achei alguém elogiar,1.0
sean brooks certo dizer vacinados vão morrer meses anos boato,0.0
cresce ceticismo japão sobre realização jogos tóquio datas,1.0
avião bolsonaro arremete causa fumaça queimadas,1.0
fake governador pediu prefeita porto seguro inventar casos coronavírus receber dinheiro governo federal,0.0
mercado topa bolsonaro semear covid retorno auxílio emergencial,1.0
fake mensagem diz instabilidade whatsapp provocada decisão judicial,0.0
máscara ajuda coronavírus espalhar causa gás carbônico deve usada conversar boato,0.0
tuíte engana afirmar sol mata coronavírus,0.0
profundezas amazônia indígenas recebem vacina contra coronavírus,1.0
além caso confirmado coronavírus têm suspeita cada,1.0
maduro suspende toque recolher fronteiriço covid flexibiliza lockdown,1.0
adolescente morrer vacinar covid paulo,0.0
onze fatos sobre coceira talvez sabia,1.0
israel adota isolamento melhor situação mundo relação coronavírus boato,0.0
decreto lei tribunal constitucional militar enganoso inconstitucional,0.0
falta informação qualidade diz secretária saúde sobre falas bolsonaro,1.0
segunda turma stf autoriza acesso paes delação executivos oas,1.0
indicação kassio marques stf nome desembargador ney bello ganha força stj,1.0
todas imagens protesto contra medidas prevenção coronavírus berlim,0.0
bebê morrendo câncer mãe pede compartilhe foto cinco grupos facebook boato,0.0
nebulização caseira bicarbonato sódio água oxigenada previne cura covid boato,0.0
fiocruz construiu parque industrial vacinas pivfi cientistas israel dar golpe mestre boato,0.0
carlos ayres britto diz carta moro enviado esquerda derrubar bolsonaro boato,0.0
congresso pede stf proíba governo fatiar estatais intenção vender subsidiárias,1.0
facebook admitiu errou censurar hidroxicloroquina boato,0.0
técnica enfermagem indígena voluntária luta contra covid,1.0
instituto nise silveira fechado prefeito rio janeiro boato,0.0
eua superam milhões casos coronavírus mil morreram,1.0
fake foto aérea mostre multidão protesto contra restrições pandemia londres,0.0
sarampo crianças jovens têm março vacinarem contra,1.0
foto marcha mulheres circula ato pró trump novembro,0.0
variante indiana coronavírus detectada países diz oms,1.0
itália casos mortes covid,1.0
teich recursos saúde estados municípios totalizarão,1.0
coca cola vender garrafa ano,0.0
fernanda torres desmente fake news nome galera mal intencionada,1.0
universal studios prorroga fechamento parques maio,1.0
justiça suspende compra mil testes detectar covid,1.0
foto mistura assuntos forma equivocada negar aquecimento global,0.0
fake estudo feito comprova eficácia cloroquina contra covid,0.0
mulher beijou thullio milionário show morta namorado boato,0.0
comandante exército decide abrir procedimento contra pazuello presença ato bolsonaro,1.0
chuva cair amazônia manhã apagar fogo,0.0
rodrigo pacheco presidente senado acatou projeto voto impresso colocou votação,0.0
proibição venda álcool durante pandemia divide áfrica sul,1.0
coronavírus juízes alagoas autorizam casamentos videoconferência,1.0
maria rosário tenta costurar máscara máquina linha boato,0.0
líder movimento feminista diz sara giromini expulsa sumir dinheiro protesto espalhar mentiras,1.0
ministros saúde portugal brasil reforçam cooperação países,1.0
cada respirador representa vida diz gilmar zonzin presidente sociedade pneumologia,1.0
motociata participação bolsonaro milhão motos vai entrar pro guinness,0.0
ministro usa dados imprecisos questionar distanciamento social,0.0
toffoli maia alcolumbre criaram quarentena pacto derrubar bolsonaro boato,0.0
pesquisa aponta empresas eua vão manter teletrabalho,1.0
bondinhos santa teresa fechados turistas moradores outros bairros,1.0
prefeitura rio regulamenta considera aglomeração meio pandemia coronavírus,1.0
tecnologia ligada surgimento novo coronavírus china boato,0.0
caetano veloso manuela ávila posam camiseta presidente louco podemos defecar hoje boato,0.0
bolsonaro personalidades precisam estimular vacinação diz médica,1.0
militantes xingam lula ladrão durante comício mostra vídeo boato,0.0
oms alerta sobre máscaras infectadas china índia chegam brasil boato,0.0
desvantagem trump quer melar eleição grito ruas tribunais,1.0
coronavírus seleção chinesa feminina entra quarentena austrália,1.0
fake foto mostra aluno universidade federal apresentando dissertação sobre figurinhas whatsapp,0.0
brasil aproxima milhões casos coronavírus,1.0
faixa mostrada santuário aparecida apoio papa presidente lula,0.0
wuhan berço pandemia festa música eletrônica parque aquático,1.0
esquerdistas passando agentes saúde ibope contaminar pessoas testes falsos covid boato,0.0
falso exército apreendido madeira ilegal ligada ongs mst,0.0
menina anos escreve carta pede ajuda contra fome arrecada doações,1.0
brasil mortes covid,1.0
multidão faz manifestação apoio bolsonaro natal campinas boato,0.0
chefe rotina hospital acari ronaldo gazolla pede pessoas saiam ruas voltem trabalho boato,0.0
pink floyd anuncia nova turnê shows brasil boato,0.0
publicação usa imagens antigas sendo obras governo bolsonaro,0.0
túlio gadêlha namorado fátima bernardes comemora aprovação fundo eleitoral derrubada veto bolsonaro boato,0.0
corrente tira frase oms contexto defender reabertura econômica,0.0
pastor ressuscitar fiel caixão verdade,0.0
direitos autorais música volare repassados hospital bergamo boato,0.0
brasileiro jonatan diniz preso venezuela desde final ano passado boato,0.0
balão foto lula cai dentro presídio mostra imagem boato,0.0
vacinar causar depressão gravar induzir suicídio,0.0
hungria veta entrada viajantes américa latina áfrica parte ásia,1.0
coi pede pressa federações definirem critérios olimpíada,1.0
comprovado trecho asfaltado governo bolsonaro,0.0
brasil possui quatro casos confirmados coronavírus,1.0
anvisa avalia hoje pedidos importação vacina sputnik,1.0
governo ceará proibiram bandeira brasil estado boato,0.0
caso contra bolsonaro incitação genocídio examinado haia,1.0
brasil casos suspeitos novo coronavírus aponta ministério saúde,1.0
oms suspende teste hidroxicloroquina,1.0
alcolumbre quer investigação sobre apagão aneel casse concessão,1.0
cubanos jogam artistas jornalistas defensores comunismo caminhão lixo boato,0.0
madagascar desmente ter denunciado tentativa suborno oms envenenar possível cura covid,0.0
viagem ministro interino avião fab azeda clima comitiva bolsonaro índia,1.0
papa retoma bênção angelus diante fiéis manifesta preocupação indígenas amazônia,1.0
preterida mdb simone candidata independente disputa senado,1.0
apesar terem origem distintas nenhuma destas palavras surgiu acrônimo,0.0
trevisan damares dama ódio travestida amor,1.0
sinovac pagou propina doria trazer vacina brasil mostra washington post boato,0.0
aliado bolsonaro sofre nova condenação dossiê contra antifascistas,1.0
covid brasil mantém mil novos casos dia consecutivo,1.0
trajetória regina duarte política medo convite integrar governo bolsonaro,1.0
traficantes venezuela matam casal reclamou comida distribuída governo boato,0.0
orçamento aprovado ministérios pedem verbas teto,1.0
jejum elogiado mayra cardi pode estimular transtorno alimentar adolescentes diz entidade,1.0
participantes destacam compromisso saúde pública papel pandemia,1.0
cientista pitaco saúde manda general pançudo,1.0
mec vai privatizar universidades públicas cobrar mensalidades graduação boato,0.0
marfrig intensifica venda carne brasil eua após fechamentos covid,1.0
fake enfermeira vacinada brasil tomado doses coronavac imunização encenada,0.0
novo ministro educação milton ribeiro publicou tuíte erros ortográficos,0.0
novo hacker facebook posta frases ofensivas boato,0.0
regina duarte responde críticas feitas zélia duncan vídeo boato,0.0
fake rede lojas renner anunciou fechamento definitivo lojas demissão massa funcionários meio pandemia,0.0
superintendente pivô crise nomeado cargo holanda,1.0
reforma administrativa anda carnaval instalação ccj câmara,1.0
após campinas capital deve receber pacientes outras regiões,1.0
covid ministro saúde chile cai após informar mortos,1.0
ministério reforça ações enfrentar covid,1.0
covid pesquisadores hong kong descrevem reinfecção vírus diferentes,1.0
anitta brinca presidência ouve sim pabllo vittar ministério,1.0
bolsonaro passeia moto ruas brasília aglomera alvorada,1.0
coisa hemos crecido peleando sin quererlo gustamos,1.0
temporão ação governo obscena tratamento precoce covid,1.0
bolsonaro eleva cloroquina estágio vacina,1.0
globo contratando pessoas aparecer entrevistados boato,0.0
frança manifestantes jogam tinta vermelha sede ministério saúde,1.0
coronavírus sair casa emergências trabalhar veja dicas proteger,1.0
bolsonaro assinar decretar proibir entrar vibrador país,0.0
drones gps devem naufrágio,1.0
reino unido diz ter vacinado quase mil pessoas contra covid,1.0
fake mensagens bom dia whatsapp escondam códigos hackear celulares,0.0
beber água minuto prevenir covid,0.0
após anos massacre eldorado carajás mst congela invasões,1.0
porto alegre marchezan descumpre promessas idade transporte,0.0
crescimento econômico eua revisado ligeiramente baixo,1.0
china índia países viram pib crescer durante pandemia,1.0
eua têm mil mortes covid vez batem recorde vítimas dia seguido,1.0
agora oms declara suécia lockdown modelo seguido boato,0.0
cidade rio uti pacientes covid rede estadual,1.0
senado discute tirar bolsa família teto gastos,1.0
chloro quinino substância diferente cloroquina sintetizada,0.0
bolsas china têm maior recuo desde,1.0
volkswagen vai mudar nome voltswagen adaptar carros elétricos boato,0.0
filmar malucar pedaço estrear,0.0
governadores tentam articular pacto nacional conter avanço covid,1.0
rússia inicia fevereiro produção segunda vacina contra covid,1.0
dados vacina oxford contra covid podem enviados neste ano agências reguladoras diz cientista,1.0
após críticas aras pede união diz pode dobrar governos,1.0
brasil nova moeda lastreada nióbio chamada dim,1.0
vacina comprovada cientificamente diz bolsonaro contrariando disse anvisa provas obtidas cientistas,1.0
foto astronauta segurar sacar maconha verdadeiro falso,0.0
manoel gomes autor caneta azul morre anos idade boato,0.0
agências reguladoras negam risco infertilidade vacinados,0.0
fake governador sergipe fez decreto abolindo direito propriedade privada,0.0
álcool gel caseiro feito gelatina protege contra novo coronavírus boato,0.0
infectado covid protege vezes tomar qualquer vacina boato,0.0
rio divulga novo calendário vacinação profissionais saúde,1.0
falso paulo guedes publicado tuíte criticando congresso,0.0
nova casa lula lauro freitas custa milhões mostra foto boato,0.0
acusação china contaminou máscaras coronavírus inventada,0.0
pandemia reino unido perderá bilhões turismo,1.0
camila pitanga volta atrás diz laudo médico apontou covid vez malária boato,0.0
filme sorry gravado elevador ganhou oscar curta metragem boato,0.0
regina duarte retrata divulgar fake news sobre marisa letícia,1.0
verdade sobrar comercial lenço amaldiçoar japão,0.0
fake nóis especial fake news sobrar natal,0.0
multidão fotografada durante comemoração copa paris protesto recente,0.0
previsão brasil calor semana vem,0.0
méxico ultrapassa marca mil mortes covid,1.0
exame positivar parir covid codificar comer brilhante ustra pertencer jair bolsonaro,0.0
petição cassação rodrigo maia ajuda tirá câmara deputados boato,0.0
ptb lança pré candidatura marcos costa prefeitura paulo,1.0
cnn uol transmite primeiro debate turno,1.0
sarah gilbert selecionou três filhos cinco primeiras pessoas testarem vacina oxford prometeu setembro boato,0.0
covas prefeito lutou contra câncer coronavírus,1.0
imagem prédio fiesp bandeira china usada contexto relacionar instituição governo chinês,0.0
arthur val xingado expulso ato pró bolsonaro iria agredido,1.0
uruguai revelar lula umar mansão punta del verdade,0.0
fake joe biden dito quer apresentado jair bolsonaro,0.0
vacina novo coronavírus covid virá microchip colher identidade população boato,0.0
biden deve receber vacina contra coronavírus próxima semana,1.0
governador tentativa desgaste após pedido impeachment,1.0
contas governo têm maio pior resultado história rombo bilhões,1.0
vídeo prova sistema urna eletrônica pode fraudado boato,0.0
brincar morte perverso diz maia após governo divulgar dados divergentes sobre coronavírus,1.0
hackers vazam foto donald trump bronzeando spray casa branca boato,0.0
covid perguntas respostas sobre variante índia caso detectado,1.0
covid cresce haiti onde vacinação levará meses começar,1.0
fake poema sobre quarentena escrito forma profética romancista século,0.0
fake doria evitou coronavac flagrado fila vacina pfizer,0.0
doria diz stf governo federal custear leitos covid,1.0
bahia oito leitos suporte ventilatório pulmonar autorizados,1.0
adélio bispo covid foto mostra sendo internado boato,0.0
soldar brasileiro estúpido trollaram alemão guerra mundial,0.0
angra bolsonaro participará entrega equipamentos usina,1.0
vídeo mostrar fraudar ocorrido urna eletrônicas fortalezar,0.0
empresário fez doação oficial indica caixa crivella,1.0
veja quais grupos vulneráveis coronavírus quê,1.0
polícia rodoviária monitora rede social reduzir danos imagem ações amazonas,1.0
livemício bbb eleitoral cabo eleitoral zap campanha pandemia,1.0
frança nega dobradinha russomanno espera apoio turno,1.0
queda internações covid mantém mortes alta,1.0
municípios rondônia poderão abrir parte comércio abril,1.0
ataque hacker revela fraude urnas eletrônicas chancela tse boato,0.0
reitor ufrj foragido após roubar milhões deixar museu pegar fogo boato,0.0
bolsonaro age candidato reeleição tentar manter popularidade,1.0
verdade maridar ensaiar fotográfico esposo grávido,0.0
itália pensa plano sair gradativamente pandemia,1.0
após duas demissões bolsonaro faz trocas seis ministérios,1.0
vladimir putin mal parkinson vai deixar governo rússia boato,0.0
vídeo robô jogador boliche verdadeiro falsar,0.0
vamos pensar frente ampla frente admite lula,1.0
câmara aprova autoriza contratação privada utis sus,1.0
ferj isenta sobre possível volta público estádios rio janeiro,1.0
brasil tolera apagão amapá tolera morte jovem negro pobre,1.0
trombose risco gestante vacinação especialistas explicam sintomas dão dicas evitar,1.0
vice russomanno acha natural apoio bolsonaro afasta crivella,1.0
fake vídeo grupo joga garrafas carro sido gravado paraisópolis,0.0
paciente coronavírus morre acre após blecaute causado animal,1.0
nike camisa oficial seleção brasileira copa américa site whatsapp boato,0.0
aplicativo delivery ifood processa garota programa salvador boato,0.0
idosos morreram asilo causa vacina contra covid boato,0.0
alunos têm voltar aulas professores precisam ficar vivos,1.0
mourão manda duro recado ministros stf bicho vai pegar julho boato,0.0
verdade umar máquina xerox casar civil funcionário petistas salário parir operá,0.0
fake vídeo mostre presos máscara fila receber auxílio banco meio pandemia,0.0
restaurantes eua oferecem donut graça vacinou contra covid,1.0
apenas estados sustentam brasil enquanto estados exploram país boato,0.0
subnotificação pode esconder milhão casos país diz estudo,1.0
nunca governo tão hostil evidências científicas agora diz presidente academia nacional medicina,1.0
flordelis adotou crianças ganhar salários mínimos auxílio adoção boato,0.0
reino unido registra apenas mortes covid últimas,1.0
hospital infantil darcy vargas demolido terreno vendido doria boato,0.0
maia cobra guedes sobre pauta econômica câmara acabaram desculpas,1.0
falso repórter falado visitar filha bolsonaro cadeia,0.0
fake carro empresa engenharia aplica multas rodovia,0.0
recife rastreia celular mil pessoas saber sai casa,1.0
hospitais provocando morte pacientes,0.0
exército refez todo trecho transposição francisco inaugurado temer lula,0.0
compartilhe mensagem fazer bypass facebook fugir novo algoritmo boato,0.0
vivo pfizer diz governo brasileiro ignorou oferta vacinas feita agosto,1.0
parece jovem usa fuzil sueca porém greta thunberg,0.0
elenco melrose participará reunião virtual combate pandemia,1.0
homem esfaqueou cachorro bar brasil ceará preso boato,0.0
câmara gastou milhões graxa serviços engraxate licitação boato,0.0
sergipe recebe doses vacinas covid,1.0
minirreforma tiraria direitos todos trabalhadores entender vídeo tiktok,0.0
bolsonaro ameaça repórter perguntando sobre depósitos queiroz michelle,1.0
umar mulher preso manter maridar acorrentar casar durante carnaval,0.0
dia recorde mortes covid bolsonaro fala cloroquina,1.0
moro diz quer prisão perpétua pena morte brasil entrevista boato,0.0
acusados matar vereadora marielle franco filiados,0.0
brasil deu certo diz huck evento presidenciáveis,1.0
oms diz vacinas covid fase testes,1.0
mst colocou fogo fardos algodão cidade primavera leste boato,0.0
bolsonaro ameaça editar decreto contra restrições diz cumprido,1.0
vídeo mostra garimpeiros atirando lancha contra indígenas yanomamis,1.0
fake nóis celular causar câncer pra saudar,0.0
fraude caixa suspende milhões contas auxílio emergencial,1.0
filha maria rosário grava vídeo defendendo traficantes drogas boato,0.0
posts distorcem dados negar mil mortes covid,0.0
fake manifestante usou boné apoio nazismo durante ato pró democracia domingo,0.0
covaxin pagar contrato normal disse senador,0.0
brasil registra mortes covid horas aponta consórcio imprensa,1.0
jean wyllys mandou matar bolsonaro ligação adélio investigado boato,0.0
vídeo mostrar lançamento termo óculo realidade aumentar,0.0
doria obriga samu atestar mortes outras doenças coronavírus paulo boato,0.0
pfizer prepara verão versão vacina fácil preservar,1.0
contrário disse bolsonaro assinou lei prevê vacina força,0.0
fake mensagem diretores whatsapp avisam serviço encerrado passará pago,0.0
proxalutamida comprovada cientificamente cura covid boato,0.0
bandeira brasileira projetada montanha suíça apoio combate covid,0.0
veja situação covid estados nesta terça feira,1.0
amazonas recebe reforço força nacional sus,1.0
boulos prometeu deixar país derrota eleições,0.0
home office julho,1.0
alemanha registra novos casos coronavírus total sobe,1.0
cnj diz recebeu sugestões implementação juiz garantias,1.0
fake hospital campanha anhembi ficou vazio,0.0
hélio angotti neto novo secretário ciência tecnologia inovação insumos estratégicos sctie,1.0
mulher devorada piranhas rio negro pará maranhão paulo afonso tangará boato,0.0
vencendo covid grupo mil médicos pró cloroquina aproximou bolsonaro evento histórico,1.0
covid mpf pede indígenas aldeados prioridade vacinação,1.0
falsa afirmação vídeo mostra apreensão diamante ong,0.0
teich sendo fritado tempo diz colunista uol,1.0
barragem brumadinho explodir terrorista sul americanos,0.0
nove parlamentares apresentaram emenda importar covaxin randolfe,0.0
igreja universal faz tatuagem cruz marcar mão fiéis boato,0.0
george soros morreu duas horas mídia vai noticiar boato,0.0
george soros preso filadélfia interferência eleições presidenciais eua,0.0
vídeo mostra erupção vulcão white island nova zelândia boato,0.0
solidariedade rio,1.0
brasil registra mortes covid aponta consórcio veículos imprensa boletim,1.0
foto governador paulo almoço tirada antes detecção covid,0.0
marco aurélio arquiva notícia crime contra bolsonaro atos pandemia,1.0
maior infectologista brasil alerta pressa doses efeitos colaterais vacina chinesa boato,0.0
stf jogou polícia contra povo hoje manhã mídia divulgou boato,0.0
joão pedro jovem morto polícia posa armas drogas vídeo boato,0.0
audiência pesquisadores dizem pouco dinheiro estudos sobre covid,1.0
sabe sobre mutações novo coronavírus significa combate,1.0
fake pfizer desenvolvido medicamento oral contra covid base hidroxicloroquina,0.0
wallauer quarentena ajuda presente verdade filhos,1.0
prometer vacinação dezembro janeiro realista diz brasileira integra comitê oms contra covid,1.0
anthony wong envenenado china contra vacina boato,0.0
ator broadway pode perder movimentos perna causa coronavírus,1.0
caixão desenterrado investigação sobre fraude seguro vida,0.0
ministério saúde começa minuta contrato adquirir vacina laboratório indiano,1.0
falso urna eletrônica possa infectada vírus altera dados,0.0
foto copar mundo mostrar viajante,0.0
barbie aborto criada artista ironizar política norte americana,0.0
eleições onde estacionar uso ônibus outras dúvidas votar,1.0
frase sobrar estratégia parir traficante atirar jurema werneck,0.0
água torneira testa positivo covid prova pandemia farsa china boato,0.0
estranhar reptilíneo filmar atravessar umar estrar,0.0
roberto jefferson diz covid tomando hidroxicloroquina,1.0
sala lula usa curitiba gabinete exclusivo,0.0
reserva leitos hospitais privados pacientes sus,1.0
bolsonaro muda agenda adia volta brasília vai dormir quartel,1.0
vacinas têm poder controlar epidemia isoladamente afirma dimas covas,1.0
gilmar mendes vira costas hora hino nacional mostra vídeo boato,0.0
ufrj lança site informações sobre prevenção riscos coronavírus,1.0
cesare battisti recebia pensão mil brasil boato,0.0
casal idosos testou positivo covid recebe alta dia,1.0
homem ensacado vivo mexe braços revela farsa mortes pandemia boato,0.0
atividade física interfere prognóstico casos graves covid,1.0
japão enviou milhões máscaras contaminadas coronavírus brasil alerta ibge boato,0.0
fake atriz maria flor recebeu milhões via lei rouanet,0.0
prefeito paulo proibiu hidroxicloroquina usou azitromicina tratamento covid,0.0
flutamida comprovada cura covid boato,0.0
fake capa veja diz fachin anulou condenações lula lava jato após ameaçado presidente,0.0
ruanda país mundo robô parir testagem massa covid,0.0
donos bares restaurantes paulistanos demonstram cautela retomada,1.0
post engana dizer exército construiu ponte horas goiás,0.0
verdade bolsonaro desviar bilião previdência,0.0
novo atacadão novo assaí novo tenda têm vagas emprego site whatsapp boato,0.0
covid total shoppings reabertos sobe todos seguem fechados,1.0
singapura estuda caso bebê nascido anticorpos contra coronavírus,1.0
brasil quase mil mortos covid média óbitos volta ficar abaixo dia,1.0
guilherme boulos dono jatinho particular avião luxo boato,0.0
vídeo enganoso volta circular desacreditar datafolha,0.0
cadastro conecte sus obrigatório vacinar contra covid boato,0.0
comércio rua volta funcionar oficialmente rio,1.0
brasil registra mortes aproxima mil óbitos,1.0
após pressão lewandowski esclarece aplicação garantias negros,1.0
corrente liga erroneamente derramamento óleo vídeo filmado europa,0.0
realmente precisa festa questiona oms após aumento covid jovens,1.0
pix agendado lançamentos futuros recebe golpe feito bandidos boato,0.0
fake laboratório wuhan pfizer propriedade farmacêutica glaxo,0.0
eua cerca anos receberam menos dose vacina,1.0
fake mil ongs amazônia nenhuma nordeste,0.0
governador distrito caracas importante aliado maduro morre covid,1.0
mãe irmão adélio bispar trabalhar gabinete maria rosário,0.0
após polêmica bolsonaro retira artigo previa meses salário,1.0
foto mostra pessoas caídas praça china causa coronavírus boato,0.0
fake filha putin morreu após tomar dose vacina russa contra covid,0.0
rodrigo maia diz twitter desviar dinheiro fundão eleitoral prejudicial democracia boato,0.0
post mistura dados certos errados financiamentos bndes sob,0.0
fake neurocientista britânico concluiu maioria população imune coronavírus distanciamento social inútil,0.0
congresso deve liberar saúde bilhões combate novo coronavírus,1.0
fake foto mostre doria máscara final libertadores maracanã,0.0
presidente honduras internado após diagnosticado covid,1.0
relatório impeachment witzel entregue tribunal misto,1.0
brasileiro cristiano amon novo ceo global qualcomm,1.0
banco preços saúde auxilia compras governamentais insumos medicamentos,1.0
fake criança morta incêndio provocado grupo antifascista estados unidos,0.0
honda montadora suspender produção brasil piora pandemia,1.0
bolsonaro convoca reservistas brasileiros apoiar eua guerra mundial irã boato,0.0
stf fala voz realça decano câmara,1.0
fake resolução determina fim aulas teóricas direção amplia anos prazo cnh,0.0
amamentação importante aliada prevenção câncer mama,1.0
bolsonaro descobre plano bilionário joão doria china brasil fica chocado boato,0.0
eua autoridades dizem novo vírus chinês parece ter sofrido mutação,1.0
bolsonaro posta foto cumprimentando lira após vitória aliado câmara,1.0
rafael moura divulga lista jogadores goiás infectados coronavírus,1.0
foto ministro saúde governador pará máscaras anterior covid,0.0
humberto costa diz podemos admitir atual governo pratique corrupção anteriores boato,0.0
primeiro encontro soubemos filhos casal adotou gêmeos paralisia cerebral,1.0
jumento apreendido brs receber lacre luminoso parir evitar acidente,0.0
primeira morte ligada coronavírus ásia confirmada frança,1.0
cloroquina bolsonaro implementa maior show ilusionismo mundo,1.0
brasil único país acima milhões habitantes saúde universal,0.0
frente prefeitos repudia app bolsa família retira humanidade,1.0
universidade estácio tratamento odontológico grátis site whatsapp boato,0.0
soro obtido cavalos contém anticorpos superpotentes contra coronavírus,1.0
ceasa rio alagado frutas legumes verduras infectados boato,0.0
paes comemora liderança pesquisa critica farsantes prefeitura,1.0
dívida pública federal cai abril tesouro volta gradual normalidade maio,1.0
araújo diz falou índia sobre hidroxicloroquina papel fundamental,1.0
abono disponível site reforma previdência março boato,0.0
cobrada saúde diz reforçará cargas evitar falta oxigênio,1.0
paulo aumento número mortos casos,1.0
vídeo vezar presidente bolsonaro vítima fake news,0.0
itália covid mata mês metade doenças respiratórias matam ano,1.0
internações idosos anos caem após início vacinação,1.0
fake vídeo homem aparece fumando dentro saco mostre fraude mortos pandemia,0.0
médico diz macabro pessoas irem festas recorde mortes,1.0
fake vídeo mostre atendente lotérica furtando auxílio emergencial meio pandemia coronavírus,0.0
lucas precisa mil cirurgia whatsapp vai doar vídeo repassado boato,0.0
abre inquérito apurar nepotismo prefeitura magé,1.0
tuíte engana afirmar vacinas usam células fetos abortados,0.0
maranhão anuncia medidas restritivas frear alta covid estado,1.0
infectologista prevê variante manaus predominante brasil mês,1.0
coronavírus mundo mil mortes milhões casos diz oms,1.0
anvisa concede registro definitivo vacina pfizer contra covid,1.0
indígenas marcham defesa líder yaku pérez equador,1.0
desmatamento cerrado alta,1.0
exame presidente palmeiras detectar coronavírus negativo,1.0
usp desenvolve método descontaminação máscaras hospitalares,1.0
trump diz eua aprender chinês biden ganhar eleições,1.0
caso pazuello eleva tensão generais presidente comando exército historiador,1.0
fake cloroquina distribuída gratuitamente toda europa tratar covid,0.0
norte americana arruma emprego clínica poder visitar marido internado durante pandemia,1.0
fred luz impreciso sobre empregos orçamento rio,0.0
livro discute relação jornalismo populismo digital,1.0
cade manda cielo facebook detalharem estrutura remuneração pagamentos whatsapp,1.0
fake natal zerou pacientes covid internados ctis graças protocolo medicamentos,0.0
repórter aparecida denuncia papa francisco dando golpe amazônia boato,0.0
ministro paulo guedes reúne secretários assessores especiais segundo dia consecutivo,1.0
gripezinha leia íntegra pronunciamento bolsonaro sobre covid,1.0
rede decide apoiar manuela ávila sopro esperança diz marina silva,1.0
vacina brasileira contra covid entra fase testes animais,1.0
goleiro futsal corinthians vai justiça fraude trabalhista,1.0
omisso diz doria sobre bolsonaro após país ter mil mortes covid,1.0
veja hóspedes hotel espanha enfrentam quarentena novo coronavírus,1.0
investigação revela terras protegidas amazônia venda facebook,1.0
máscara causa acúmulo líquido pulmões intoxicação,0.0
mutações deixando coronavírus infeccioso,1.0
luciano hang cria evento compartilhamento prêmios facebook data aniversário boato,0.0
anvisa dias responder sobre importação sputnik julga stf,1.0
homem esfaquear cachorro bar morto facada,0.0
vídeo regina duarte sobre foro privilegiado censurado após passar tarobá boato,0.0
google condenado austrália coletar dados localização android,1.0
chapecó santo catarino esvaziar leito uti tratamento precoce,0.0
msd ajudará fabricar vacinas contra covid johnson johnson,1.0
bolsonaro encaminha toffoli texto afirma pede intervenção militar deve dizer ocupará cadeira presidente,1.0
ministro ciência tecnologia queixa corte verbas,1.0
raí assume gay vai morar zeca camargo boato,0.0
post omite stf fez governo liberar tratamento criança,0.0
zambelli propõe projeto tornar inelegível usuário drogas ilícitas,1.0
índia reabre locais culto centros comerciais,1.0
uefa recomenda campeonatos nacionais suspensos concluídos,1.0
liga campeões deve recomeçar jogo único quartas diz jornal,1.0
usando máscara bolsonaro visita taguatinga tira foto apoiadores,1.0
rancho queimado zerou mortes covid tratamento precoce boato,0.0
amazonas lidera lista pior desempenho combate covid,1.0
bruno exemplo valentia elegância imprensa faltou coragem,1.0
fake mensagem fala sobre convite sociedade brasileira infectologia treinamento sobre vacina suíça,0.0
número mortes diárias covid caiu causa investigação nelson teich sérgio moro boato,0.0
cientistas descobrem nova variante coronavírus mutações,1.0
garimpeiros defendem salles ministério meio ambiente,1.0
ministro queiroga vacina moradora botucatu pesquisa inédita apoiada governo federal,1.0
vacina contra covid butantan entrega novos dados butanvac anvisa,1.0
veja fato fake discurso bolsonaro onu,0.0
falso desembargador recebe salário,0.0
cni ibope reprovam gestão ambiental bolsonaro,1.0
nostradamus prever surtir coronavírus,0.0
gente vai ganhar dois municípios diz bolsonaro sobre rio paulo,1.0
míssil matou general iraniano visto saindo casa bolsonaro diz globo news boato,0.0
fake médicos franceses protestaram descobrir pandemia covid golpe,0.0
perícia lula autêntico arquivo mostra moro instruindo deltan,1.0
policiais brancos prendem homem negro descobrem agente fbi boato,0.0
técnica enfermagem hospital referência morre sintomas covid,1.0
salles araújo destruindo imagem brasil critica maia,1.0
máscaras podem reduzir gravidade covid conclui estudo,1.0
fake atual diretoria anvisa mesma governos,0.0
prefeitos interior litoral contestam plano reabertura governo,1.0
deputar federal flordelis assumir secretariar mulher câmara deputar,0.0
frase enviado oms retirada contexto sugerir entidade condena lockdown,0.0
ato pró silveira placa rua nome parlamentar mártir,1.0
governo precisará liderar retomada econômica diz governador,1.0
reunião governadores pacheco marcada críticas comitê bolsonaro,1.0
bolsonaro rescindiu patrocínio milhões petrobras mclaren boato,0.0
gleisi sede gaviões fiel contratou torcedores dia protesto mostram fotos boato,0.0
fake taxa mortalidade aumentou israel após aplicação vacina pfizer contra covid,0.0
fake mensagem fala doação combustível trabalhadores petrobras meio pandemia,0.0
eua milhões pedidos seguro desemprego,1.0
após ter coronavírus dono leiloa volvo prol hospital salvou,1.0
brasil aplicou segunda dose vacinas contra covid quase milhões pessoas,1.0
fake substâncias presentes vacinas covid podem causar alzheimer fibromialgia,0.0
morre influenciadora ygona moura complicações covid,1.0
mim prioridade combate efeitos pandemia diz ramos,1.0
enganoso vídeo suposto navio venezuelano despejando óleo nordeste,0.0
conselho ética prevê votar caso flordelis terça veja próximos passos,1.0
dallagnol admite fatos vaza jato causa nulidade processos,1.0
câmara discute reabrir conselho ética avaliar mandato flordelis,1.0
jack homem rico china dono brasil ofende brasileiros boato,0.0
juiz arquiva ações orlando joice contra horário eleitoral bolsonaro,1.0
bolsonaro pede caminhoneiros entrarem greve,1.0
trump diz pedirá grande adiamento censo conta covid,1.0
estudo distorce dados dizer países usaram hidroxicloroquina menos mortes covid,0.0
fake imagens mostrem hospital campanha sendo levado enxurrada pacientes dentro,0.0
presidência república registra casos covid servidores,1.0
ministério saúde anuncia apoio psicológico servidores sus,1.0
hora nenhum país atenuar medidas contra coronavírus recomenda diretor geral oms,1.0
empresa diz milhões brasileiros dados celulares expostos,1.0
mulher presa discutir funcionários vídeo mostra dois incidentes diferentes,0.0
vacinas pfizer astrazeneca efetivas contra variante indiana coronavírus após doses diz estudo,1.0
menino pedir minecraft parir avô ganhar natal livrar mein kampf verdade,0.0
fato exército levou remédios internados covid,0.0
walter braga netto chefe casa civil grava áudio sobre papel povo intervenção militar boato,0.0
reação bolsa depende qualidade pacote econômico diz firma global,1.0
registro civil cartórios comprovam epidemia covid brasil boato,0.0
márcio frança acena bolsonaro pdt cogita veto aliança psb,1.0
china comprou vacina empresa sueca porque vacina testada paulo funciona boato,0.0
posts enganam associar bolsonaro aprovação verba filme,0.0
estados sítio defesa adaptados pandemia diz gilmar,1.0
saúde hora bilhão disponível apenas municípios participam programa,1.0
tribunal lava jato anula sentença moro absolve tesoureiro,1.0
irã supera mil mortes causadas novo coronavírus,1.0
fake pessoas assintomáticas podem passar anticorpos outras pessoas torná las imunes novo coronavírus,0.0
postura bruços aumenta oxigenação substitui respiradores contra covid,0.0
setores agro prorrogar desoneração folha vital geração empregos pós pandemia,1.0
lewandowski defende restrições tomar vacina contra covid,1.0
andy jassy novo ceo amazon,1.0
baderneiros petistas atear fogo aldear indígena amazônia,0.0
messi revela surpresa impactos coronavírus aborda novo futebol,1.0
paul mccartney morreu substituído sósia boato,0.0
delegado alex abdalla diz preso descumprir isolamento social pode processar governador policial boato,0.0
coronavírus diz leitos respiradores poucas semanas,1.0
coronavírus melbourne vira cidade fantasma gera angústia moradores,1.0
guedes inventa privatizações modelo keti,1.0
dois sóis apareceram fronteira estados unidos canadá hoje boato,0.0
grupo pede embaixador chinês informações sobre insumos vacina,1.0
casal kombi sabesp cedae uniforme companhia realizando assaltos boato,0.0
termina hoje prazo justificar ausência turno eleições,1.0
governo pedirá passageiros vindos índia façam exame antes,1.0
profissionais saúde idosos institucionalizados primeiros receber doses vacina contra covid,1.0
foto comprovar ministrar alexandre moraes advogar pcc verdade,0.0
barroso diz tse vai tentar julgar crivella antes eleições,1.0
brasil acompanha tendência mundial queda mortes covid,1.0
frente prefeitos anuncia negociação milhões doses sputnik,1.0
ministro britânico saúde nega ter mentido sobre resposta covid,1.0
casos covid eua relatados desde dia eleição,1.0
guerra cultural bolsonaro prejudica combate pandemia diz pesquisador,1.0
projeto prevê casamento pais filhos votado agosto boato,0.0
parlamentares entidades criticam decretos arma assinados bolsonaro,1.0
fake água tônica eficaz contra novo coronavírus,0.0
duque caxias prefeito diz vacinação impecável desafia,1.0
ministério saúde entrega ventiladores pulmonares paraíba,1.0
lula flagrado xingado bar durante quarentena covid mostra vídeo boato,0.0
publicações usam foto empresa privada acusar correios negligência pedir privatização,0.0
paulo guedes diz dará dinheiro carnaval parada gay marchas boato,0.0
aras entra representação contra professor usp criticou,1.0
planalto troca comando inss resposta desgaste benefícios represados,1.0
fake maju coutinho deu entrevista portugal disse trabalha graça queda bolsonaro,0.0
vídeo mostra manifestação contra comunismo argentina durante quarentena boato,0.0
reino unido venda contraceptivos cai pandemia gravidez pode crescer,1.0
fake nóis desmatamento brasil preocupante,0.0
sabemos pouco eficácia hidroxicloroquina diz governo italiano,1.0
quase países europeus detectaram cepa britânica diz oms,1.0
cadeiras rodas cães grátis fabricadas entregues ativista boato,0.0
paulo casos covid toda inglaterra,1.0
atleta poderia entrar greve volta esporte pandemia alta,1.0
camisas usadas platini maradona continham mensagem contra drogas,0.0
apenas governo federal pode determinar fechamento aeroportos diz anac,1.0
auxílio emergencial parcela paga partir sábado diz guedes bolsonaro avalia,1.0
fake cascas laranja limão contenham princípios cloroquina ivermectina curem covid,0.0
fake vídeo mostre animal come cadáveres grita humano,0.0
escola criança desaprende usar garfo volta fralda inglaterra,1.0
lei assinada bolsonaro fevereiro prevê vacinação compulsória diferentemente afirmou,0.0
paul mccartney pede fim mercados animais vivos china medieval,1.0
china registra cinco novos casos coronavírus wuhan origem doença,1.0
fake nóis efeito mandela existir,0.0
fake unidade supermercado mundial fechada rio após funcionários morrerem covid,0.0
vídeo mostra casamento filho dono arroz tio joão boato,0.0
fake vídeo mostre mandetta lado gilmar mendes lisboa,0.0
arraia jamanta gigante filmada junto tubarão campo búzios boato,0.0
aplicativo magalu traz botão denunciar casos violência doméstica,1.0
coronavírus confinamento humanos animais retornam costa,1.0
exame parir casar reinfecção covid birigui,0.0
fake vídeo mostra míssil explosão beirute,0.0
quarentena operadoras decidem prolongar sinal aberto canais pagos,1.0
escolhida produzir urnas eletrônicas positivo comprada chinesa lenovo,0.0
pandemia levou estados implementarem auxílios econômicos próprios estados fecharem rodovias aponta levantamento,1.0
bretas concede liberdade provisória tornozeleira dario messer,1.0
fake vídeo mostre primeira ministra austrália fingindo tomar vacina contra covid,0.0
alerta máximo frio extremo temperaturas baixas últimos anos boato,0.0
tratamento azitromicina ivermectina annita vitamina ida hospital recomendado contra covid boato,0.0
eduardo carlos pagaram dinheiro vivo parte compra imóveis rio,1.0
novo adiamento lei dados gera incerteza jurídica mantém problema falta órgão regulador dizem especialistas,1.0
economistas pesquisadores defendem congresso tributação dividendos,1.0
foto protesto ocorrido dezembro circula maio,0.0
eua ultrapassam milhões infecções covid,1.0
fake mensagem oferece cartão crédito nome supermercados guanabara,0.0
fake vídeo mostre bonecas androide feitas china,0.0
presidente banco central monta plano melhorar tecnologia coaf,1.0
checamos afirmação confinamento forçado violação quarentena alemanha,0.0
pesquisa sobre dias governo bolsonaro divulgada whatsapp boato,0.0
sentimento dever cumprido diz marco aurélio sobre aposentadoria,1.0
general augusto heleno publica texto sobre weintraub trump fbi banco mundial boato,0.0
série secret terrius avisou china iria criar coronavírus arma biológica boato,0.0
cidade italiana abre visitas bunkers alemães guerra mundial,1.0
guedes insiste nova cpmf apoio governo congresso,1.0
estudo italiano verdadeiro pesquisadores propõem uso hidroxicloroquina potencial tratamento covid,0.0
três anos bill gates alertava donald trump sobre riscos pandemia,1.0
falso italo ferreira pediu prisão lula entrega medalha,0.0
fake máscaras tecido ineficazes contra coronavírus apenas trajes cobrindo corpo todo protejam covid,0.0
boulos classe estudou eua criou movimento popular falso boato,0.0
chineses construindo ferrovia ligar mato grosso maranhão,0.0
constituição brasileira permite revogação mandato político assinaturas,0.0
fake mensagem cadastro receber cesta básica programa brasil miséria,0.0
fake homem armado lado josé dirceu foto pai presidente oab,0.0
post atribui maia declaração falsa sobre votações congresso,0.0
rio veta consumo bebidas alcoólicas após ambientes externos,1.0
falso governo federal cortará verbas carnaval,0.0
bilhões liberados compra vacinas covid,1.0
apuração eleição brasileira aberta contrário afirma post,0.0
dispensa documentos empresas pedirem crédito bancos públicos,1.0
pior ainda vir dizem médicos sobre coronavírus índia,1.0
carrefour faz doação sofás comentar foto facebook boato,0.0
facebook twitter alerta posts declarem vitória antecipada eleições eua,1.0
fred astaire rita hayworth dançam forró vídeo boato,0.0
marcelo crivella comemora nascimento neto tristeza passou,1.0
fux acolhe pedido cnbb recomenda juízes especial cautela desocupações,1.0
fake vídeo diz contrato butantan sinovac esconde anvisa dados sobre composição vacina,0.0
guilherme boulos diferenças esquerda menores bolsonaro,1.0
vacina covid governo anuncia outras vacinas brasileiras,1.0
fake weintraub acesso contas ministros stf ocupar cargo diretor banco mundial,0.0
portugal entra situação calamidade devido agravamento pandemia covid europa,1.0
vanguard fabricava vacina covid coronavírus prova armação chineses boato,0.0
vídeo tira contexto frase ana arraes sobre agressão joão campos,0.0
fake reforma previdência acaba seguro desemprego pis licença remunerada,0.0
quatorze infectados coronavírus americanos retirados cruzeiro japão,1.0
exaltar bolsonaro posts exageram impacto doação máquinas israelenses produzem água,0.0
heineken vendendo cerveja premium quality inferior puro malte boato,0.0
falso eua distribuindo ivermectina leite condensado vacinados,0.0
fake escola autistas gonçalo alunos falta procura divulgação,0.0
santa catarina dois leitos uti covid autorizados,1.0
ministros stf aprovaram auxílio pet shop,0.0
investidas moralmente dolosas contra btg sob pretexto combater crime,1.0
magazine luiza fedex interessadas correios diz ministro,1.0
coronavírus uruguai vai reabrir fronteiras turistas europeus,1.0
aspirina suco limão mel curam covid decretam fim coronavírus boato,0.0
covas planeja transição secretário mantiver cargo,1.0
eua prender doutor vender coronavírus parir chino,0.0
méxico registra primeiro caso variante indiana covid,1.0
esquema prevenção hiv injeções eficaz comprimidos mulheres aponta estudo mil voluntárias,1.0
marinha faz apreensão armas baía guanabara durante carnaval boato,0.0
menos programa combate pandemia diz edinho silva,1.0
pazuello diz aqui satisfazer fetiche gazela randolfe boato,0.0
ceará vacinou mil crianças contra paralisia infantil,1.0
alexandre garcia diz torcer contra bolsonaro torcer avião cair boato,0.0
fake imagens mostrem protesto nápoles contra vacina chinesa,0.0
média mortes novo recorde vai acelera todas regiões,1.0
dseis possuem vagas abertas profissionais saúde saneamento,1.0
covid crms abrem sindicâncias prescrição remédios eficácia,1.0
fiocruz identifica variante coronavírus cinco estados,1.0
sinais indicam nova alta dengue brasil,1.0
médica tcheca alemanha descreve imigrantes muçulmanos acabaram país boato,0.0
gestantes puérperas entram grupo risco covid entenda,1.0
texto sobre medo atribuído lewis consta cartas diabo aprendiz,0.0
professora anita bezerra faz relato sobre aluno anos tragédia suzano boato,0.0
fake vídeo mostre criatura similar lobisomem encontrada cidade bahia,0.0
fake foto mostre tacos arame farpado apreendidos polícia atos antifascistas brasil,0.0
governar japão proibir microonda país,0.0
preconceito tempos coronavírus idoso virou palhaço memes,1.0
líder oposição pede prisão primeiro ministro itália,1.0
coca cola testa positivo covid mostra testes falsos boato,0.0
mãe jovem morto jacarezinho posa fuzil mão festa boato,0.0
criticar vacina chinesa bolsonaro mente contradiz medidas governo,0.0
caderneta criança ferramenta importante acompanhamento integral saúde infantil,1.0
bolsa ditadura fhc custa milhões mês governo bolsonaro cancelou boato,0.0
fake foto mostre amígdalas paciente covid,0.0
equador prepara cova coletiva mortos covid guaiaquil,1.0
caminhoneiros vão fazer greve voto impresso setembro parar brasil boato,0.0
coronavírus existia desde china vacinou população boato,0.0
investiga fraudes piauí além secretaria educação,1.0
enfermeiras paraty internadas após receberem vacina chinesa contra covid boato,0.0
verdade desenhar animar the jetsons passar,0.0
coronavírus militares fazem desinfecção estação metrô brasília,1.0
milhões casos novo coronavírus declarados mundo,1.0
new york times chama bolsonaro notório vilão wsj usa tom crítico,1.0
carlos bolsonaro postou foto arma flores minutos após morte marielle boato,0.0
estudo prove usar celular escuro cause câncer olhos,0.0
governadores escondendo vacinas desestabilizar bolsonaro boato,0.0
desenvolvimento regional repassa verba cobrir dívidas ibama icm,1.0
atualizado silvio santos internado suspeita covid,0.0
casa civil braga netto fortalece ala militar governo restringe ação grupo ideológico,1.0
desdém bolsonaro covid tornou brasil indesejado eua europa,1.0
gravação antes morte covid assessor culpa deputado bolsonaro,1.0
fake candidata prefeitura salvador disse bandidos armam medo população,0.0
criador meme papai morreu hoje luto boato,0.0
ufc gilbert durinho elege rivais favoritos caso lute cinturão,1.0
joão doria testou positivo covid novo coronavírus boato,0.0
fake banco mundial classificou brasil melhor país mundo combate covid,0.0
apoiadores presidente exibir faixar hemorroidas,0.0
amazonas recebe mil doses vacinas contra covid,1.0
lei proteção doméstica pune igrejas cultos debatida senado boato,0.0
falso brasil tornado maior exportador mundo,0.0
recebeu união combater pandemia,0.0
piauí bolsonaro sai protocolo monta égua grupo pró vaquejada,1.0
fake foto mostra evo morales pablo escobar chapo,0.0
javali selvagem cheirar cocaína escondido florestar itália,0.0
mensagem falsa diz governo colocará cpf canhotos apostas mega,0.0
amazon presentes páscoa site whatsapp boato,0.0
diretoria hospital stanford divulga mensagem sobre novo coronavírus boato,0.0
professor aumento tentativas deslegitimar urnas eletrônicas,1.0
filho william bonner fátima bernardes solicitou recebeu auxílio emergencial boato,0.0
economia indiana menor crescimento trimestral duas décadas,1.0
bolsonaro diz brasil vacinas gratuitamente uso político,1.0
joão doria tomou vacina pfizer negou tomar coronavac boato,0.0
médico criticado dizer enfermeiros precisam xerecard,1.0
relatório oficial alemanha denuncia pandemia coronavírus alarme falso boato,0.0
saúde alerta pessoas deixaram tomar dose vacina contra covid,1.0
bauducco vagas emprego contrata site whatsapp boato,0.0
jovem leva choque celular carregando morre eletrocutada mostra vídeo boato,0.0
tenet chegará brasil duas semanas eua saiba data,1.0
união deverá doar cestas básicas indígenas fim pandemia,1.0
maia diz caso grave defende decisão câmara sobre wilson santiago,1.0
barros dizer presidente derrotado nessa eleição falácia,1.0
pfizer espera avançar negociação governo após registro anvisa,1.0
lança campanha pró quarentena doria diz sigam presidente,1.0
vamos desenterrar mortos diz carlos wizard sobre recontagem vítimas,1.0
vídeo mostra milagre sol piscando medjugorje boato,0.0
cpf cura covid prova fraude notificação óbitos boato,0.0
camisa lula presidente disponível grátis site whatsapp boato,0.0
saúde lança medidas prevenir coronavírus população indígena,1.0
fake transporte urnas fortaleza aponte fraude eleitoral,0.0
méxico fez vírus imagem mostra covid curada país boato,0.0
randolfe diz cpi covid conseguiu ajuste postura governo,1.0
flávio bolsonaro deve depor mpf sobre vazamento operação furna onça,1.0
mil pessoas assinam petição cancelar olimpíada,1.0
equador descobre cura coronavírus covid ignorar oms fazer autópsias boato,0.0
desistência freixo voto útil esquerda fica turno,1.0
benjamin netanyahu ameaçar atacar líbano horar antar megaexplosão beirute,0.0
assembleia aprova milhões combate coronavírus,1.0
nova cepa covid ataca fígado causa hepatite boato,0.0
prisão cpi suco brasil onde leis valem vez,0.0
prefeitos eleitos ainda aguardam decisão tse assumir mandato,1.0
defesa carol solberg decide recorrer advertência stjd,1.0
post engana comparar falas biden bolsonaro sobre uso máscara,0.0
eua vão liberar uso sangue pacientes recuperados tratar covid,1.0
coronavac matou voluntários vacinas causaram danos neurológicos dna,0.0
barroso diz empresários brasil perde goleada amazônia,1.0
aulas jean wyllys harvard canceladas falta alunos boato,0.0
fake foto mostre homens rindo saquear loja durante protestos morte george floyd,0.0
fake vídeo cemitério prove fraude números covid enterros corpos,0.0
osmar terra usa dados único hospital dizer covid reduzindo,0.0
tcu pede informações sobre ações ministério saúde contra variantes coronavírus,1.0
defesa weintraub quer stf discuta plenário ministros podem agendar depoimento,1.0
pesquisadores butantan combinam técnicas formular vacina,1.0
verdade boneco coronavírus vir fabricar pelar chino,0.0
camilo santana governador ceará participa festa durante quarentena coronavírus boato,0.0
fortes indícios propinas baldy pagas cofres rio,1.0
estados abandonados própria sorte desgoverno diz witzel,1.0
eficácia coronavac idosos questionada justiça boato,0.0
ong médicos fronteiras luta quebra patentes vacinas contra covid questão moral humanitária,1.0
votei primeiro turno posso votar segundo,1.0
luta sobrevivência,1.0
doria critica aglomerações razões celebrar,1.0
reforma previdência muda nada regras aposentadoria pobres mulheres boato,0.0
negociação voltar psl bolsonaro diz decide semana vem,1.0
frase sobrar contagem voto pelar ditador joseph stalin,0.0
álcool gel luvas máscaras roubados posto saúde goiânia,1.0
imagem episódio simpsons sobre ataque congresso eua,0.0
pede tcu abra investigação sobre orçamento secreto,1.0
depoimento wajngarten cai contradições sobre agenda campanhas negociações pfizer,1.0
governo diz veto bolsonaro afetará aquisição vacinas,1.0
ceará mantém decreto isolamento libera atividade física individual,1.0
profissionais saúde dão costas bruno covas chegada hospital mostra vídeo boato,0.0
governo itália vai permitir vacinação empresas,1.0
liberação pontos turísticos rio reabertos agosto,1.0
espanha anula proibição voos itália turismo ainda inviável,1.0
fake alho cru açafrão previnam infecção coronavírus curem covid,0.0
russomanno culpa falta verba reafirma fidelidade bolsonaro,1.0
troca presidência inmetro atende pedido antigo ala militar governo,1.0
fake foto mostra lula bêbado fórum davos suíça,0.0
hospital campanha começa construído pacaembu veja imagens,1.0
evidências van gogh comesse tinta amarela porque iria fazê feliz,0.0
regularização distância posse terra amazônia trilha caos,1.0
doria confirma reajuste pedágios rodovias novembro,1.0
uso mail popularizou china restante mundo,1.0
hospital mortes notifica casos suspeitos diz secretaria,1.0
oms vacinação desafio países grandes populações,1.0
entenda pec orçamento guerra assinada maia deputados,1.0
habibs esfihas grátis compartilhar link whatsapp boato,0.0
fiocruz pedirá anvisa ainda nesta semana autorização uso emergencial vacina oxford importada índia,1.0
anfavea indústria automotiva prepara retomada ritmo menor,1.0
crivella diz reabrirá rio queda curva casos novos leitos,1.0
caminhoneiros farão paralisação dias apoio bolsonaro partir boato,0.0
eua podem precisar vacina contra covid astrazeneca diz fauci,1.0
mst ateou fogo laboratório produz vacina contra meningite,0.0
cinnara leal celebra alta após covid experiência assustadora,1.0
foto mostra mulher afetada tuberculose cutânea sífilis,0.0
usuários verificados twitter fazem pegadinhas posts fakes sobre bbb,1.0
caixa pandemia gera embate eleitoral paulo,1.0
frança prolonga validade documentos estrangeiros meses,1.0
união química vai iniciar produção vacina sputnik exportação,1.0
vacinas contra covid união europeia enfrenta lentidão entrega imunizantes disputa britânicos,1.0
coronavírus imagens nasa mostram queda poluição china meio surto,1.0
pai guilherme boulos dono mansão paulo,0.0
fake ação psol stf quer obrigar escolas adotar ideologia gênero instituir banheiros unissex,0.0
guedes insinua auxílio pode exalta bolsa família,1.0
pesquisa eleitoral paraná pesquisas mostra bolsonaro vence eleições todos estados turno boato,0.0
pastor milton ribeiro aceita convite bolsonaro comando mec,1.0
fake ceasa minas gerais vive desabastecimento meio pandemia coronavírus,0.0
falso vacinas teste brasil passaram fase pré clínica,0.0
técnicos senado avaliam cpi pode investigar estados municípios,1.0
estudo sobre plasma equino fase inicial prova cura covid,0.0
palhaço gigante escola sambar rir janeiro dedo,0.0
espanha volta registrar apenas morte covid horas,1.0
serrana inicia vacinação massa contra covid estudo butantan,1.0
fake cientista assassinado eua após descobrir vacina contra novo coronavírus,0.0
carta bombástica generais braga netto gilberto pimentel postada exarnet boato,0.0
defesa guedes chama leviano irresponsável pedido afastamento,1.0
reino unido entra nível máximo risco contaminação covid,1.0
defesa governador wilson witzel faz novo pedido stf retorno imediato cargo,1.0
senado itália aprova tratamento precoce hidroxicloroquina ivermectina contra covid boato,0.0
foto multidão copacabana feita durante visita papa ato pró bolsonaro,0.0
documento prova fraude eleições comprova vitória bolsonaro turno,0.0
cbf homologar cts grêmio uso var brasileirão,1.0
fake decreto acaba exame oab,0.0
procurador geral denunciou fraude eua questionou voto correio antes eleições,0.0
fake mensagem indica números centros informações estratégicas vigilância saúde acionar exame coronavírus casa,0.0
ministério público investiga lentidão programa reforma agrária,1.0
incia agendamento vacinar outros profissionais ligados saúde,1.0
cientistas afirmam teste rápido detecta coronavírus saliva pode opção barata eficaz,1.0
reinfecção coronavírus veja sabe sobre pacientes contaminados vez,1.0
vídeo mostrar garoto afogar ninguém nado,0.0
saí casa fugida diz carolina iara covereadora vítima atentado,1.0
bolsonaro cobra dívida globo bilhão impostos boato,0.0
governo portaria passou proibir entrada estrangeiros novembro boato,0.0
grau imunização gerada coronavírus enigma cientistas mostram estudos pasteur,1.0
inscrições cursos line sobre prevenção automutilação suicídio prorrogadas,1.0
aluno unb sofre rompimento parte íntima durante protesto contra mec boato,0.0
latam anuncia retomada gradual operações partir junho,1.0
judiciário protagonista porque chamado resolver questões diz presidente amb,1.0
bolívia empresa indiana assinam acordo compra milhões vacinas astrazeneca,1.0
fake eleitor menos anos poderá votar,0.0
filósofo húngaro peter pái pelbart faz texto sobre clima ódio brasil boato,0.0
confirma extinção ação contra alckmin goldman obra rodoanel,1.0
fake cedae fez alerta baixo nível água sistema abastecimento rio,0.0
fala bolsonaro sobre lava jato faz parte operação apagar moro,1.0
chinesa anos pessoa velha curar coronavírus,1.0
prefeito alexandre kalil hostilizado restaurante nova lima durante pandemia boato,0.0
pesquisadores brasileiros usam modelos matemáticos combater pandemia,1.0
meio pandemia enfermeiros ibiúna meses salário,1.0
salles quer mudar meta oficial preservação ambiental amazônia,1.0
promessa trump eua montam hospital guerra maranhão dias,1.0
fake felipe neto atue criar conceito idade fluída aval stf justificar pedofilia,0.0
russomanno fala suposta produtora fantasma boulos rebate pegadinha,1.0
influencer lilian melchert filmar ovni paulo,0.0
paulo guedes critica ação stf contra moro detona glenn diz brasil surreal boato,0.0
meirelles sugere uso bancos públicos recursos bndes chegarem ponta,1.0
rio janeiro casos confirmados coronavírus,1.0
fotos mostram animais feridos mortos causa queimadas amazônia boato,0.0
governo revoga portaria transferia milhões bolsa família comunicação,1.0
mutreta lula acusa globo ter feito eleições,1.0
pequim xangai têm casos coronavírus porque china criou arma biológica boato,0.0
site cadastro receber suspenso deve voltar segunda,1.0
covid pandemia brasil começou três linhagens coronavírus diz pesquisador oxford,1.0
eua chegam mortes passam milhão casos covid,1.0
falso hacker atacado sistema votos tse,0.0
crivella deixa cidade polícia exames iml após preso,1.0
paulo volta ter queda casos internações mortes covid,1.0
dias toffoli diz registrar grupos whatsapp cartório condenado fake news boato,0.0
coronavírus justiça destina bilhões corrupção saúde,1.0
comissão câmara propõe devolver governo permite weintraub escolher reitores,1.0
anti inflamatório reduz risco morte covid segundo estudo,1.0
descoberto tráfico cocaína fab usava embalagens mickey,1.0
número curados coronavírus ultrapassa casos ativos brasil,1.0
colômbia autoriza importação vacina coronavac,1.0
polícia militar paulo presta continência manifestantes pró bolsonaro contra isolamento boato,0.0
vacina oxford reduz transmissão coronavírus garante eficácia primeira dose,1.0
após período sumiço gotinha participa evento novo ministro saúde,1.0
fake vídeo mostre menino morto após prender respiração cair,0.0
prefeito espanhol renuncia após flagrado furando quarentena bêbado,1.0
menino ano cortar pulso goioerê causar momo,0.0
fake foto mostra caetano veloso segurando camiseta frase ofensiva presidente,0.0
ibama exonera chefe fiscalizou madeira nativa país,1.0
ibama vídeo mostra queima controlada incêndio culpar presidente,0.0
metade internados covid menos anos diz fiocruz,1.0
china registra novos casos coronavírus wuhan,1.0
justiça federal suspende parcelas consignados aposentados meses,1.0
laboratórios produzem vacina contra covid isenção responsabilidade civil boato,0.0
ministério saúde implementa rede sequenciamento genético novas cepas coronavírus,1.0
portal publicar notícia ligar explosão jet ski presidente jair bolsonaro,0.0
chuvas impedem desmatamento amazônia,0.0
fake pms paulo prestaram continência manifestantes pró bolsonaro descumpriram ordem doria durante ato,0.0
china anuncia mortos covid,1.0
distribuição massa ivermectina ligada números covid áfrica,0.0
coronavírus empresas estimam corte milhões vagas fim maio,1.0
foto catador recicláveis vestido verde amarelo,0.0
evitar onda covid américa latina deve manter medidas prevenção alerta opas,1.0
bolsonaro sbt míssil soviético alcançar alvo mundo,0.0
coronavírus pessoas curadas brasil,1.0
vídeo retira contexto frase ana arraes sobre agressão neto joão campos,0.0
remdesivir apresenta bons resultados,1.0
fotos mostram tapetes corpus christi feitos alimentos doados porto ferreira boato,0.0
jogador beisebol eua hank aaron morreu causas naturais conta vacina,0.0
lei prevê eleitores podem presos dias próximos pleito exceções,0.0
número mortos coronavírus irã chega diz ministério,1.0
lula vai penitenciária acabou mimimi boato,0.0
covas faz campanha relâmpago minimiza subida boulos pesquisa,1.0
agência europeia medicamentos antecipa decisão sobre vacina moderna,1.0
verdade presidente criar decreto lei criar tribunal constitucional militar,0.0
filho mourão substituiu petista ganhava mil mensais,0.0
pazuello deveria pleitear delação premiada,1.0
homem nunca pisou lua porque tecnologia avançada nunca voltou boato,0.0
longevidade vai depender cada vez tecnologia,1.0
ivo gomes flagrado mãos dadas homem noivo boato,0.0
verdade sobrar notícia falso envolver eleição,0.0
coronavírus cruzeiro retido recife após canadense apresentar sintomas,1.0
boasnotícias pacote ajuda haitianos emoção cura,1.0
furacão atingiu porto seguro eunápolis bahia hoje mostra vídeo boato,0.0
alho água fervida cura novo coronavírus boato,0.0
post engana dizer brasil vacinou população antes alemanha,0.0
pesquisadores ufrn criam novo combustível diesel limpo,1.0
morre integrante time inspirou filme jamaica abaixo zero,1.0
aprovação bolsonaro pandemia depende fãs base lula,1.0
alexandre moraes lendo ameaças feitas contra stf vídeo compartilhado redes,0.0
unicef diz milhões aulas américa latina caribe devido coronavírus alerta risco abandono escolar,1.0
fernando santa cruz pai presidente oab flagrado fuzil lado josé dirceu boato,0.0
minas gerais recebe mil doses vacina contra covid,1.0
modelar nyakim gatwech entrar parir livrar recorde pelar escuro mundo,0.0
fake foto mostra maia abraçado presidente chinês jinping,0.0
falso hospital clínicas paulo pacientes covid,0.0
livro the eyes darkness dean koontz previu coronavírus boato,0.0
caminhoneiro cometer suicídio dever reformar previdência,0.0
fotos observadora oea lula chávez datam presidente costa rica,0.0
capar folhar paulo elogiar presidente jair bolsonaro,0.0
candidato desiste concorrer prefeitura sindrome pós covid,1.0
bruno reis dem prevê vitória primeiro turno salvador,1.0
lula recusou colocar flores memorial vítimas holocausto boato,0.0
centrão incluir recursos fundeb renda cidadã bode sala,1.0
argentinos protestam contra quarentena longa américa latina,1.0
